id,greenhous_temperature_celsius,greenhouse_humidity_percentage,greenhouse_illuminance_lux,online_temperature_celsius,online_humidity_percentage,greenhouse_total_volatile_organic_compounds_ppb,greenhouse_equivalent_co2_ppm,created
366311,13.526131057739258,69.10978698730469,2328.9,4.0,97.0,477.0,1092.3,2021-03-04 12:00:06
366363,13.742694854736328,69.04203796386719,2667.9,3.900000095367432,97.0,462.6,1080.8,2021-03-04 12:10:04
366415,13.846837711334228,69.02342224121094,2306.2,3.900000095367432,97.0,471.0,1093.1,2021-03-04 12:20:05
366467,13.836838510301378,69.06385803222656,1881.555555555556,4.0,97.0,470.3333333333333,1091.7777777777778,2021-03-04 12:30:05
366514,13.74002456665039,69.13267517089844,1590.6,4.0,97.0,465.5,1079.3,2021-03-04 12:40:06
366566,13.698100280761718,69.02677917480469,1993.2,4.099999904632568,98.0,473.5,1095.2,2021-03-04 12:50:05
366618,13.683146572113037,69.00511169433594,1537.4,4.099999904632568,98.0,477.4,1097.9,2021-03-04 13:00:05
366670,13.565058496263292,69.01113043891058,1670.111111111111,4.0,97.0,487.55555555555554,1113.4444444444443,2021-03-04 13:10:03
366717,13.53761339187622,69.01686096191406,1644.6,4.0,97.0,490.3,1109.1,2021-03-04 13:20:05
366769,13.58274211883545,68.94438171386719,2195.9,4.199999809265137,96.0,488.2,1106.7,2021-03-04 13:30:05
366821,13.604817072550455,68.89329867892795,1973.888888888889,4.199999809265137,95.0,515.3333333333334,1152.4444444444443,2021-03-04 13:40:04
366868,13.607576084136962,68.88044738769531,1910.9,4.199999809265137,95.0,516.9,1150.4,2021-03-04 13:50:01
366920,13.593690395355225,68.87953186035156,1893.7,4.400000095367432,95.0,515.1,1145.9,2021-03-04 14:00:06
366972,13.529602527618408,69.04737854003906,1589.8,4.400000095367432,94.0,492.7,1121.0,2021-03-04 14:10:05
367024,13.60570674472385,68.81734127468533,2494.6666666666665,4.400000095367432,94.0,516.0,1152.0,2021-03-04 14:20:05
367071,13.745365142822266,68.70023651123047,2060.1,4.300000190734863,94.0,525.4,1166.7,2021-03-04 14:30:03
367123,13.648699378967285,68.85740661621094,1657.6,4.199999809265137,95.0,506.6,1136.5,2021-03-04 14:40:03
367175,13.785420036315918,68.67124404907227,2701.4,4.199999809265137,95.0,502.9,1137.6,2021-03-04 14:50:05
367227,14.038596789042154,68.38229115804036,3164.333333333333,4.300000190734863,95.0,509.1111111111111,1147.4444444444443,2021-03-04 15:00:06
367274,14.181429862976074,68.25330047607422,2753.8,4.599999904632568,92.0,503.1,1136.4,2021-03-04 15:10:04
367326,14.07434959411621,68.25574188232422,1919.7,4.699999809265137,90.0,514.3,1149.2,2021-03-04 15:20:03
367378,14.029755020141602,68.19836730957032,2562.1,4.699999809265137,90.0,501.4,1125.7,2021-03-04 15:30:05
367430,14.226706610785593,68.02997504340277,3102.1111111111118,4.800000190734863,88.0,500.77777777777777,1129.7777777777778,2021-03-04 15:40:05
367477,14.39932851791382,68.01556396484375,2927.8,4.800000190734863,88.0,489.9,1119.5,2021-03-04 15:50:03
367529,14.389181423187257,68.08285522460938,2096.2,4.800000190734863,86.0,479.2,1105.4,2021-03-04 16:00:05
367581,14.280232048034668,68.15228271484375,2210.9,4.800000190734863,84.0,463.3,1076.0,2021-03-04 16:10:05
367633,14.346277978685167,67.88433837890625,2720.6666666666665,4.800000190734863,85.0,477.22222222222223,1100.7777777777778,2021-03-04 16:20:04
367680,14.224689102172851,67.94796752929688,1969.8,4.800000190734863,85.0,469.3,1083.7,2021-03-04 16:30:04
367732,14.14351110458374,67.9871826171875,2265.2,4.699999809265137,86.0,457.8,1069.8,2021-03-04 16:40:04
367784,14.014534282684329,68.1513671875,1578.4,4.800000190734863,87.0,449.0,1065.6,2021-03-04 16:50:05
367836,13.76473977830675,68.27615441216363,1172.2222222222222,4.800000190734863,87.0,465.8888888888889,1073.888888888889,2021-03-04 17:00:06
367883,13.481803607940671,68.52933502197266,843.2,4.800000190734863,90.0,458.6,1054.7,2021-03-04 17:10:04
367935,13.252422428131103,68.88609237670899,661.6,4.800000190734863,90.0,432.5,1012.8,2021-03-04 17:20:03
367987,13.0494779586792,69.16441421508789,421.9,4.800000190734863,90.0,434.7,1018.7,2021-03-04 17:30:06
373609,38.15107303195529,40.000339084201386,20594.11111111111,4.900000095367432,50.0,1798.888888888889,3333.4444444444443,2021-03-05 12:00:07
373656,41.10421905517578,37.47188568115234,22754.0,4.800000190734863,47.0,1982.1,3673.1,2021-03-05 12:10:03
373708,43.83810195922852,35.375905990600586,16686.5,5.300000190734863,46.0,2111.7,3904.2,2021-03-05 12:20:04
373760,46.21042137145996,33.159228515625,0.0,5.300000190734863,46.0,2227.0,4083.2,2021-03-05 12:30:04
373812,47.80193837483724,31.74927732679579,0.0,5.599999904632568,44.0,2321.777777777778,4231.555555555556,2021-03-05 12:40:04
373859,48.67673759460449,30.592202758789064,8501.4,5.699999809265137,45.0,2374.0,4187.8,2021-03-05 12:50:02
373911,46.74849319458008,30.759136390686034,17006.1,5.699999809265137,45.0,2183.1,3720.5,2021-03-05 13:00:07
373963,42.75635147094727,32.18127727508545,13152.1,5.599999904632568,43.0,1920.6,3087.4,2021-03-05 13:10:05
374015,37.72322633531358,34.179530673556854,6361.333333333333,5.599999904632568,43.0,1475.7777777777778,2160.777777777778,2021-03-05 13:20:03
374062,31.53856716156006,37.597619247436526,3817.1,6.300000190734863,39.0,987.5,1470.4,2021-03-05 13:30:06
374114,26.78885307312012,41.520714569091794,3271.9,6.0,38.0,685.7,1295.3,2021-03-05 13:40:05
374166,23.430113983154296,45.04829483032226,3040.7,6.0,37.0,616.2,1197.6,2021-03-05 13:50:04
374218,21.16956180996365,47.18072509765625,3249.1111111111118,6.0,37.0,594.7777777777778,1153.6666666666667,2021-03-05 14:00:06
374265,19.867360877990723,48.89738311767578,4243.4,6.199999809265137,38.0,580.6,1144.1,2021-03-05 14:10:05
374317,18.7631799697876,50.300602722167966,3224.3,6.199999809265137,36.0,579.0,1131.4,2021-03-05 14:20:04
374369,17.808537483215332,51.81490783691406,2898.5,6.199999809265137,36.0,562.0,1108.6,2021-03-05 14:30:04
374421,17.177716573079426,52.79485872056749,2949.6666666666665,6.599999904632568,36.0,553.6666666666666,1101.7777777777778,2021-03-05 14:40:03
374468,16.704623413085937,53.36797180175781,2945.4,6.300000190734863,36.0,556.4,1102.8,2021-03-05 14:50:05
374520,16.3935302734375,53.98260459899903,3197.1,6.300000190734863,36.0,554.0,1104.2,2021-03-05 15:00:09
374572,16.29980125427246,54.230564498901366,3687.6,6.5,37.0,562.4,1115.3,2021-03-05 15:10:05
374624,16.188508139716255,54.50200398763021,3096.0,6.5,36.0,560.0,1122.888888888889,2021-03-05 15:20:03
374671,15.851720428466797,54.69291152954101,2668.3,6.5,36.0,561.6,1112.2,2021-03-05 15:30:04
374723,15.529411792755129,55.31593780517578,2698.3,6.400000095367432,37.0,553.0,1107.2,2021-03-05 15:40:06
374775,15.442092037200927,55.6615550994873,3365.1,6.599999904632568,35.0,555.5,1112.5,2021-03-05 15:50:03
374827,15.331332842508951,56.03841866387261,2810.555555555556,6.900000095367432,39.0,558.5555555555555,1123.4444444444443,2021-03-05 16:00:08
374874,15.19615478515625,56.282292175292966,2433.0,6.599999904632568,42.0,558.0,1123.2,2021-03-05 16:10:04
374926,14.925383472442627,56.48462677001953,2506.5,6.5,46.0,552.0,1107.6,2021-03-05 16:20:04
374978,14.606011962890625,57.03837623596191,1928.4,6.5,46.0,543.2,1089.6,2021-03-05 16:30:03
375030,14.307706620958117,57.41003629896376,1810.7777777777776,6.400000095367432,44.0,535.4444444444445,1081.7777777777778,2021-03-05 16:40:04
375077,14.050761858622232,57.68791919284397,1711.4444444444443,6.199999809265137,44.0,533.1111111111111,1079.3333333333333,2021-03-05 16:50:05
375124,13.790760707855224,57.88830451965332,1582.2,6.199999809265137,44.0,532.6,1072.9,2021-03-05 17:00:05
375176,13.546158504486083,58.22400207519532,1459.7,6.0,46.0,524.2,1056.8,2021-03-05 17:10:04
375228,13.332146644592283,58.47172419230143,1329.6666666666667,6.0,49.0,517.8888888888889,1045.0,2021-03-05 17:20:03
375275,13.116235828399658,58.878767013549805,1181.5,5.800000190734863,49.0,505.0,1028.5,2021-03-05 17:30:05
380892,36.99885520935059,39.80712623596192,9956.0,5.699999809265137,54.0,1882.4,3077.3,2021-03-06 12:00:06
380944,34.90665245056152,40.11367950439453,5973.1,5.300000190734863,54.0,1625.4,2512.1,2021-03-06 12:10:03
380996,34.849507904052736,39.38200950622559,11556.6,5.199999809265137,53.0,1501.8,2372.4,2021-03-06 12:20:04
381048,31.54497612847222,41.63661448160807,7510.222222222223,5.199999809265137,53.0,1260.0,1856.2222222222224,2021-03-06 12:30:04
381095,28.994010734558103,42.75883026123047,7345.0,6.199999809265137,54.0,974.5,1497.9,2021-03-06 12:40:02
381147,26.50766773223877,44.638285064697264,8785.2,6.300000190734863,52.0,748.7,1395.7,2021-03-06 12:50:03
381199,25.17208777533637,46.01171578301324,8002.0,6.300000190734863,52.0,707.4444444444445,1372.888888888889,2021-03-06 13:00:06
381246,24.485427856445312,46.92423896789551,9722.7,5.400000095367432,56.0,688.7,1362.0,2021-03-06 13:10:00
381298,24.0624475479126,47.949187469482425,8579.5,5.199999809265137,54.0,692.8,1367.6,2021-03-06 13:20:04
381350,23.82986183166504,48.67399063110352,8964.4,5.199999809265137,54.0,717.6,1395.5,2021-03-06 13:30:05
381402,24.14042110443115,48.95048484802246,9767.8,6.5,53.0,823.7,1456.3,2021-03-06 13:40:06
381454,24.15261544121636,49.37276924981011,9294.333333333334,6.300000190734863,53.0,864.5555555555555,1474.0,2021-03-06 13:50:04
381501,23.586594772338863,50.04654006958008,6748.5,6.300000190734863,53.0,807.5,1436.7,2021-03-06 14:00:05
381553,23.36282157897949,50.03494300842285,9952.5,6.699999809265137,49.0,712.7,1409.6,2021-03-06 14:10:05
381605,23.476310348510744,50.11505317687988,9395.1,6.599999904632568,49.0,745.3,1420.4,2021-03-06 14:20:05
381657,23.166967391967773,50.28932825724284,7996.444444444444,6.599999904632568,49.0,706.7777777777778,1396.7777777777778,2021-03-06 14:30:06
381704,21.735523223876957,51.43801002502441,4703.5,6.400000095367432,50.0,658.5,1311.1,2021-03-06 14:40:05
381756,20.86277092827691,52.18212466769748,6568.222222222223,6.599999904632568,49.0,640.3333333333334,1278.888888888889,2021-03-06 14:50:03
381803,20.336715698242188,52.76230663723416,5069.333333333333,6.599999904632568,49.0,645.4444444444445,1279.7777777777778,2021-03-06 15:00:06
381850,19.1303503036499,53.55504684448242,3400.2,6.0,50.0,626.0,1228.1,2021-03-06 15:10:03
381902,17.935377883911134,52.82597045898437,3189.3,6.0,53.0,654.4,1227.6,2021-03-06 15:20:03
381954,16.951094818115234,54.229648208618165,2866.2,6.0,53.0,618.0,1167.4,2021-03-06 15:30:05
382006,16.184354464213055,55.44382603963216,2600.4444444444443,6.699999809265137,52.0,593.1111111111111,1127.0,2021-03-06 15:40:03
382053,15.588871002197266,56.34326044718424,2492.6666666666665,6.5,50.0,575.7777777777778,1100.6666666666667,2021-03-06 15:50:05
382100,15.10189208984375,57.07011489868164,2379.1,6.5,50.0,566.0,1092.3,2021-03-06 16:00:09
382152,14.75009102291531,57.61213260226779,2250.4444444444443,6.400000095367432,51.0,555.8888888888889,1083.6666666666667,2021-03-06 16:10:03
382199,14.477569198608398,58.07385368347168,2144.7,6.5,52.0,553.1,1073.3,2021-03-06 16:20:03
382251,14.216143989562989,58.43915481567383,2011.3,6.5,52.0,556.0,1077.5,2021-03-06 16:30:06
382303,13.995040798187256,58.68162078857422,1874.4,6.400000095367432,52.0,552.5,1071.4,2021-03-06 16:40:04
382355,13.78847599029541,58.95475684271919,1770.4444444444443,6.300000190734863,51.0,547.5555555555555,1064.7777777777778,2021-03-06 16:50:04
382402,13.611848640441895,59.171129608154295,1656.2,6.300000190734863,51.0,550.0,1066.6,2021-03-06 17:00:06
382454,13.446555233001709,59.6488899230957,1546.1,6.199999809265137,51.0,528.4,1037.8,2021-03-06 17:10:04
382506,13.291943359375,60.16128768920898,1396.2,6.099999904632568,53.0,505.8,1001.4,2021-03-06 17:20:05
382558,13.106355667114258,60.44742923312717,1234.2222222222222,6.099999904632568,53.0,493.8888888888889,991.3333333333334,2021-03-06 17:30:05
388160,38.1903564453125,39.534446716308594,14162.0,5.0,56.0,2187.8,3280.0,2021-03-07 12:00:05
388212,34.42118759155274,40.88883819580078,10308.3,5.400000095367432,53.0,1804.0,2452.9,2021-03-07 12:10:03
388264,31.16489919026693,42.60301971435547,8734.888888888889,5.199999809265137,53.0,1457.7777777777778,1834.2222222222224,2021-03-07 12:20:03
388311,28.520294189453125,44.52750396728516,8433.0,5.199999809265137,53.0,1217.2,1520.4,2021-03-07 12:30:04
388363,27.172045135498045,45.73937568664551,10753.9,5.900000095367432,53.0,1108.3,1479.3,2021-03-07 12:40:04
388415,26.234493255615234,47.05363578796387,10391.3,5.900000095367432,53.0,1056.5,1464.9,2021-03-07 12:50:04
388467,27.633537504408096,46.5769771999783,13988.0,5.900000095367432,53.0,1181.2222222222222,1615.4444444444443,2021-03-07 13:00:05
388514,27.1456090927124,47.28450469970703,11092.5,5.5,52.0,1229.6,1588.8,2021-03-07 13:10:03
388566,26.322880935668945,47.85000419616699,10326.0,5.5,52.0,1185.6,1534.2,2021-03-07 13:20:03
388618,25.750696182250977,48.3918890953064,10165.625,5.5,52.0,1112.0,1503.375,2021-03-07 13:30:05
388660,25.024834060668944,48.831005859375,9658.5,5.699999809265137,53.0,1022.4,1453.3,2021-03-07 13:40:04
388712,24.571946144104004,49.465018844604494,9572.9,5.800000190734863,51.0,999.8,1446.3,2021-03-07 13:50:05
388764,23.948958587646484,50.37369346618652,7809.0,5.800000190734863,51.0,977.8,1431.3,2021-03-07 14:00:05
388816,23.354484134250217,50.83407508002387,7882.888888888889,6.400000095367432,49.0,914.5555555555557,1402.0,2021-03-07 14:10:05
388863,22.7363618850708,51.76592712402344,7055.0,6.199999809265137,52.0,837.3,1369.1,2021-03-07 14:20:04
388915,22.014275868733723,52.32844246758355,6345.888888888889,6.199999809265137,52.0,828.2222222222222,1357.4444444444443,2021-03-07 14:30:04
388962,21.18570213317871,53.13115119934082,4727.9,6.099999904632568,51.0,764.4,1325.9,2021-03-07 14:40:05
389014,20.29310056898329,53.85485288831923,4302.555555555556,6.5,52.0,701.3333333333334,1284.5555555555557,2021-03-07 14:50:04
389061,19.848668479919432,54.3486686706543,5435.7,6.5,52.0,685.2,1263.8,2021-03-07 15:00:07
389113,20.09086742401123,54.50003852844238,7331.8,5.400000095367432,54.0,690.1,1291.6,2021-03-07 15:10:03
389165,19.970168685913087,55.084611129760745,5221.0,5.900000095367432,53.0,691.9,1290.9,2021-03-07 15:20:03
389217,19.463073253631592,55.53006029129028,4064.625,5.900000095367432,53.0,680.25,1266.375,2021-03-07 15:30:05
389259,19.107385635375977,55.82467269897461,5200.9,5.699999809265137,51.0,675.8,1253.7,2021-03-07 15:40:05
389311,19.067864608764648,55.9618522644043,5267.4,5.599999904632568,52.0,679.0,1261.6,2021-03-07 15:50:04
389363,18.77487013075087,56.291039360894096,4351.777777777777,5.800000190734863,50.0,679.0,1255.3333333333333,2021-03-07 16:00:08
389410,18.509765815734863,56.448463439941406,4315.0,5.699999809265137,53.0,673.6,1242.6,2021-03-07 16:10:03
389462,18.20187702178955,56.57969055175781,3779.4,6.199999809265137,57.0,669.1,1231.2,2021-03-07 16:20:03
389514,17.76234073638916,57.29488067626953,3094.8,6.199999809265137,57.0,642.0,1189.8,2021-03-07 16:30:05
389566,17.412705527411568,57.93121592203776,2913.4444444444443,5.199999809265137,61.0,625.2222222222222,1158.888888888889,2021-03-07 16:40:04
389613,17.078914430406357,58.30353630913629,2603.8888888888887,5.0,60.0,621.8888888888889,1147.5555555555557,2021-03-07 16:50:04
389660,16.633325576782227,58.6782642364502,2167.2,5.0,60.0,618.9,1140.3,2021-03-07 17:00:07
389712,16.235446739196778,58.78950233459473,2105.3,5.0,59.0,630.6,1148.0,2021-03-07 17:10:05
389764,15.80516783396403,59.14651234944662,1652.2222222222222,4.900000095367432,59.0,624.8888888888889,1135.111111111111,2021-03-07 17:20:03
389811,15.34649419784546,59.63012161254883,1329.5,4.900000095367432,59.0,616.5,1113.2,2021-03-07 17:30:06
389863,14.8970778465271,60.22125511169433,1078.4,4.800000190734863,58.0,592.0,1071.0,2021-03-07 17:40:03
389915,14.476501178741454,60.60471496582032,839.5,4.800000190734863,58.0,584.0,1057.2,2021-03-07 17:50:03
395423,40.79173109266493,38.60159513685439,20508.666666666668,6.900000095367432,58.0,2333.333333333333,3646.6666666666665,2021-03-08 12:00:06
395470,42.25352821350098,37.06950492858887,17479.9,7.300000190734863,57.0,2406.3,3743.9,2021-03-08 12:10:00
395522,46.05580978393554,34.44968338012696,0.0,7.800000190734863,58.0,2634.3,4214.5,2021-03-08 12:20:04
395574,48.84470100402832,32.303044128417966,0.0,7.800000190734863,58.0,2852.6,4516.4,2021-03-08 12:30:03
395626,49.989738082885744,31.20408954620361,17262.3,7.900000095367432,55.0,2981.4,4638.8,2021-03-08 12:40:04
395678,49.23679521348741,31.664165920681423,18363.0,8.5,54.0,2946.4444444444443,4526.444444444444,2021-03-08 12:50:03
395725,45.932173538208005,33.777828216552734,17953.4,8.5,54.0,2843.7,4180.4,2021-03-08 13:00:05
395777,45.16418647766113,33.69878730773926,18716.3,8.100000381469727,52.0,2723.6,3883.5,2021-03-08 13:10:05
395829,41.64326943291558,35.10829628838433,11510.777777777776,8.399999618530273,51.0,2421.6666666666665,3237.1111111111118,2021-03-08 13:20:06
395876,36.65945663452148,37.92339973449707,8258.8,8.399999618530273,51.0,1971.4,2391.9,2021-03-08 13:30:00
395928,32.594415473937985,40.92393341064453,8053.3,8.699999809265137,50.0,1606.7,1816.8,2021-03-08 13:40:04
395980,29.813267707824707,43.55703086853028,7660.5,8.600000381469727,49.0,1396.8,1544.2,2021-03-08 13:50:04
396032,27.79375754462348,45.31658257378472,6985.666666666667,8.600000381469727,49.0,1210.7777777777778,1451.7777777777778,2021-03-08 14:00:06
396079,26.192835807800293,46.678110885620114,6486.9,8.699999809265137,49.0,1133.7,1411.2,2021-03-08 14:10:06
396131,24.523346138000488,48.53269271850586,5622.6,8.800000190734863,50.0,973.3,1339.7,2021-03-08 14:20:06
396183,23.39913749694824,49.42015686035156,5800.1,8.800000190734863,50.0,915.5,1313.6,2021-03-08 14:30:05
396235,22.65693473815918,50.19099214341905,6299.444444444444,8.800000190734863,49.0,890.5555555555555,1302.888888888889,2021-03-08 14:40:05
396282,22.49469757080078,50.7197681427002,7342.6,8.899999618530273,50.0,922.0,1323.2,2021-03-08 14:50:04
396334,22.339017486572267,51.82436828613281,6941.4,8.899999618530273,50.0,889.5,1326.7,2021-03-08 15:00:06
396386,22.050889205932616,52.31433601379395,5953.5,8.899999618530273,51.0,869.4,1321.2,2021-03-08 15:10:05
396438,21.741308848063152,52.391343434651695,6232.444444444444,9.199999809265137,51.0,865.1111111111111,1318.888888888889,2021-03-08 15:20:03
396485,21.55153694152832,52.79209632873536,6244.1,8.699999809265137,51.0,852.4,1312.6,2021-03-08 15:30:05
396537,21.34138240814209,53.50179328918457,5378.2,8.699999809265137,51.0,795.7,1299.7,2021-03-08 15:40:04
396589,21.069543075561523,53.65789260864258,5656.9,9.0,51.0,794.1,1294.7,2021-03-08 15:50:04
396641,20.95919926961263,54.05474599202474,5546.0,9.0,51.0,770.5555555555555,1291.5555555555557,2021-03-08 16:00:07
396688,20.874875831604005,54.41138343811035,5286.8,9.100000381469728,50.0,771.9,1296.9,2021-03-08 16:10:05
396740,20.6073091506958,54.39749641418457,4621.4,8.899999618530273,52.0,817.1,1310.8,2021-03-08 16:20:04
396792,20.24147372775608,54.91230350070529,3932.6666666666665,8.899999618530273,52.0,784.8888888888889,1289.5555555555557,2021-03-08 16:30:05
396839,19.771496391296388,55.53521041870117,3447.2,8.600000381469727,52.0,696.7,1254.1,2021-03-08 16:40:04
396891,19.286297416687013,55.90203666687012,3010.2,8.100000381469727,54.0,685.4,1234.5,2021-03-08 16:50:03
396943,18.800831413269044,56.449073028564456,2578.9,8.100000381469727,54.0,670.6,1207.5,2021-03-08 17:00:06
396995,18.38055144415961,57.018387688530815,2405.6666666666665,7.800000190734863,56.0,664.3333333333334,1199.2222222222222,2021-03-08 17:10:03
397042,17.960211753845215,57.63561401367188,2005.5,7.599999904632568,57.0,650.5,1170.3,2021-03-08 17:20:03
397094,17.507591438293456,58.21988296508789,1612.6,7.599999904632568,57.0,640.3,1149.2,2021-03-08 17:30:04
397146,17.046574062771267,58.58752314249674,1154.6666666666667,7.400000095367432,59.0,634.1111111111111,1133.2222222222222,2021-03-08 17:40:04
397193,16.555619049072266,59.01106224060059,814.4,7.300000190734863,60.0,626.2,1116.4,2021-03-08 17:50:03
402716,20.69246270921495,60.25838640001085,3973.6666666666665,7.099999904632568,93.0,907.5555555555557,1415.7777777777778,2021-03-09 12:00:08
402763,20.622263145446777,59.31471672058105,8509.3,7.900000095367432,80.0,907.1,1411.5,2021-03-09 12:10:05
402815,21.009994506835938,58.72800788879395,10064.6,7.599999904632568,80.0,891.2,1444.7,2021-03-09 12:20:04
402867,24.22400245666504,55.43526382446289,11968.5,7.599999904632568,80.0,1085.9,1870.3,2021-03-09 12:30:06
402919,30.196459664238823,51.11331558227539,14189.333333333334,7.800000190734863,81.0,1522.6666666666667,2681.0,2021-03-09 12:40:04
402966,28.44045181274414,52.0,9334.3,7.800000190734863,79.0,1494.6,2321.5,2021-03-09 12:50:04
403018,27.16243209838867,51.87365531921387,9074.6,7.800000190734863,79.0,1404.0,2004.8,2021-03-09 13:00:08
403070,25.92259864807129,52.46860466003418,10356.9,8.100000381469727,74.0,1362.1,1828.8,2021-03-09 13:10:06
403122,25.749175389607743,52.40236324734158,12771.444444444443,7.900000095367432,72.0,1357.2222222222222,1825.555555555556,2021-03-09 13:20:04
403169,27.173647689819337,51.68337516784668,15570.9,7.900000095367432,72.0,1543.3,2183.1,2021-03-09 13:30:06
403221,27.75070571899414,51.30754508972168,12954.6,8.699999809265137,71.0,1585.2,2232.1,2021-03-09 13:40:05
403273,27.22465076446533,51.16731491088867,12830.3,8.300000190734863,72.0,1544.3,2098.0,2021-03-09 13:50:04
403325,27.030636893378365,51.308292388916016,11684.555555555557,8.300000190734863,73.0,1610.2222222222222,2166.333333333333,2021-03-09 14:00:07
403372,26.62169075012207,51.554894638061526,10490.6,8.100000381469727,72.0,1544.5,2044.8,2021-03-09 14:10:06
403424,25.60456237792969,52.24170265197754,10253.0,7.900000095367432,73.0,1454.4,1845.1,2021-03-09 14:20:05
403476,24.7441822052002,53.29457550048828,5825.6,7.900000095367432,73.0,1410.3,1767.3,2021-03-09 14:30:04
403528,22.531132804022896,54.81108474731445,2022.2222222222224,7.599999904632568,73.0,1358.3333333333333,1566.4444444444443,2021-03-09 14:40:04
403575,20.85885410308838,56.30502777099609,2141.0,7.900000095367432,73.0,1176.9,1456.5,2021-03-09 14:50:06
403627,19.91783027648926,57.502861404418944,3316.0,7.900000095367432,73.0,1052.8,1407.9,2021-03-09 15:00:08
403679,19.33676681518555,58.423590087890624,3859.4,7.300000190734863,80.0,1039.3,1397.9,2021-03-09 15:10:06
403731,19.75695758395725,58.50614208645291,5904.777777777777,7.0,82.0,1086.4444444444443,1442.0,2021-03-09 15:20:04
403778,19.35252170562744,59.157243728637695,3008.2,7.0,82.0,1159.9,1462.0,2021-03-09 15:30:06
403830,18.797894287109376,59.38429794311524,2882.2,6.699999809265137,83.0,1252.8,1481.1,2021-03-09 15:40:05
403882,18.4560920715332,59.783016204833984,3187.7,6.900000095367432,83.0,1217.0,1465.6,2021-03-09 15:50:04
403934,18.16929880777995,60.30704540676541,2764.8888888888887,6.900000095367432,83.0,1156.0,1440.888888888889,2021-03-09 16:00:08
403981,17.840848541259767,60.77592163085937,2316.1,7.199999809265137,79.0,1153.6,1434.9,2021-03-09 16:10:04
404033,17.652856826782227,61.01182556152344,3029.8,7.199999809265137,74.0,1083.1,1415.0,2021-03-09 16:20:05
404085,17.611466789245604,60.96406555175781,3000.7,7.199999809265137,74.0,1187.9,1456.3,2021-03-09 16:30:07
404137,17.383331934611004,61.10136244032118,2437.0,7.0,74.0,1236.4444444444443,1470.111111111111,2021-03-09 16:40:04
404184,17.08861675262451,61.53917770385742,1825.1,7.0,72.0,1181.1,1435.0,2021-03-09 16:50:03
404236,16.756961822509766,61.91912689208984,1644.8,7.0,72.0,1179.3,1432.4,2021-03-09 17:00:05
404288,16.511914359198677,62.31682883368598,1555.7777777777778,6.900000095367432,73.0,1122.4444444444443,1411.6666666666667,2021-03-09 17:10:05
404335,16.297101762559677,62.69169108072917,1397.3333333333333,6.900000095367432,72.0,992.3333333333334,1358.888888888889,2021-03-09 17:20:03
404382,16.04318313598633,63.2822151184082,1002.6,6.900000095367432,72.0,721.0,1253.5,2021-03-09 17:30:06
404434,15.789442592196997,63.85917621188693,725.1111111111111,6.800000190734863,74.0,647.5555555555555,1186.111111111111,2021-03-09 17:40:04
404481,15.54997329711914,64.27832489013672,594.8,6.800000190734863,73.0,618.3,1133.7,2021-03-09 17:50:04
409989,23.114213752746583,58.90943717956543,10316.6,7.5,71.0,1748.1,2475.3,2021-03-10 12:00:02
410041,24.01598358154297,57.382315444946286,12463.3,7.699999809265137,71.0,1753.9,2516.4,2021-03-10 12:10:04
410093,25.04592990875244,56.528114318847656,12702.3,7.900000095367432,69.0,1793.5,2566.7,2021-03-10 12:20:05
410145,25.968142827351887,55.65389166937934,12838.555555555557,7.900000095367432,69.0,1676.4444444444443,2512.0,2021-03-10 12:30:05
410192,26.027483410305447,55.06709755791558,11021.666666666666,8.5,69.0,1643.111111111111,2361.6666666666665,2021-03-10 12:40:01
410239,25.80910987854004,54.57480697631836,10663.4,8.800000190734863,67.0,1637.6,2306.1,2021-03-10 12:50:04
410291,25.52231616973877,54.502632522583006,10354.8,8.800000190734863,67.0,1729.9,2348.2,2021-03-10 13:00:07
410343,25.53080198499892,54.1156128777398,10771.111111111111,9.600000381469728,65.0,1691.2222222222222,2310.1111111111118,2021-03-10 13:10:04
410390,25.155947113037108,54.523689651489256,9153.7,9.899999618530272,60.0,1619.4,2171.2,2021-03-10 13:20:04
410442,24.656862831115724,54.524910354614256,8680.8,9.899999618530272,60.0,1681.0,2204.0,2021-03-10 13:30:05
410494,24.05470371246338,54.926070022583005,7411.7,10.199999809265137,57.0,1595.9,2043.9,2021-03-10 13:40:04
410546,23.760670555962456,54.906539069281685,8479.666666666666,10.100000381469728,55.0,1631.5555555555557,2059.555555555556,2021-03-10 13:50:04
410593,23.7131685256958,55.152360916137695,8484.7,10.100000381469728,55.0,1664.9,2108.7,2021-03-10 14:00:06
410645,23.56736850738525,55.33974266052246,7681.9,10.199999809265137,56.0,1514.1,1905.8,2021-03-10 14:10:04
410697,23.194056510925293,55.43892517089844,6812.8,10.100000381469728,56.0,1377.4,1683.6,2021-03-10 14:20:05
410749,22.76671494377984,55.64982223510742,6146.666666666667,10.100000381469728,56.0,1302.6666666666667,1569.7777777777778,2021-03-10 14:30:05
410796,22.363050270080567,55.87380828857422,6141.4,10.100000381469728,56.0,1257.6,1532.2,2021-03-10 14:40:04
410848,22.12672615051269,56.06790275573731,6042.0,10.100000381469728,56.0,1238.2,1526.8,2021-03-10 14:50:04
410900,21.95582523345947,56.4034481048584,5999.0,10.100000381469728,56.0,1361.8,1643.6,2021-03-10 15:00:06
410952,21.57396782769097,56.94327926635742,4391.444444444444,10.100000381469728,58.0,1307.2222222222222,1550.888888888889,2021-03-10 15:10:05
410999,21.0807580947876,57.29655838012695,4226.2,10.300000190734863,57.0,1141.9,1472.0,2021-03-10 15:20:04
411051,20.84229850769043,57.07179298400879,4834.8,10.300000190734863,57.0,1119.5,1460.2,2021-03-10 15:30:07
411103,20.69676513671875,57.14351119995117,4364.9,10.300000190734863,57.0,1155.6,1473.8,2021-03-10 15:40:06
411155,20.337902492947048,57.19946161905924,3548.0,10.300000190734863,56.0,1141.2222222222222,1455.2222222222222,2021-03-10 15:50:04
411202,19.81261920928955,57.38429794311524,2739.8,10.199999809265137,56.0,1079.0,1424.7,2021-03-10 16:00:07
411254,19.19470500946045,57.82040176391602,2152.5,10.300000190734863,56.0,1028.7,1398.7,2021-03-10 16:10:04
411306,18.49881763458252,58.3297477722168,1703.7,10.199999809265137,58.0,1053.8,1390.4,2021-03-10 16:20:04
411358,17.930156071980793,58.80827077229818,1849.111111111111,10.199999809265137,58.0,1013.8888888888888,1372.7777777777778,2021-03-10 16:30:05
411405,17.36018924713135,59.61333656311035,1859.7,10.199999809265137,58.0,967.5,1350.1,2021-03-10 16:40:04
411457,16.8552303314209,60.46616325378418,1787.7,10.100000381469728,59.0,908.6,1321.2,2021-03-10 16:50:04
411509,16.583924293518066,61.04356422424316,2196.5,10.100000381469728,59.0,784.2,1283.1,2021-03-10 17:00:05
411561,16.362376319037544,61.58066516452365,1695.6666666666667,9.399999618530272,60.0,731.1111111111111,1266.111111111111,2021-03-10 17:10:03
411608,16.03997859954834,61.84466323852539,1170.5,8.800000190734863,63.0,753.1,1270.5,2021-03-10 17:20:06
411660,15.698443508148191,62.25238456726074,812.6,8.800000190734863,63.0,747.8,1263.2,2021-03-10 17:30:05
411712,15.32566556930542,62.87174758911133,628.8,8.0,71.0,701.1,1235.3,2021-03-10 17:40:04
411764,15.039673487345375,63.23677783542209,599.3333333333334,8.199999809265137,68.0,712.6666666666666,1236.5555555555557,2021-03-10 17:50:04
417262,34.99088711208768,42.95380740695529,12400.111111111111,12.300000190734863,59.0,2058.333333333333,3170.6666666666665,2021-03-11 12:00:06
417309,35.67891235351563,42.14526596069336,11157.9,12.399999618530272,57.0,2119.9,3233.5,2021-03-11 12:10:04
417361,36.02525367736816,41.325856399536136,13987.8,12.300000190734863,57.0,2074.4,3115.9,2021-03-11 12:20:05
417413,34.95231586032443,41.25073030259874,12627.444444444443,12.300000190734863,57.0,1981.4444444444443,2843.1111111111118,2021-03-11 12:30:05
417460,32.30842323303223,42.57190780639648,9698.5,12.699999809265137,56.0,1778.7,2374.5,2021-03-11 12:40:00
417512,31.057106590271,43.168383026123045,14139.1,12.699999809265137,57.0,1683.4,2221.1,2021-03-11 12:50:04
417564,31.64484615325928,43.421683120727536,14419.8,12.699999809265137,57.0,1807.5,2468.2,2021-03-11 13:00:08
417616,31.074404822455516,43.507031758626304,11500.222222222224,12.699999809265137,56.0,1744.0,2332.8888888888887,2021-03-11 13:10:05
417663,29.498970222473144,44.76615524291992,9157.3,12.399999618530272,58.0,1635.5,2083.9,2021-03-11 13:20:04
417715,28.672770309448243,45.45555801391602,10604.3,12.399999618530272,58.0,1584.3,1982.0,2021-03-11 13:30:06
417767,27.825207901000976,46.46860504150391,9283.0,12.600000381469728,58.0,1530.7,1893.9,2021-03-11 13:40:03
417819,27.88899909125434,46.73991054958768,11672.111111111111,13.300000190734863,57.0,1543.7777777777778,1972.2222222222224,2021-03-11 13:50:04
417866,27.743762588500974,47.32341423034668,8129.8,13.300000190734863,57.0,1590.0,2035.9,2021-03-11 14:00:06
417918,26.905546760559083,47.92767181396484,8066.9,12.600000381469728,57.0,1491.3,1841.6,2021-03-11 14:10:06
417970,26.639848899841308,48.49942817687988,8229.3,12.199999809265137,58.0,1495.0,1844.9,2021-03-11 14:20:05
418022,26.053890016343857,49.14608891805013,7131.333333333333,12.199999809265137,58.0,1458.3333333333333,1750.7777777777778,2021-03-11 14:30:05
418069,25.25394821166992,49.88891448974609,5272.5,12.300000190734863,55.0,1419.8,1692.9,2021-03-11 14:40:04
418121,25.005874824523925,49.70733222961426,8003.6,12.399999618530272,56.0,1402.9,1674.4,2021-03-11 14:50:03
418173,24.85126304626465,50.42008094787597,5545.0,12.399999618530272,56.0,1424.5,1674.3,2021-03-11 15:00:06
418225,24.49619801839193,50.813729180230034,5862.666666666667,12.800000190734863,54.0,1348.3333333333333,1595.4444444444443,2021-03-11 15:10:05
418272,24.00984230041504,51.19127197265625,4927.8,12.800000190734863,53.0,1292.7,1536.9,2021-03-11 15:20:05
418324,24.094758605957036,51.06034889221191,6782.2,12.800000190734863,53.0,1290.9,1542.9,2021-03-11 15:30:06
418376,23.097390747070317,52.35736656188965,1665.1,13.0,53.0,1210.2,1494.6,2021-03-11 15:40:05
418428,21.70362726847331,53.29535547892253,1039.6666666666667,12.300000190734863,54.0,1079.3333333333333,1423.2222222222222,2021-03-11 15:50:04
418475,20.632677459716795,54.56168441772461,3353.2,12.100000381469728,56.0,929.9,1360.8,2021-03-11 16:00:06
418527,19.770428085327147,56.10009956359863,2334.0,11.899999618530272,57.0,853.9,1332.8,2021-03-11 16:10:06
418579,19.44705123901367,56.97825622558594,4046.5,11.899999618530272,56.0,884.3,1357.8,2021-03-11 16:20:05
418631,19.04932064480252,57.82321548461914,2224.555555555556,11.899999618530272,56.0,967.6666666666666,1380.5555555555557,2021-03-11 16:30:05
418678,18.37945384979248,58.44068069458008,1096.3,11.899999618530272,57.0,935.3,1353.9,2021-03-11 16:40:05
418730,17.705996704101562,59.125047302246095,1144.5,11.5,57.0,812.4,1302.7,2021-03-11 16:50:04
418782,17.431754112243652,59.69893951416016,2084.7,11.5,57.0,729.8,1273.1,2021-03-11 17:00:06
418834,17.18424415588379,60.47862497965495,1576.3333333333333,8.899999618530273,72.0,686.4444444444445,1253.6666666666667,2021-03-11 17:10:06
418881,17.00530242919922,60.875410079956055,1863.3,8.699999809265137,69.0,693.0,1264.3,2021-03-11 17:20:03
418933,16.933470916748046,61.24361000061035,1609.5,8.699999809265137,69.0,707.6,1272.6,2021-03-11 17:30:05
418985,16.894216537475586,61.6394287109375,1496.8,8.100000381469727,76.0,713.3,1286.2,2021-03-11 17:40:06
419037,16.75343089633518,61.89686584472656,1019.0,7.900000095367432,81.0,757.5555555555555,1299.0,2021-03-11 17:50:03
424555,19.13115119934082,59.64064979553223,7693.5,7.599999904632568,76.0,1063.3,1467.6,2021-03-12 12:00:06
424607,19.295643615722657,59.784389877319335,5727.9,8.0,73.0,1076.5,1480.6,2021-03-12 12:10:04
424659,19.260395431518557,59.86343154907227,5778.9,8.199999809265137,72.0,1072.5,1474.9,2021-03-12 12:20:03
424711,19.19856219821506,59.65107642279731,5275.111111111111,8.199999809265137,72.0,1089.4444444444443,1469.2222222222222,2021-03-12 12:30:05
424758,19.59979381561279,58.96269187927246,7936.1,8.199999809265137,70.0,1099.3,1478.7,2021-03-12 12:40:04
424810,19.908750915527342,58.87769927978516,8249.4,8.0,73.0,1100.4,1488.6,2021-03-12 12:50:05
424862,19.89593315124512,59.45128593444824,5848.0,8.0,73.0,1073.1,1481.1,2021-03-12 13:00:08
424914,20.14000129699707,59.02698220147027,8205.333333333334,8.0,74.0,1062.888888888889,1479.2222222222222,2021-03-12 13:10:05
424961,20.11270480685764,59.40523698594835,5657.777777777777,8.300000190734863,73.0,1066.111111111111,1483.2222222222222,2021-03-12 13:20:05
425008,20.856984901428223,58.43106803894043,10758.7,8.300000190734863,73.0,1157.3,1548.8,2021-03-12 13:30:06
425060,20.45189590454101,59.3076976776123,3347.6,8.800000190734863,71.0,1197.9,1550.7,2021-03-12 13:40:05
425112,19.261463165283203,59.63208813137479,3664.444444444444,8.800000190734863,69.0,1077.7777777777778,1452.5555555555557,2021-03-12 13:50:04
425159,18.56370639801025,59.64278602600098,3329.3,8.800000190734863,69.0,1009.3,1408.3,2021-03-12 14:00:07
425211,17.970092582702637,60.22644386291504,4187.2,7.900000095367432,76.0,892.0,1357.1,2021-03-12 14:10:04
425263,17.779727300008137,60.99149788750543,3234.555555555556,7.400000095367432,80.0,826.4444444444445,1338.7777777777778,2021-03-12 14:20:05
425310,17.255245399475097,61.76394271850586,3772.6,7.099999904632568,86.0,777.0,1315.7,2021-03-12 14:30:00
425362,17.158846855163574,61.84969825744629,3710.8,6.900000095367432,89.0,873.1,1357.5,2021-03-12 14:40:04
425414,17.072060775756835,61.83886528015137,4854.2,7.400000095367432,87.0,846.4,1338.9,2021-03-12 14:50:05
425466,17.35725154876709,61.587701416015626,5186.0,7.400000095367432,87.0,888.2,1362.2,2021-03-12 15:00:06
425518,17.684189054701065,61.35381359524197,5566.333333333333,7.099999904632568,88.0,941.4444444444443,1397.0,2021-03-12 15:10:05
425565,18.16342430114746,61.060197067260745,7321.8,6.800000190734863,87.0,993.4,1434.0,2021-03-12 15:20:05
425617,18.998435974121094,60.67948417663574,7371.3,6.900000095367432,83.0,1053.2,1478.5,2021-03-12 15:30:06
425669,19.533836788601345,60.22668117947049,7100.0,6.900000095367432,83.0,1085.888888888889,1501.6666666666667,2021-03-12 15:40:06
425716,19.96242446899414,59.80010681152344,6997.1,6.599999904632568,83.0,1112.3,1515.0,2021-03-12 15:50:00
425768,19.775234603881835,59.84756202697754,5020.4,6.599999904632568,83.0,1097.0,1495.8,2021-03-12 16:00:06
425820,19.407797622680665,60.12970199584961,4500.2,7.400000095367432,82.0,1105.0,1487.1,2021-03-12 16:10:06
425872,19.37035348680284,60.20887968275282,5265.333333333333,7.699999809265137,80.0,1174.888888888889,1515.2222222222222,2021-03-12 16:20:06
425919,19.384031105041505,60.14404525756836,4931.5,7.699999809265137,80.0,1165.0,1512.3,2021-03-12 16:30:00
425971,19.1685359954834,60.31418228149414,4291.0,8.100000381469727,77.0,1192.1,1509.4,2021-03-12 16:40:04
426023,18.9896240234375,60.47989616394043,3776.0,8.199999809265137,77.0,1142.4,1489.2,2021-03-12 16:50:06
426075,18.435441546969944,61.12391153971354,2405.1111111111118,8.199999809265137,77.0,1189.4444444444443,1500.4444444444443,2021-03-12 17:00:06
426122,17.91828784942627,61.74181785583496,1784.9,8.300000190734863,76.0,1205.4,1490.0,2021-03-12 17:10:03
426174,17.384489440917967,62.31433525085449,1433.0,8.300000190734863,77.0,1175.8,1472.4,2021-03-12 17:20:05
426226,17.270465850830078,62.446784591674806,2312.5,8.300000190734863,77.0,1099.7,1439.9,2021-03-12 17:30:05
426278,17.114518907335068,62.718310038248696,1652.4444444444443,8.300000190734863,76.0,960.5555555555557,1385.3333333333333,2021-03-12 17:40:05
426325,16.83360023498535,63.02174377441406,1282.3,8.399999618530273,75.0,914.0,1362.2,2021-03-12 17:50:03
431848,23.32089710235596,49.70778999328613,17158.6,9.300000190734863,62.0,1151.3,1580.8,2021-03-13 12:00:07
431900,27.1795223236084,49.1151294708252,14198.1,6.400000095367432,78.0,1560.0,2228.9,2021-03-13 12:10:04
431952,27.76082335578071,48.3258310953776,9181.111111111111,6.800000190734863,79.0,1551.3333333333333,2182.1111111111118,2021-03-13 12:20:02
431999,32.31803569793701,44.0399787902832,5188.4,6.800000190734863,79.0,1823.7,2796.7,2021-03-13 12:30:05
432051,34.22304840087891,43.13755989074707,14811.4,8.800000190734863,67.0,1988.0,3068.5,2021-03-13 12:40:05
432103,32.30762195587158,43.6969554901123,11725.3,8.0,71.0,1845.0,2654.1,2021-03-13 12:50:04
432155,30.622377157211304,44.435606479644775,12783.25,8.0,71.0,1729.75,2363.5,2021-03-13 13:00:06
432197,29.105630493164064,45.37788887023926,10779.5,8.600000381469727,68.0,1621.9,2123.5,2021-03-13 13:10:04
432249,27.639620208740237,46.20080871582032,11690.2,9.300000190734863,66.0,1522.0,1914.0,2021-03-13 13:20:03
432301,26.563329272800026,47.13003200954861,9389.555555555557,9.300000190734863,66.0,1451.888888888889,1786.2222222222222,2021-03-13 13:30:04
432348,26.156786346435545,47.52742767333984,12245.3,8.699999809265137,67.0,1428.7,1774.9,2021-03-13 13:40:01
432400,25.56877994537353,48.37994956970215,9211.3,9.300000190734863,67.0,1406.6,1731.5,2021-03-13 13:50:04
432452,25.45422286987305,47.65117835998535,12247.4,9.300000190734863,67.0,1416.6,1723.7,2021-03-13 14:00:08
432504,25.47709888882107,48.68068822224935,10932.666666666666,9.300000190734863,61.0,1527.5555555555557,1931.6666666666667,2021-03-13 14:10:06
432551,25.759441566467284,49.66186027526855,11940.6,8.199999809265137,68.0,1577.0,2073.5,2021-03-13 14:20:06
432603,25.90150299072265,49.71770820617676,11947.3,8.199999809265137,68.0,1614.7,2113.3,2021-03-13 14:30:06
432655,25.85931186676025,49.76424827575684,10629.3,7.099999904632568,75.0,1620.5,2087.7,2021-03-13 14:40:05
432707,25.27445051405165,49.89818784925673,9165.888888888889,8.600000381469727,67.0,1536.5555555555557,1917.6666666666667,2021-03-13 14:50:03
432754,24.538300132751463,50.39169883728027,7360.7,8.600000381469727,67.0,1463.4,1799.8,2021-03-13 15:00:06
432806,22.65465030670166,51.92584037780762,3524.7,9.5,62.0,1326.2,1538.9,2021-03-13 15:10:04
432858,21.46982532077365,52.56512620713976,4280.111111111111,9.600000381469728,59.0,1279.6666666666667,1488.888888888889,2021-03-13 15:20:04
432905,20.5301362991333,53.59151649475098,4109.8,9.600000381469728,59.0,1217.4,1456.5,2021-03-13 15:30:01
432957,20.3627067565918,53.87914810180664,5580.9,9.699999809265137,61.0,1212.0,1464.5,2021-03-13 15:40:04
433009,20.43854389190674,54.09918441772461,5400.0,9.300000190734863,61.0,1218.6,1481.6,2021-03-13 15:50:03
433061,20.16303300857544,54.51209259033203,4631.125,9.300000190734863,61.0,1170.625,1462.0,2021-03-13 16:00:06
433103,19.292172241210935,55.40032043457031,2324.8,9.0,61.0,1127.3,1427.5,2021-03-13 16:10:03
433155,18.54448013305664,55.96917724609375,2506.8,9.100000381469728,61.0,1076.5,1394.7,2021-03-13 16:20:05
433207,18.06488914489746,57.10994110107422,2432.9,9.100000381469728,61.0,1034.8,1389.3,2021-03-13 16:30:05
433259,17.63671663072374,58.125852796766495,1967.3333333333333,9.800000190734863,58.0,1034.5555555555557,1387.0,2021-03-13 16:40:04
433306,17.265125465393066,58.60761413574219,1995.5,9.600000381469728,58.0,1038.8,1385.9,2021-03-13 16:50:04
433358,16.940146446228027,58.857099533081055,1816.0,9.600000381469728,58.0,1009.1,1374.4,2021-03-13 17:00:06
433410,16.619973945617676,59.13206672668457,1683.0,8.800000190734863,60.0,1000.4,1360.3,2021-03-13 17:10:06
433462,16.35822253757053,59.51730643378364,1561.5555555555557,9.0,60.0,964.8888888888888,1351.5555555555557,2021-03-13 17:20:03
433509,16.10540180206299,60.15365829467773,1421.9,9.0,60.0,951.4,1351.6,2021-03-13 17:30:05
433561,15.874952411651613,60.77058029174805,1252.3,8.800000190734863,59.0,909.1,1336.4,2021-03-13 17:40:04
433613,15.63675889968872,61.24361000061035,1056.3,8.5,62.0,890.6,1325.4,2021-03-13 17:50:04
439126,26.899790445963543,51.981723361545136,8820.111111111111,7.400000095367432,78.0,1691.5555555555557,2416.6666666666665,2021-03-14 12:00:08
439173,26.83718605041504,50.52506294250488,13669.7,7.599999904632568,76.0,1657.8,2281.2,2021-03-14 12:10:03
439225,26.99660472869873,50.61341209411621,9360.4,8.0,76.0,1690.2,2316.3,2021-03-14 12:20:05
439277,25.854771995544432,50.17166404724121,10689.7,8.0,76.0,1569.3,2024.1,2021-03-14 12:30:07
439329,25.28809886508518,51.5500619676378,10505.888888888889,8.199999809265137,76.0,1501.6666666666667,1953.888888888889,2021-03-14 12:40:04
439376,28.52109546661377,49.561913299560544,11410.4,7.699999809265137,75.0,1807.8,2652.6,2021-03-14 12:50:04
439428,29.446364402771,49.02296447753906,12279.3,7.699999809265137,75.0,1897.3,2722.5,2021-03-14 13:00:06
439480,28.109865188598636,48.51621284484863,10528.3,8.199999809265137,73.0,1679.8,2249.7,2021-03-14 13:10:04
439532,26.009680853949654,49.76221423678928,6380.111111111111,8.0,72.0,1531.2222222222222,1886.111111111111,2021-03-14 13:20:05
439579,23.461356544494627,51.88982963562012,3555.8,7.599999904632568,71.0,1307.7,1541.7,2021-03-14 13:30:04
439631,21.290379142761232,53.84084815979004,2855.3,8.699999809265137,71.0,1118.8,1427.3,2021-03-14 13:40:04
439683,20.149080085754395,55.46852836608887,3652.3,8.600000381469727,69.0,1055.6,1401.7,2021-03-14 13:50:07
439735,19.300628238254124,56.73829947577583,3055.4444444444443,8.600000381469727,69.0,1030.888888888889,1390.888888888889,2021-03-14 14:00:08
439782,19.20939197540283,56.97138938903809,5820.6,8.600000381469727,68.0,1060.3,1414.4,2021-03-14 14:10:03
439834,20.46150932312012,56.45380363464356,9460.2,7.400000095367432,71.0,1177.9,1495.9,2021-03-14 14:20:05
439886,21.39745922088623,56.27130546569824,8694.6,7.400000095367432,71.0,1286.4,1565.4,2021-03-14 14:30:06
439938,21.398616366916237,56.27035649617513,7098.111111111111,7.5,74.0,1284.7777777777778,1555.2222222222222,2021-03-14 14:40:04
439985,21.0340274810791,55.96978759765625,6662.8,8.0,70.0,1242.4,1519.1,2021-03-14 14:50:00
440037,20.698634338378906,56.38437538146973,5015.1,8.0,70.0,1192.3,1492.2,2021-03-14 15:00:07
440089,19.988326644897462,56.8235294342041,5814.2,8.5,70.0,1102.1,1442.1,2021-03-14 15:10:05
440141,19.396849060058592,57.61104774475098,4364.2,7.800000190734863,68.0,1040.0,1415.8,2021-03-14 15:20:04
440193,18.76062838236491,58.36440192328559,4168.0,7.800000190734863,68.0,970.2222222222222,1379.2222222222222,2021-03-14 15:30:06
440240,18.42191200256348,58.89188957214356,4395.9,8.100000381469727,67.0,1027.3,1404.0,2021-03-14 15:40:05
440292,18.364233016967773,59.423666381835936,4120.2,7.0,75.0,1009.2,1405.6,2021-03-14 15:50:04
440344,18.124170303344727,59.80758399963379,3328.4,7.0,75.0,1011.5,1396.1,2021-03-14 16:00:06
440396,18.223595725165477,59.90251202053494,4666.444444444444,6.800000190734863,81.0,993.1111111111112,1401.7777777777778,2021-03-14 16:10:04
440443,18.56877994537353,59.55580978393554,5610.1,7.400000095367432,78.0,1030.3,1428.3,2021-03-14 16:20:04
440495,18.848630905151367,59.6786449432373,4907.0,7.400000095367432,78.0,1066.5,1445.5,2021-03-14 16:30:06
440547,18.838483810424805,59.85763320922852,4475.9,7.699999809265137,71.0,1072.4,1449.9,2021-03-14 16:40:03
440599,18.83450804816352,59.89725579155816,4365.666666666667,7.900000095367432,71.0,1078.888888888889,1440.2222222222222,2021-03-14 16:50:03
440646,18.58960876464844,60.532234573364256,2730.1,7.900000095367432,71.0,993.1,1413.1,2021-03-14 17:00:05
440698,18.199740600585937,61.33669013977051,2315.6,8.199999809265137,70.0,908.5,1383.4,2021-03-14 17:10:04
440750,17.828564834594726,61.85595474243164,2135.1,8.199999809265137,71.0,883.8,1361.7,2021-03-14 17:20:05
440802,17.57081151008606,62.06721639633179,2160.625,8.199999809265137,71.0,860.75,1349.125,2021-03-14 17:30:05
440844,17.253643226623534,62.59830589294434,1736.1,8.100000381469727,72.0,748.9,1303.9,2021-03-14 17:40:04
440896,16.676852226257324,63.22774085998535,1106.8,7.900000095367432,74.0,681.3,1250.3,2021-03-14 17:50:03
446524,26.14236660003662,49.63775100708008,8767.4,7.099999904632568,84.0,1414.2,1767.0,2021-03-15 12:00:07
446576,30.004492865668404,47.054076300727,8772.222222222223,7.199999809265137,82.0,1671.888888888889,2456.555555555556,2021-03-15 12:10:04
446623,32.78187255859375,46.521095275878906,13113.7,7.900000095367432,77.0,1909.4,3025.7,2021-03-15 12:20:05
446675,30.77271671295166,48.16357650756836,11318.2,7.900000095367432,77.0,1826.1,2675.7,2021-03-15 12:30:06
446727,28.077019882202148,49.2718391418457,8255.4,6.800000190734863,75.0,1622.8,2163.3,2021-03-15 12:40:04
446779,28.18095525105794,48.44281684027778,17390.444444444445,6.199999809265137,81.0,1644.7777777777778,2232.4444444444443,2021-03-15 12:50:06
446826,33.31940975189209,44.98466529846191,7599.8,6.199999809265137,81.0,2061.6,3152.7,2021-03-15 13:00:05
446878,32.71404609680176,45.36751365661621,11257.5,8.0,75.0,2037.1,2934.8,2021-03-15 13:10:05
446930,32.34180221557617,44.64057312011719,11387.9,8.0,67.0,1918.9,2727.7,2021-03-15 13:20:04
446982,30.01042705112033,45.94033771091037,9934.111111111111,8.0,67.0,1771.3333333333333,2328.6666666666665,2021-03-15 13:30:07
447029,27.69863395690918,47.52712287902832,8224.1,8.5,62.0,1563.3,1947.6,2021-03-15 13:40:05
447081,25.916189765930177,48.69871025085449,9196.7,8.199999809265137,62.0,1434.6,1674.2,2021-03-15 13:50:04
447133,24.833905601501463,49.88723564147949,7011.2,8.199999809265137,62.0,1404.8,1622.5,2021-03-15 14:00:08
447185,23.827428817749023,51.05295774671767,8758.666666666666,8.600000381469727,66.0,1329.888888888889,1551.5555555555557,2021-03-15 14:10:06
447232,23.91691455841065,51.421224975585936,9060.5,8.199999809265137,64.0,1375.0,1647.7,2021-03-15 14:20:06
447284,23.253871726989747,52.31662483215332,6639.7,8.199999809265137,64.0,1345.0,1596.2,2021-03-15 14:30:06
447336,23.32490272521973,52.65094909667969,9762.7,8.800000190734863,60.0,1357.3,1670.8,2021-03-15 14:40:06
447388,22.702033784654404,53.5712047153049,4953.111111111111,8.699999809265137,61.0,1333.2222222222222,1591.7777777777778,2021-03-15 14:50:04
447435,22.05676383972168,53.88174324035644,6660.7,8.699999809265137,61.0,1270.9,1527.9,2021-03-15 15:00:05
447487,21.849546051025392,54.06927642822266,7489.4,8.5,70.0,1274.7,1529.1,2021-03-15 15:10:04
447539,21.848745155334477,54.32288093566895,6709.2,9.100000381469728,69.0,1309.1,1561.7,2021-03-15 15:20:03
447591,21.47041850619846,54.738519456651474,7129.555555555556,9.100000381469728,69.0,1266.5555555555557,1532.888888888889,2021-03-15 15:30:05
447638,21.12775611877441,55.33638572692871,4963.0,7.699999809265137,70.0,1208.5,1508.3,2021-03-15 15:40:04
447690,20.2217134475708,56.209201431274415,3217.6,8.100000381469727,71.0,1138.8,1458.5,2021-03-15 15:50:04
447742,19.318875312805176,56.82887001037598,2781.5,8.100000381469727,71.0,1086.0,1415.3,2021-03-15 16:00:06
447794,18.64639769660102,57.49752002292209,3044.777777777778,7.400000095367432,79.0,1017.4444444444443,1384.2222222222222,2021-03-15 16:10:05
447841,18.84115333557129,57.6252384185791,5424.5,7.300000190734863,76.0,1048.5,1418.1,2021-03-15 16:20:06
447893,19.06813144683838,58.05920486450195,4570.1,7.5,74.0,1113.1,1453.4,2021-03-15 16:30:07
447945,18.452620697021484,58.89631538391113,2054.2,7.800000190734863,69.0,1034.8,1420.5,2021-03-15 16:40:04
447997,17.766079160902237,59.56562593248155,2535.6666666666665,7.699999809265137,70.0,933.4444444444443,1366.4444444444443,2021-03-15 16:50:05
448044,17.841382598876955,59.746700286865234,3871.6,7.699999809265137,70.0,931.6,1377.5,2021-03-15 17:00:06
448096,17.639238357543945,60.3566032409668,3420.8,7.300000190734863,75.0,946.5,1384.8,2021-03-15 17:10:04
448148,17.23949031829834,60.91920394897461,1955.8,6.800000190734863,81.0,1077.8,1429.3,2021-03-15 17:20:07
448200,16.646024492051865,61.43977355957031,1638.6666666666667,6.800000190734863,81.0,1101.6666666666667,1418.7777777777778,2021-03-15 17:30:05
448247,16.039444541931154,62.21362571716308,995.7,7.0,81.0,1003.3,1366.7,2021-03-15 17:40:06
448299,15.544632625579831,62.99443092346191,919.4,6.599999904632568,85.0,954.4,1353.1,2021-03-15 17:50:04
453827,21.067673683166504,59.67086296081543,10049.5,6.5,80.0,1023.9,1486.8,2021-03-16 12:00:09
453879,21.19834221733941,59.62632369995117,9249.0,6.199999809265137,85.0,1017.6666666666666,1476.4444444444443,2021-03-16 12:10:03
453926,21.47196159362793,59.34462432861328,9996.7,6.0,89.0,1002.6,1476.6,2021-03-16 12:20:05
453978,21.848744773864745,58.90455474853516,10676.5,6.0,89.0,1040.9,1498.4,2021-03-16 12:30:05
454030,22.153162574768068,58.625772857666014,10662.9,6.199999809265137,90.0,1071.9,1510.8,2021-03-16 12:40:05
454082,22.26083607143826,58.64703411526151,9996.333333333334,6.0,87.0,1054.2222222222222,1499.111111111111,2021-03-16 12:50:04
454129,22.52594032287597,58.3347827911377,10763.2,6.0,87.0,1060.0,1515.4,2021-03-16 13:00:06
454181,21.9141679763794,59.18348999023438,5604.1,5.800000190734863,87.0,1004.9,1467.3,2021-03-16 13:10:05
454233,20.715724182128906,59.9124137878418,4916.5,5.800000190734863,89.0,841.5,1371.5,2021-03-16 13:20:03
454285,20.46340815226237,59.78976525200738,7204.777777777777,5.800000190734863,89.0,753.8888888888889,1347.5555555555557,2021-03-16 13:30:06
454332,19.81555652618408,60.68802909851074,4517.2,5.900000095367432,89.0,719.1,1318.6,2021-03-16 13:40:05
454384,19.308728218078613,61.1294734954834,5830.3,6.0,89.0,675.5,1277.0,2021-03-16 13:50:04
454436,19.00350952148437,61.57381591796875,4871.1,6.0,89.0,669.6,1265.7,2021-03-16 14:00:09
454488,19.042496151394317,61.6127086215549,6519.888888888889,5.800000190734863,88.0,664.2222222222222,1259.6666666666667,2021-03-16 14:10:06
454535,19.45185775756836,61.31105499267578,9095.0,6.0,86.0,673.8,1290.4,2021-03-16 14:20:04
454587,21.044976043701173,60.21072692871094,11865.8,6.0,86.0,796.5,1399.8,2021-03-16 14:30:06
454639,20.618257141113283,61.39299545288086,4044.8,6.0,88.0,778.6,1372.6,2021-03-16 14:40:05
454691,19.714529249403213,61.85227500067817,3032.222222222222,6.099999904632568,88.0,678.8888888888889,1289.4444444444443,2021-03-16 14:50:03
454738,19.11112403869629,61.96398849487305,4777.8,6.099999904632568,88.0,661.3,1253.7,2021-03-16 15:00:08
454790,19.843328094482423,61.16380577087402,8470.4,5.800000190734863,89.0,676.4,1301.9,2021-03-16 15:10:06
454842,19.442511749267577,61.88693046569824,4295.6,6.0,91.0,692.4,1310.7,2021-03-16 15:20:03
454894,19.103024164835613,61.878385331895615,5469.666666666667,6.0,91.0,692.8888888888889,1300.6666666666667,2021-03-16 15:30:05
454941,19.00965137481689,61.93270721435547,5403.6,5.900000095367432,89.0,684.4,1290.3,2021-03-16 15:40:04
454993,18.553292274475098,62.241855239868165,4347.8,5.800000190734863,89.0,687.7,1286.7,2021-03-16 15:50:05
455045,18.65156021118164,61.87640151977539,6350.8,5.800000190734863,89.0,704.4,1309.4,2021-03-16 16:00:08
455097,18.77694702148437,61.84820641411675,6321.444444444444,5.800000190734863,89.0,745.2222222222222,1333.0,2021-03-16 16:10:06
455144,18.64728755950928,62.14541816711426,4549.1,5.699999809265137,90.0,731.6,1322.5,2021-03-16 16:20:05
455196,18.308423042297363,62.45059890747071,4256.1,5.699999809265137,90.0,694.4,1294.0,2021-03-16 16:30:05
455248,17.966620635986327,62.74204597473145,3669.4,5.900000095367432,92.0,684.5,1277.9,2021-03-16 16:40:04
455300,17.325771543714737,63.39496315850152,2017.7777777777776,6.0,90.0,672.6666666666666,1242.3333333333333,2021-03-16 16:50:03
455347,16.6752498626709,63.98596115112305,1748.7,6.0,90.0,642.2,1182.7,2021-03-16 17:00:06
455399,16.189250183105468,64.65064544677735,1946.9,5.900000095367432,90.0,601.5,1121.9,2021-03-16 17:10:03
455451,16.284580802917482,64.7733268737793,3519.5,5.800000190734863,91.0,586.0,1109.1,2021-03-16 17:20:04
455503,16.306596332126194,65.17755550808377,2595.555555555556,5.800000190734863,91.0,578.4444444444445,1112.888888888889,2021-03-16 17:30:06
455550,16.06507968902588,65.55901336669922,1779.3,5.800000190734863,92.0,571.7,1096.7,2021-03-16 17:40:04
455602,15.732089805603028,66.01510620117188,1254.9,5.699999809265137,91.0,555.8,1064.2,2021-03-16 17:50:04
461135,18.949835968017577,62.468604278564456,7655.9,6.099999904632568,78.0,959.7,1444.5,2021-03-17 12:00:08
461187,20.76723183525933,60.65461222330729,12748.111111111111,6.599999904632568,76.0,1103.6666666666667,1561.888888888889,2021-03-17 12:10:04
461234,19.946669387817384,61.75493965148926,5214.5,6.699999809265137,75.0,1067.4,1498.1,2021-03-17 12:20:03
461286,18.95544357299805,61.92278938293457,4694.4,6.699999809265137,75.0,991.9,1439.7,2021-03-17 12:30:06
461338,18.61364116668701,62.08255157470703,6257.9,6.400000095367432,74.0,975.6,1426.1,2021-03-17 12:40:04
461390,18.424759970770943,62.55368169148763,5438.111111111111,6.800000190734863,76.0,986.8888888888888,1425.7777777777778,2021-03-17 12:50:05
461437,18.290798950195317,62.89311027526856,5331.7,6.800000190734863,76.0,950.1,1415.1,2021-03-17 13:00:03
461489,19.48256645202637,61.65453605651855,9182.1,6.400000095367432,78.0,1028.4,1493.7,2021-03-17 13:10:04
461541,26.14770736694336,55.53063240051269,18986.3,6.300000190734863,78.0,1546.3,2463.0,2021-03-17 13:20:04
461593,27.704449547661675,55.38702858818902,15111.777777777776,6.300000190734863,78.0,1779.4444444444443,2810.0,2021-03-17 13:30:07
461640,28.065270233154298,54.598001098632814,14380.1,6.699999809265137,76.0,1813.2,2780.2,2021-03-17 13:40:04
461692,27.55630569458008,54.455787658691406,12498.5,7.0,74.0,1732.1,2548.4,2021-03-17 13:50:04
461744,27.60330371856689,53.72274398803711,13874.9,7.0,74.0,1763.5,2576.6,2021-03-17 14:00:09
461796,26.92768075731065,54.05695003933377,11181.222222222224,6.800000190734863,75.0,1703.5555555555557,2408.4444444444443,2021-03-17 14:10:07
461843,25.66678123474121,55.057450485229495,7602.3,7.199999809265137,76.0,1556.5,2109.3,2021-03-17 14:20:02
461895,24.42347621917725,55.52086715698242,8546.3,7.199999809265137,76.0,1438.2,1858.9,2021-03-17 14:30:06
461947,23.38872337341309,56.68711357116699,6351.7,7.699999809265137,72.0,1366.3,1701.8,2021-03-17 14:40:05
461999,22.80172559950087,57.13859430948893,7748.444444444444,7.900000095367432,72.0,1286.6666666666667,1589.3333333333333,2021-03-17 14:50:06
462046,23.327573013305663,56.88868560791016,10230.4,7.900000095367432,72.0,1343.4,1742.5,2021-03-17 15:00:03
462098,23.136911392211918,57.6604866027832,6828.5,7.199999809265137,74.0,1384.4,1783.2,2021-03-17 15:10:06
462150,22.1886775970459,58.22400245666504,6034.2,7.800000190734863,73.0,1294.4,1583.0,2021-03-17 15:20:05
462202,22.262319564819336,57.970211029052734,8271.666666666666,7.800000190734863,73.0,1283.0,1593.2222222222222,2021-03-17 15:30:05
462249,21.729915046691893,58.70740852355957,5527.3,7.699999809265137,72.0,1318.1,1616.5,2021-03-17 15:40:05
462301,21.483443832397462,58.95185813903809,6302.2,7.5,71.0,1251.5,1540.2,2021-03-17 15:50:06
462353,21.15312442779541,59.396352767944336,5178.5,7.199999809265137,74.0,1223.1,1538.2,2021-03-17 16:00:07
462405,20.469342125786675,60.20904795328776,4598.0,7.099999904632568,74.0,1133.0,1482.7777777777778,2021-03-17 16:10:04
462452,20.003814888000488,60.90348739624024,3006.5,7.300000190734863,74.0,1063.2,1458.7,2021-03-17 16:20:03
462504,19.28976879119873,61.60021362304688,2613.4,7.300000190734863,74.0,1004.7,1423.9,2021-03-17 16:30:06
462556,18.488937187194825,62.259708404541016,1542.8,7.300000190734863,72.0,939.8,1385.6,2021-03-17 16:40:05
462608,17.965463426378037,62.781888749864365,1998.111111111111,7.5,73.0,860.8888888888889,1351.111111111111,2021-03-17 16:50:04
462655,17.784237480163576,62.83024368286133,3051.4,7.5,73.0,888.3,1361.7,2021-03-17 17:00:05
462707,17.358052825927736,63.31990509033203,1415.7,7.5,72.0,912.9,1361.7,2021-03-17 17:10:05
462759,16.801556396484376,63.94003143310547,1166.4,7.400000095367432,72.0,875.1,1341.6,2021-03-17 17:20:04
462811,16.616057501898872,64.17486741807726,1667.2222222222222,7.400000095367432,72.0,877.3333333333334,1341.4444444444443,2021-03-17 17:30:06
462858,16.393796730041505,64.58564147949218,1318.1,6.900000095367432,77.0,840.5,1330.4,2021-03-17 17:40:03
462910,16.255207061767578,64.86640930175781,1285.8,6.800000190734863,75.0,791.7,1314.4,2021-03-17 17:50:08
468438,18.7909517288208,64.09658927917481,7191.7,6.400000095367432,82.0,844.6,1404.5,2021-03-18 12:00:02
468490,18.82459754943848,64.33920822143554,5296.3,6.400000095367432,80.0,857.1,1405.0,2021-03-18 12:10:08
468542,18.562905311584476,64.54093170166016,4232.6,6.199999809265137,82.0,847.0,1390.8,2021-03-18 12:20:04
468594,18.146155887179905,64.75911882188585,3442.8888888888887,6.199999809265137,82.0,843.4444444444445,1377.888888888889,2021-03-18 12:30:04
468641,17.83657569885254,64.98146057128906,3352.6,6.199999809265137,83.0,805.8,1358.1,2021-03-18 12:40:00
468693,17.31506061553955,65.30037460327148,2804.4,6.099999904632568,84.0,739.8,1322.8,2021-03-18 12:50:05
468745,16.854963302612305,65.4227523803711,2504.1,6.099999904632568,84.0,681.7,1273.5,2021-03-18 13:00:07
468797,16.539063262939454,65.64690475463867,3026.2,6.099999904632568,83.0,651.2,1218.0,2021-03-18 13:10:04
468849,16.902969360351562,65.40067630343967,5880.777777777777,6.199999809265137,84.0,637.2222222222222,1206.0,2021-03-18 13:20:06
468896,18.63660659790039,63.9658203125,11941.8,6.199999809265137,84.0,687.9,1318.2,2021-03-18 13:30:07
468948,19.958419227600096,63.78667907714844,8218.3,6.400000095367432,83.0,771.3,1384.6,2021-03-18 13:40:04
469000,19.884450912475582,64.12024116516113,5049.1,6.800000190734863,83.0,711.4,1357.4,2021-03-18 13:50:04
469052,19.075727038913303,64.35424550374348,3775.555555555556,6.800000190734863,83.0,685.4444444444445,1317.2222222222222,2021-03-18 14:00:06
469099,18.41149787902832,64.19546661376953,3640.7,6.699999809265137,83.0,690.0,1300.7,2021-03-18 14:10:05
469151,18.280651664733888,63.66140251159668,6025.0,6.599999904632568,82.0,710.4,1308.4,2021-03-18 14:20:07
469203,18.21629657745361,63.76684188842773,5175.8,6.599999904632568,82.0,693.9,1298.3,2021-03-18 14:30:06
469255,18.472232606675888,63.55450439453125,7712.888888888889,6.300000190734863,87.0,701.3333333333334,1313.2222222222222,2021-03-18 14:40:05
469302,19.14316806793213,63.03959732055664,8761.3,5.699999809265137,90.0,830.0,1389.3,2021-03-18 14:50:05
469354,19.573090744018558,62.870984649658205,6828.4,5.699999809265137,90.0,945.7,1435.0,2021-03-18 15:00:07
469406,19.1260778427124,63.116197204589845,6199.0,6.0,91.0,865.3,1390.8,2021-03-18 15:10:04
469458,18.89117813110352,63.4444702996148,3789.3333333333335,6.199999809265137,88.0,788.6666666666666,1355.111111111111,2021-03-18 15:20:04
469505,18.298008728027344,63.81261940002442,4202.8,6.199999809265137,88.0,728.0,1328.2,2021-03-18 15:30:07
469557,18.407759284973142,63.5707633972168,7051.5,6.5,88.0,722.8,1330.1,2021-03-18 15:40:06
469609,19.07454032897949,63.122759628295896,6946.8,6.5,88.0,812.6,1379.3,2021-03-18 15:50:06
469661,18.656782362196186,63.4736319647895,4657.444444444444,6.699999809265137,89.0,795.6666666666666,1354.111111111111,2021-03-18 16:00:07
469708,18.255016708374026,63.556115341186526,4215.9,6.199999809265137,87.0,745.3,1326.6,2021-03-18 16:10:05
469760,18.195201110839843,63.60326461791992,4724.8,6.300000190734863,90.0,775.9,1345.3,2021-03-18 16:20:05
469812,18.077439498901366,63.9847412109375,4007.8,6.300000190734863,90.0,816.7,1349.9,2021-03-18 16:30:05
469864,18.03400209214952,64.17791917588976,3788.0,6.699999809265137,87.0,875.3333333333334,1380.7777777777778,2021-03-18 16:40:04
469911,18.1634241104126,63.91393928527832,5069.4,6.599999904632568,85.0,947.7,1407.4,2021-03-18 16:50:04
469963,18.094796562194823,64.34805755615234,2689.8,6.599999904632568,85.0,923.4,1394.7,2021-03-18 17:00:07
470015,17.69878692626953,64.72892379760742,2753.0,6.699999809265137,86.0,885.6,1373.6,2021-03-18 17:10:04
470067,17.959529452853733,64.37493303087022,4339.0,7.099999904632568,83.0,942.2222222222222,1401.0,2021-03-18 17:20:03
470114,17.85500087738037,64.4890510559082,2664.5,7.099999904632568,83.0,956.8,1399.7,2021-03-18 17:30:05
470166,17.182612419128418,64.97123718261719,1608.9,6.0,84.0,838.8,1336.7,2021-03-18 17:40:04
470218,16.645875930786133,65.32768783569335,1589.8,5.900000095367432,88.0,771.5,1311.2,2021-03-18 17:50:06
475746,43.21935568915473,37.69487041897244,4805.333333333333,6.900000095367432,58.0,2862.6666666666665,4376.111111111111,2021-03-19 12:00:06
475793,46.15835037231445,35.117417907714845,4382.1,7.400000095367432,57.0,2995.5,4575.3,2021-03-19 12:10:03
475845,48.93148689270019,32.892042541503905,0.0,7.400000095367432,58.0,3160.0,4874.1,2021-03-19 12:20:06
475897,49.44632682800293,32.842298126220705,10285.5,7.400000095367432,58.0,3279.6,5032.2,2021-03-19 12:30:05
475949,47.56398179796007,34.0911979675293,11546.333333333334,6.699999809265137,58.0,3308.0,4924.666666666667,2021-03-19 12:40:03
475996,51.038643264770506,32.04089412689209,0.0,7.599999904632568,57.0,3951.6,5879.0,2021-03-19 12:50:03
476048,54.01419105529785,29.956206703186037,0.0,7.599999904632568,55.0,4961.9,7102.7,2021-03-19 13:00:08
476100,55.550431442260745,28.042877769470216,3032.6,7.0,56.0,5080.9,6661.6,2021-03-19 13:10:04
476152,54.31872685750326,27.424022674560547,10857.666666666666,7.900000095367432,55.0,4140.111111111111,5182.111111111111,2021-03-19 13:20:05
476199,48.19340782165527,29.67086296081543,14769.2,7.900000095367432,55.0,3175.3,4097.3,2021-03-19 13:30:02
476251,39.84168739318848,34.08758716583252,5725.1,8.199999809265137,54.0,2452.8,2760.7,2021-03-19 13:40:04
476303,33.27962188720703,38.41473999023437,4214.4,8.5,50.0,1829.9,1784.9,2021-03-19 13:50:04
476355,29.07136132982042,42.07115766737196,4327.333333333333,8.5,50.0,1445.7777777777778,1462.111111111111,2021-03-19 14:00:07
476402,26.404859924316405,45.059891891479495,4681.9,8.699999809265137,52.0,1260.4,1399.3,2021-03-19 14:10:01
476454,24.24109268188477,48.04730377197266,4108.2,8.0,56.0,1105.2,1348.1,2021-03-19 14:20:05
476506,22.731555557250974,49.9655143737793,4045.5,8.0,56.0,1023.7,1317.7,2021-03-19 14:30:07
476558,21.63479232788086,51.23538716634115,3482.222222222222,8.899999618530273,48.0,975.5555555555557,1295.888888888889,2021-03-19 14:40:05
476605,21.09784870147705,52.23788795471192,4581.4,9.199999809265137,48.0,959.2,1298.9,2021-03-19 14:50:00
476657,20.6003662109375,53.25932693481445,4570.9,9.199999809265137,48.0,936.0,1291.9,2021-03-19 15:00:07
476709,20.546158218383788,53.74471664428711,4353.0,8.699999809265137,48.0,965.3,1318.0,2021-03-19 15:10:06
476761,20.166971588134764,54.31998176574707,4829.8,7.699999809265137,49.0,925.2,1303.3,2021-03-19 15:20:03
476813,19.791078567504883,54.91501575046115,3508.4444444444443,7.699999809265137,49.0,901.6666666666666,1295.4444444444443,2021-03-19 15:30:06
476860,19.369611930847167,55.23201332092285,3329.1,9.0,46.0,916.6,1293.5,2021-03-19 15:40:05
476912,18.94075698852539,55.96444587707519,3709.7,9.100000381469728,47.0,839.1,1268.0,2021-03-19 15:50:05
476964,18.87479934692383,56.05493240356445,3697.2,9.199999809265137,51.0,868.0,1289.9,2021-03-19 16:00:06
477016,18.795045852661133,56.36699676513672,3933.8888888888887,9.399999618530272,49.0,856.6666666666666,1287.6666666666667,2021-03-19 16:10:05
477063,18.40642395019531,56.86701736450196,2459.4,8.5,49.0,843.6,1277.7,2021-03-19 16:20:04
477115,17.92229347229004,57.23735389709473,2433.3,8.5,49.0,807.0,1256.8,2021-03-19 16:30:05
477167,17.559573703342014,57.57415474785699,2580.333333333333,9.0,46.0,786.0,1239.0,2021-03-19 16:40:05
477214,17.805599784851076,57.829098510742185,4026.4,9.199999809265137,49.0,756.2,1247.5,2021-03-19 16:50:00
477266,18.146067237854005,58.37033615112305,3306.4,9.199999809265137,49.0,765.5,1265.5,2021-03-19 17:00:06
477318,17.860608673095705,58.79285888671875,2071.0,8.399999618530273,47.0,757.6,1257.9,2021-03-19 17:10:03
477370,17.48035388522678,58.628722720676,2003.0,8.699999809265137,47.0,797.4444444444445,1267.4444444444443,2021-03-19 17:20:05
477417,17.183947563171387,58.7083236694336,2002.7,8.699999809265137,47.0,783.8,1256.1,2021-03-19 17:30:01
477469,16.815442085266113,59.08888397216797,1645.0,8.300000190734863,50.0,759.8,1237.9,2021-03-19 17:40:04
477521,16.406347846984865,59.35927314758301,1308.5,8.199999809265137,51.0,713.4,1218.9,2021-03-19 17:50:05
483054,47.10685157775879,35.973602294921875,4857.8,6.400000095367432,50.0,3152.5,4925.4,2021-03-20 12:00:07
483106,50.5809497833252,33.53368453979492,0.0,6.599999904632568,50.0,3419.8,5394.3,2021-03-20 12:10:04
483158,52.67528800964355,30.000762939453125,859.0,7.0,50.0,3571.1,5409.9,2021-03-20 12:20:05
483210,51.57511266072592,30.013309266832135,18768.666666666668,7.0,50.0,3304.777777777778,4905.555555555556,2021-03-20 12:30:05
483257,49.87010726928711,32.454566383361815,5280.1,7.099999904632568,49.0,3430.3,5114.3,2021-03-20 12:40:04
483309,52.865682220458986,30.277256393432616,0.0,7.099999904632568,49.0,4101.7,5754.8,2021-03-20 12:50:03
483361,55.19047088623047,28.48432140350342,0.0,7.099999904632568,49.0,4656.7,6364.7,2021-03-20 13:00:06
483413,56.35945171780057,27.307884640163845,0.0,8.300000190734863,48.0,4824.0,6263.333333333333,2021-03-20 13:10:05
483460,55.190737915039065,26.986800956726075,9817.9,7.699999809265137,47.0,3900.0,5106.2,2021-03-20 13:20:03
483512,48.905852508544925,29.48805980682373,14824.5,7.699999809265137,47.0,3154.4,4115.8,2021-03-20 13:30:05
483564,40.74559440612793,33.2565803527832,6373.7,8.0,49.0,2494.0,2833.5,2021-03-20 13:40:06
483616,34.3037232293023,37.37222671508789,5022.444444444444,8.100000381469727,47.0,1922.7777777777776,1911.7777777777776,2021-03-20 13:50:05
483663,29.92168312072754,41.06279067993164,4549.7,8.100000381469727,47.0,1559.8,1529.9,2021-03-20 14:00:06
483715,26.719692039489747,44.16739120483398,4675.6,8.300000190734863,48.0,1352.1,1431.0,2021-03-20 14:10:06
483767,24.518005752563475,46.68543586730957,5167.5,8.600000381469727,47.0,1181.4,1369.8,2021-03-20 14:20:07
483819,23.311462190416123,48.49740982055664,6228.888888888889,8.600000381469727,47.0,1135.2222222222222,1364.5555555555557,2021-03-20 14:30:06
483866,22.71633453369141,49.76684188842773,6952.4,8.399999618530273,46.0,1146.3,1383.9,2021-03-20 14:40:04
483918,22.515259170532225,50.69687957763672,7476.6,9.100000381469728,51.0,1131.3,1389.3,2021-03-20 14:50:06
483970,22.40817852020264,51.44167251586914,6828.2,9.100000381469728,51.0,1141.3,1399.5,2021-03-20 15:00:07
484022,22.874121136135525,51.30693520439996,9246.333333333334,8.699999809265137,47.0,1196.888888888889,1431.4444444444443,2021-03-20 15:10:05
484069,22.90032043457031,51.390554428100586,7037.5,8.699999809265137,47.0,1241.6,1453.1,2021-03-20 15:20:03
484121,22.639696502685545,51.61135177612304,7061.1,8.699999809265137,47.0,1209.0,1435.5,2021-03-20 15:30:06
484173,21.86530113220215,52.199130630493165,4838.6,9.300000190734863,48.0,1136.8,1399.7,2021-03-20 15:40:04
484225,21.05503421359592,52.71890385945638,5034.666666666667,9.0,49.0,1064.3333333333333,1366.6666666666667,2021-03-20 15:50:05
484272,20.677805709838868,52.94239692687988,5238.0,8.5,52.0,1044.7,1352.0,2021-03-20 16:00:01
484324,20.40516471862793,53.40810203552246,5573.4,8.899999618530273,55.0,1014.1,1344.9,2021-03-20 16:10:04
484376,20.31677684783936,53.82375831604004,5200.5,8.5,56.0,1046.9,1365.0,2021-03-20 16:20:05
484428,19.95201015472412,54.13260116577148,5067.2,8.5,56.0,1024.6,1352.6,2021-03-20 16:30:04
484480,19.87029838562012,54.66018973456489,4787.888888888889,8.699999809265137,60.0,1019.2222222222222,1356.6666666666667,2021-03-20 16:40:04
484527,19.83985710144043,55.04493751525879,4976.6,8.199999809265137,62.0,996.8,1354.5,2021-03-20 16:50:04
484579,19.7800407409668,55.53063278198242,4760.8,8.199999809265137,62.0,1004.3,1363.9,2021-03-20 17:00:07
484631,19.55172843933105,55.95178146362305,3450.1,7.900000095367432,66.0,998.7,1362.6,2021-03-20 17:10:04
484683,19.03181521097819,56.36140145195855,2977.777777777778,7.800000190734863,65.0,962.0,1342.111111111111,2021-03-20 17:20:04
484730,18.58079643249512,56.69230155944824,2532.1,7.800000190734863,65.0,945.7,1325.6,2021-03-20 17:30:05
484782,18.07530345916748,57.29457550048828,2089.7,7.599999904632568,66.0,886.5,1307.0,2021-03-20 17:40:04
484834,17.554054832458498,57.97344970703125,1574.8,7.400000095367432,67.0,887.9,1298.2,2021-03-20 17:50:03
490362,23.482452201843262,55.47356414794922,7630.5,7.699999809265137,68.0,1550.9,2051.8,2021-03-21 12:00:05
490414,22.545967483520503,54.92027130126953,8681.2,7.599999904632568,65.0,1415.6,1755.4,2021-03-21 12:10:03
490466,24.663805389404292,52.90394401550293,15626.0,7.800000190734863,64.0,1539.8,2095.8,2021-03-21 12:20:05
490518,25.84412087334527,52.39456473456489,15800.111111111111,7.800000190734863,64.0,1656.4444444444443,2307.222222222222,2021-03-21 12:30:05
490565,25.989356994628903,51.996490478515625,11352.2,7.699999809265137,64.0,1675.3,2288.8,2021-03-21 12:40:04
490617,26.32555122375488,50.657969284057614,14050.3,8.0,63.0,1699.0,2276.6,2021-03-21 12:50:04
490669,29.27946891784668,47.86266860961914,9677.6,8.0,63.0,1894.5,2730.6,2021-03-21 13:00:06
490721,28.332570393880207,49.22357050577799,10157.222222222224,8.199999809265137,64.0,1850.111111111111,2540.555555555556,2021-03-21 13:10:04
490768,26.591515922546385,49.82253761291504,9501.1,7.900000095367432,64.0,1672.7,2152.8,2021-03-21 13:20:03
490820,25.79148559570313,49.941558074951175,10667.3,7.900000095367432,64.0,1607.3,2037.7,2021-03-21 13:30:06
490872,26.243038177490234,49.41374855041504,14389.6,8.0,64.0,1652.4,2151.7,2021-03-21 13:40:04
490924,25.714757919311523,50.3423957824707,8860.777777777777,7.400000095367432,65.0,1613.0,2054.0,2021-03-21 13:50:04
490971,25.349516338772244,50.03907987806532,11845.555555555557,7.400000095367432,65.0,1606.4444444444443,2019.555555555556,2021-03-21 14:00:07
491018,25.654764938354493,49.83382949829102,12699.3,7.5,62.0,1629.1,2077.3,2021-03-21 14:10:06
491070,25.62619228363037,49.65941848754883,11060.8,7.800000190734863,61.0,1625.8,2057.0,2021-03-21 14:20:06
491122,25.334977891710068,49.56978098551432,10535.333333333334,7.800000190734863,61.0,1587.888888888889,1951.888888888889,2021-03-21 14:30:06
491169,24.804265022277832,49.94140548706055,10271.1,7.900000095367432,61.0,1519.1,1847.9,2021-03-21 14:40:05
491221,24.47608146667481,50.14862251281738,9630.4,7.900000095367432,61.0,1512.2,1832.9,2021-03-21 14:50:04
491273,23.68432903289795,50.98252792358399,7342.4,7.900000095367432,61.0,1444.9,1680.3,2021-03-21 15:00:06
491325,22.880945841471355,51.90525902642144,6598.777777777777,7.900000095367432,61.0,1357.888888888889,1567.111111111111,2021-03-21 15:10:05
491372,22.2137788772583,51.56923828125,6580.9,7.900000095367432,62.0,1347.5,1529.8,2021-03-21 15:20:05
491424,21.719500923156737,48.51071968078613,7185.8,7.900000095367432,62.0,1347.4,1495.6,2021-03-21 15:30:05
491476,20.92320899963379,50.78019371032715,5357.6,7.800000190734863,64.0,1241.4,1465.7,2021-03-21 15:40:06
491528,20.548561731974285,53.27467091878256,4930.888888888889,7.900000095367432,62.0,1144.0,1449.5555555555557,2021-03-21 15:50:05
491575,20.1696418762207,53.59243125915528,5189.5,7.900000095367432,62.0,1193.1,1470.2,2021-03-21 16:00:08
491627,19.87750816345215,52.87495231628418,5076.1,7.800000190734863,65.0,1164.6,1451.4,2021-03-21 16:10:06
491679,19.490577507019044,53.50057220458984,4344.6,7.400000095367432,64.0,1195.2,1459.4,2021-03-21 16:20:04
491731,19.061188803778755,53.59409289889865,4024.6666666666665,7.400000095367432,64.0,1218.4444444444443,1449.5555555555557,2021-03-21 16:30:06
491778,18.807507197062176,54.46097479926216,4085.0,7.400000095367432,66.0,1088.5555555555557,1414.0,2021-03-21 16:40:04
491825,18.318837356567386,55.414816284179686,2754.2,7.300000190734863,66.0,1037.9,1393.1,2021-03-21 16:50:04
491877,17.950064659118652,56.16464462280273,2929.2,7.300000190734863,66.0,1002.0,1382.4,2021-03-21 17:00:05
491929,17.75510088602702,56.36563958062066,3120.777777777778,7.199999809265137,64.0,1012.6666666666666,1385.0,2021-03-21 17:10:04
491976,17.423683802286785,56.73338233100044,2719.6666666666665,7.199999809265137,65.0,1016.0,1375.888888888889,2021-03-21 17:20:04
492023,17.31265754699707,56.97901878356934,3227.7,7.199999809265137,65.0,997.2,1375.5,2021-03-21 17:30:05
492075,17.240320841471355,57.06891165839301,2787.1111111111118,7.0,66.0,993.8888888888888,1376.2222222222222,2021-03-21 17:40:03
492122,16.922255325317384,57.551842498779294,1942.9,6.900000095367432,66.0,969.2,1360.9,2021-03-21 17:50:04
497630,22.41458740234375,55.784084701538085,3112.1,7.0,72.0,1416.6,1750.1,2021-03-22 12:00:07
497682,20.890363693237305,56.07446441650391,3706.7,7.400000095367432,68.0,1276.2,1520.7,2021-03-22 12:10:06
497734,20.15453974405925,56.321897718641495,5336.666666666667,7.599999904632568,68.0,1239.4444444444443,1496.4444444444443,2021-03-22 12:20:04
497781,19.91569404602051,56.65384864807129,5913.9,7.599999904632568,68.0,1241.6,1505.0,2021-03-22 12:30:05
497833,19.44972152709961,57.27992706298828,4642.2,7.599999904632568,68.0,1209.6,1495.9,2021-03-22 12:40:05
497885,18.9784086227417,57.87991104125977,3886.2,7.5,69.0,1206.5,1492.1,2021-03-22 12:50:05
497937,18.35236485799153,58.6210929022895,2738.333333333333,7.5,69.0,1162.888888888889,1471.6666666666667,2021-03-22 13:00:07
497984,18.00080108642578,58.84657020568848,3868.4,8.0,67.0,1116.4,1446.9,2021-03-22 13:10:04
498036,18.173304557800293,58.75730514526367,5179.3,7.900000095367432,64.0,1164.5,1473.8,2021-03-22 13:20:06
498088,18.22092522515191,59.017149183485245,4155.222222222223,7.900000095367432,64.0,1207.2222222222222,1487.5555555555557,2021-03-22 13:30:06
498135,18.024300193786623,59.2443733215332,3690.8,7.699999809265137,66.0,1152.7,1462.0,2021-03-22 13:40:02
498187,17.94766139984131,59.40489807128906,3833.0,7.800000190734863,66.0,1146.7,1455.6,2021-03-22 13:50:04
498239,18.003738403320312,59.39467430114746,4272.8,7.800000190734863,66.0,1145.0,1458.7,2021-03-22 14:00:06
498291,17.98148579067654,59.33385933770074,3882.444444444444,7.599999904632568,71.0,1138.888888888889,1450.3333333333333,2021-03-22 14:10:08
498338,17.925497436523436,59.46715507507325,3629.1,7.599999904632568,73.0,1098.6,1437.0,2021-03-22 14:20:08
498390,18.07209873199463,59.143206405639646,4929.0,7.599999904632568,73.0,1122.3,1447.5,2021-03-22 14:30:05
498487,18.464904594421387,58.24780616760254,6075.5,7.599999904632568,72.0,1210.2,1495.7,2021-03-22 14:50:11
498539,19.520484924316406,57.48546600341797,8912.7,7.599999904632568,72.0,1263.3,1545.5,2021-03-22 15:00:26
498591,20.747167110443115,56.84119176864624,9917.625,7.900000095367432,71.0,1376.875,1719.0,2021-03-22 15:10:08
498633,21.820824940999348,55.94754282633463,10008.666666666666,7.900000095367432,69.0,1449.5555555555557,1868.555555555556,2021-03-22 15:20:00
498680,22.42900733947754,55.068894958496095,8269.0,7.900000095367432,69.0,1500.7,1883.3,2021-03-22 15:30:04
498732,21.3694206237793,55.93530158996582,3674.9,7.699999809265137,70.0,1390.4,1636.5,2021-03-22 15:40:04
498784,20.378550847371415,56.18795691596137,4150.444444444444,7.699999809265137,67.0,1211.4444444444443,1483.0,2021-03-22 15:50:05
498831,19.92548529307048,56.42303085327149,5631.166666666667,7.800000190734863,69.0,1139.3333333333333,1449.3333333333333,2021-03-22 16:00:07
498863,20.25541920132107,56.28561443752713,6696.777777777777,7.699999809265137,68.0,1207.4444444444443,1498.2222222222222,2021-03-22 16:10:03
498910,20.506904220581056,56.44113845825196,6134.0,7.800000190734863,68.0,1229.5,1515.1,2021-03-22 16:20:06
498962,20.43987922668457,56.58426742553711,4864.4,7.800000190734863,68.0,1250.8,1520.0,2021-03-22 16:30:06
499014,20.15602340698242,56.552681350708006,4072.2,7.800000190734863,67.0,1238.5,1507.4,2021-03-22 16:40:04
499066,19.861100514729817,56.77932993570963,3954.1111111111113,7.900000095367432,67.0,1187.888888888889,1486.0,2021-03-22 16:50:06
499113,19.44277877807617,57.145036697387695,3253.8,7.900000095367432,67.0,1166.0,1465.4,2021-03-22 17:00:07
499165,19.071602821350098,57.716334915161134,2873.5,8.300000190734863,64.0,1097.8,1442.5,2021-03-22 17:10:04
499217,18.71164264678955,58.23086929321289,2649.3,8.0,64.0,1082.3,1435.7,2021-03-22 17:20:06
499269,18.427727381388348,58.528182135687935,2576.333333333333,8.0,64.0,1037.4444444444443,1415.7777777777778,2021-03-22 17:30:04
499316,18.181849098205568,58.89890899658203,2149.0,8.0,63.0,1003.1,1405.3,2021-03-22 17:40:05
499368,17.598382568359376,59.56847457885742,1865.2,7.900000095367432,61.0,879.4,1347.9,2021-03-22 17:50:04
504851,23.868967480129665,58.77029334174262,14035.666666666666,8.0,81.0,1670.6666666666667,2495.6666666666665,2021-03-23 12:00:09
504898,24.76394271850586,57.5947208404541,12969.2,8.100000381469727,80.0,1779.1,2618.8,2021-03-23 12:10:02
504950,25.29934368133545,56.7621883392334,12463.5,8.399999618530273,80.0,1795.3,2603.2,2021-03-23 12:20:04
505002,26.83665199279785,55.448538589477536,14094.8,8.800000190734863,78.0,1853.0,2780.5,2021-03-23 12:30:06
505054,29.967145442962646,51.95925855636597,18695.75,9.5,78.0,2079.125,3230.0,2021-03-23 12:40:04
505096,30.9385440826416,49.92690887451172,16300.3,9.699999809265137,76.0,2171.9,3316.3,2021-03-23 12:50:05
505148,32.410162162780765,47.94934005737305,13239.7,9.699999809265137,76.0,2226.9,3394.5,2021-03-23 13:00:10
505200,30.16468315124512,48.71595306396485,10960.9,10.199999809265137,74.0,2057.6,2946.6,2021-03-23 13:10:06
505252,28.59040514628093,49.54604381985135,8949.555555555555,10.399999618530272,71.0,1914.0,2595.6666666666665,2021-03-23 13:20:07
505299,27.56591892242432,49.84084854125977,9163.8,10.399999618530272,71.0,1830.1,2442.6,2021-03-23 13:30:08
505351,27.20675983428955,49.98352088928223,11229.4,10.699999809265137,69.0,1817.0,2426.1,2021-03-23 13:40:06
505403,27.448691368103027,49.790493392944335,12074.6,11.5,68.0,1869.2,2510.1,2021-03-23 13:50:07
505455,27.413383695814343,49.44736819797092,11313.222222222224,11.5,68.0,1853.111111111111,2472.4444444444443,2021-03-23 14:00:12
505502,26.982719039916997,50.05127029418945,10069.6,12.0,65.0,1816.9,2421.8,2021-03-23 14:10:08
505554,27.110093688964845,50.27435722351074,10926.0,12.100000381469728,67.0,1891.6,2510.0,2021-03-23 14:20:08
505606,26.89860363006592,50.236972427368165,10054.9,12.100000381469728,67.0,1838.2,2420.9,2021-03-23 14:30:09
505658,26.62237315707737,50.06976784600152,9949.444444444443,12.399999618530272,62.0,1803.6666666666667,2338.8888888888887,2021-03-23 14:40:08
505705,26.62382698059082,49.73937530517578,9986.8,12.199999809265137,61.0,1835.2,2382.9,2021-03-23 14:50:05
505757,26.048103904724123,50.001831436157225,9377.3,12.100000381469728,61.0,1759.5,2216.6,2021-03-23 15:00:12
505809,25.169298934936524,50.3839168548584,7331.6,11.899999618530272,61.0,1688.2,2067.2,2021-03-23 15:10:07
505861,24.448428895738388,50.63045205010308,7968.444444444444,11.899999618530272,61.0,1609.0,1920.4444444444443,2021-03-23 15:20:07
505908,24.174067115783693,51.05912818908691,8083.1,11.899999618530272,61.0,1615.3,1950.4,2021-03-23 15:30:07
505960,24.05924301147461,51.5654224395752,7480.2,12.199999809265137,61.0,1608.8,1942.8,2021-03-23 15:40:05
506012,24.023193550109863,51.85122489929199,7407.6,12.0,59.0,1614.0,1962.2,2021-03-23 15:50:07
506064,23.79716512891981,52.33166376749674,5973.444444444444,11.800000190734863,61.0,1609.5555555555557,1965.2222222222224,2021-03-23 16:00:10
506111,23.38391704559326,52.77866744995117,4977.1,11.600000381469728,61.0,1575.2,1885.7,2021-03-23 16:10:05
506163,22.799114799499517,53.39650535583496,3990.9,11.899999618530272,60.0,1522.7,1796.3,2021-03-23 16:20:07
506215,22.08346672058105,53.88357353210449,3121.5,11.899999618530272,60.0,1460.6,1677.7,2021-03-23 16:30:06
506267,21.436594433254665,54.55218972100152,2614.0,11.399999618530272,62.0,1402.4444444444443,1593.7777777777778,2021-03-23 16:40:05
506314,20.877012252807617,55.01686134338379,2508.0,11.600000381469728,61.0,1371.3,1548.5,2021-03-23 16:50:06
506366,20.490348625183103,55.05973892211914,3087.8,11.600000381469728,61.0,1392.8,1554.6,2021-03-23 17:00:08
506418,20.30956707000733,55.369497299194336,3463.3,11.0,63.0,1363.8,1541.2,2021-03-23 17:10:04
506470,20.25571568806966,55.602180057101776,3479.1111111111118,11.199999809265137,63.0,1368.111111111111,1546.0,2021-03-23 17:20:04
506517,20.01529712677002,56.05966300964356,2880.9,10.800000190734863,64.0,1330.8,1535.2,2021-03-23 17:30:05
506569,19.65640506744385,56.7150375366211,2350.0,10.5,66.0,1288.8,1518.6,2021-03-23 17:40:05
506621,19.30448553297255,57.35323799981011,2029.6666666666667,10.5,67.0,1252.5555555555557,1495.0,2021-03-23 17:50:06
512139,49.51895904541016,29.81048259735108,0.0,12.600000381469728,58.0,3888.2,5237.6,2021-03-24 12:00:08
512191,52.342980278862846,28.033366521199543,0.0,13.199999809265137,57.0,4123.0,5331.333333333333,2021-03-24 12:10:05
512238,51.79541549682617,28.051880836486816,19652.8,13.300000190734863,57.0,3842.0,5115.7,2021-03-24 12:20:07
512290,49.620165252685545,29.512627029418944,6860.5,13.699999809265137,57.0,4140.2,5140.3,2021-03-24 12:30:07
512342,53.21042098999023,27.38506145477295,0.0,13.800000190734863,55.0,5138.6,6056.7,2021-03-24 12:40:07
512394,55.77553982204861,26.03765614827474,0.0,13.699999809265137,52.0,5831.0,6953.444444444444,2021-03-24 12:50:07
512441,57.53234977722168,24.77332706451416,0.0,13.800000190734863,51.0,6217.6,7331.7,2021-03-24 13:00:10
512493,57.956930541992186,23.92462024688721,0.0,14.199999809265137,52.0,6372.8,7079.7,2021-03-24 13:10:05
512545,54.86095199584961,24.3723201751709,13279.2,14.199999809265137,52.0,5084.4,5451.4,2021-03-24 13:20:06
512597,49.55040952894423,25.96085209316677,19327.88888888889,14.199999809265137,52.0,3294.333333333333,4032.0,2021-03-24 13:30:07
512644,44.47016868591309,28.523689842224123,13196.0,14.5,51.0,2954.6,3455.5,2021-03-24 13:40:08
512696,38.966887664794925,31.47325916290283,9357.1,14.5,51.0,2521.2,2743.3,2021-03-24 13:50:06
512748,35.05298767089844,34.295109558105466,8458.5,14.5,51.0,2247.2,2362.8,2021-03-24 14:00:10
512800,32.436273362901474,36.50364854600694,8141.666666666667,14.699999809265137,49.0,2035.6666666666667,2101.555555555556,2021-03-24 14:10:07
512847,30.63350359598796,38.51614464653863,7619.555555555556,14.600000381469728,47.0,1902.2222222222224,1951.888888888889,2021-03-24 14:20:07
512894,29.310177421569826,40.638285064697264,8475.8,14.600000381469728,47.0,1846.1,1964.0,2021-03-24 14:30:11
512946,28.362537384033203,42.088621351454,7498.777777777777,14.800000190734863,47.0,1848.888888888889,1983.0,2021-03-24 14:40:06
512993,27.705577087402343,42.7275505065918,7568.7,15.0,47.0,1815.9,1917.4,2021-03-24 14:50:08
513045,27.42065315246582,43.67544059753418,7785.7,15.100000381469728,49.0,1806.0,1952.0,2021-03-24 15:00:11
513097,27.043098237779404,44.44936158921983,6773.777777777777,14.800000190734863,47.0,1793.4444444444443,1945.555555555556,2021-03-24 15:10:08
513144,26.467879676818846,45.41954650878906,6025.2,15.199999809265137,48.0,1734.3,1896.4,2021-03-24 15:20:02
513196,26.123140144348145,45.68474807739258,6871.5,15.199999809265137,48.0,1718.7,1865.9,2021-03-24 15:30:09
513248,25.743953704833984,46.28503837585449,5732.0,14.699999809265137,48.0,1727.1,1903.5,2021-03-24 15:40:06
513300,25.285131878323025,46.407940758599175,5554.666666666667,15.300000190734863,46.0,1714.888888888889,1873.7777777777776,2021-03-24 15:50:06
513347,24.790646171569826,46.99733009338379,4922.7,15.100000381469728,46.0,1679.1,1794.1,2021-03-24 16:00:01
513399,24.283283615112303,47.81246719360352,4527.3,15.0,45.0,1637.9,1765.0,2021-03-24 16:10:07
513451,23.768088234795464,48.17798741658529,4035.0,14.800000190734863,46.0,1655.0,1758.7777777777778,2021-03-24 16:20:06
513498,23.31235228644477,49.06063758002387,3757.777777777778,15.300000190734863,45.0,1575.5555555555557,1677.6666666666667,2021-03-24 16:30:07
513545,22.90058727264404,49.2823673248291,3335.8,15.0,45.0,1617.2,1706.4,2021-03-24 16:40:06
513597,22.462000952826607,49.81205961439345,3104.6666666666665,15.100000381469728,44.0,1566.7777777777778,1647.111111111111,2021-03-24 16:50:07
513644,22.306639194488525,50.22793197631836,3711.625,15.100000381469728,44.0,1524.0,1607.5,2021-03-24 17:00:08
513686,22.20790405273437,50.861677169799805,3385.5,14.899999618530272,45.0,1475.9,1570.4,2021-03-24 17:10:04
513738,22.06370658874512,51.08506889343262,3212.2,14.899999618530272,45.0,1414.6,1540.0,2021-03-24 17:20:06
513790,21.8084228515625,51.83749122619629,2684.2,14.899999618530272,45.0,1314.2,1504.9,2021-03-24 17:30:07
513842,21.479913075764973,53.09173244900174,2322.222222222222,14.899999618530272,47.0,1190.2222222222222,1462.6666666666667,2021-03-24 17:40:06
513889,21.09063854217529,53.82726783752442,1954.0,14.699999809265137,46.0,1163.1,1458.9,2021-03-24 17:50:05
519387,22.56412582397461,61.55413131713867,11413.5,10.199999809265137,86.0,1536.2,2240.1,2021-03-25 12:00:06
519439,28.0797790951199,56.329527113172745,18982.88888888889,10.100000381469728,85.0,1885.555555555556,3071.333333333333,2021-03-25 12:10:04
519486,30.86671257019043,55.28174040052626,13381.666666666666,10.100000381469728,85.0,2081.4444444444443,3458.333333333333,2021-03-25 12:20:05
519533,34.21263446807861,51.065079879760745,6987.8,10.300000190734863,85.0,2304.5,3884.6,2021-03-25 12:30:03
519585,34.72640495300293,46.76249313354492,9157.8,11.300000190734863,76.0,2507.2,3856.3,2021-03-25 12:40:04
519637,31.75726718902588,45.20820922851563,10073.2,11.100000381469728,74.0,2189.6,3004.2,2021-03-25 12:50:06
519689,31.92119577195909,43.82984500461154,12565.111111111111,11.100000381469728,74.0,2077.555555555556,2889.6666666666665,2021-03-25 13:00:08
519736,39.536735916137694,38.33798713684082,5105.2,11.100000381469728,71.0,2560.2,3988.3,2021-03-25 13:10:04
519788,40.62970199584961,35.82207984924317,9349.8,11.0,71.0,2604.5,3841.6,2021-03-25 13:20:05
519840,41.863460063934326,33.444533348083496,23073.625,11.0,71.0,2544.5,3658.625,2021-03-25 13:30:07
519882,39.034180068969725,33.761806106567384,13975.6,10.699999809265137,73.0,2379.3,3185.1,2021-03-25 13:40:01
519934,34.492425282796226,35.282757653130425,8179.222222222223,10.899999618530272,72.0,1995.888888888889,2397.777777777778,2021-03-25 13:50:04
519981,30.90543212890625,37.61837158203125,8564.3,10.899999618530272,72.0,1732.8,1978.7,2021-03-25 14:00:10
520033,29.061272939046223,38.667547861735024,9749.0,10.899999618530272,71.0,1629.2222222222222,1832.888888888889,2021-03-25 14:10:06
520080,28.33710994720459,39.67849235534668,10203.9,11.0,71.0,1606.3,1847.1,2021-03-25 14:20:07
520132,27.054016876220704,40.61234474182129,8151.8,11.0,71.0,1532.4,1703.0,2021-03-25 14:30:07
520184,26.233424949646,41.289540481567386,7106.5,11.399999618530272,70.0,1521.0,1654.1,2021-03-25 14:40:05
520236,24.91989008585612,41.779541015625,5318.0,12.0,69.0,1418.5555555555557,1532.3333333333333,2021-03-25 14:50:06
520283,23.731059646606447,42.489204788208006,4303.4,12.0,69.0,1344.2,1485.0,2021-03-25 15:00:08
520335,22.7107271194458,42.97825584411621,4107.8,12.5,64.0,1229.3,1437.9,2021-03-25 15:10:04
520387,21.989352332221134,43.79712210761176,3927.6666666666665,12.399999618530272,57.0,1213.0,1440.111111111111,2021-03-25 15:20:06
520434,21.46768913269043,44.32349128723145,3777.3,12.300000190734863,58.0,1188.8,1425.9,2021-03-25 15:30:01
520486,20.97261047363281,44.69047050476074,3562.2,12.300000190734863,58.0,1160.3,1409.8,2021-03-25 15:40:05
520538,20.619859504699708,45.55092697143554,3372.3,12.600000381469728,53.0,1159.3,1417.1,2021-03-25 15:50:06
520590,20.31743007236057,46.18431176079644,3169.4444444444443,13.100000381469728,51.0,1158.111111111111,1422.6666666666667,2021-03-25 16:00:07
520637,20.059624481201173,46.77683639526367,3083.6,12.699999809265137,51.0,1151.9,1428.5,2021-03-25 16:10:04
520689,19.85374221801758,47.46837615966797,2970.8,13.100000381469728,51.0,1150.8,1434.0,2021-03-25 16:20:05
520741,19.646584192911785,48.43874825371636,2828.8888888888887,13.100000381469728,51.0,1164.2222222222222,1444.3333333333333,2021-03-25 16:30:05
520788,19.48603801727295,49.063248825073245,2745.6,13.300000190734863,51.0,1145.0,1443.1,2021-03-25 16:40:01
520840,19.31540412902832,49.6829174041748,2614.1,13.199999809265137,50.0,1129.4,1434.0,2021-03-25 16:50:04
520892,19.16159324645996,50.49408721923828,2442.8,13.199999809265137,50.0,1081.4,1421.2,2021-03-25 17:00:06
520944,18.99265013800727,51.691632164849175,2280.6666666666665,12.899999618530272,50.0,1052.4444444444443,1409.111111111111,2021-03-25 17:10:04
520991,18.800831604003907,53.43678932189941,2132.0,13.0,51.0,863.1,1354.4,2021-03-25 17:20:02
521043,18.609368896484376,54.36026573181152,2014.8,13.0,51.0,824.8,1346.1,2021-03-25 17:30:05
521095,18.44674606323242,55.124742126464845,1845.8,12.899999618530272,52.0,790.9,1330.9,2021-03-25 17:40:06
521147,18.29421106974284,55.63490253024631,1672.5555555555557,12.5,52.0,779.8888888888889,1331.4444444444443,2021-03-25 17:50:06
526650,51.437442779541016,33.4474368625217,24105.444444444445,12.800000190734863,58.0,4956.444444444444,6805.111111111111,2021-03-26 12:00:06
526697,50.7425033569336,33.41863098144531,10055.3,12.699999809265137,58.0,4406.1,5853.4,2021-03-26 12:10:05
526749,50.73449287414551,33.60372352600098,18333.1,13.5,58.0,4798.8,6196.6,2021-03-26 12:20:04
526801,52.662530263264976,32.180259704589844,0.0,13.5,58.0,5366.444444444444,7099.555555555556,2021-03-26 12:30:06
526848,53.48884794447157,30.60552872551812,4579.111111111111,13.399999618530272,53.0,5437.444444444444,6739.0,2021-03-26 12:40:05
526895,53.96025009155274,29.7862211227417,3449.1,13.5,51.0,5280.7,6543.5,2021-03-26 12:50:04
526947,54.54451866149903,29.247730255126957,6701.2,13.5,51.0,5565.1,6729.5,2021-03-26 13:00:08
526999,53.21042137145996,29.897306823730467,9225.3,13.699999809265137,51.0,5255.4,6185.2,2021-03-26 13:10:05
527051,46.936158074273,32.57462077670627,15798.444444444443,13.100000381469728,52.0,3415.222222222222,4352.0,2021-03-26 13:20:04
527098,41.99076843261719,35.143816757202146,12066.3,13.100000381469728,52.0,2828.8,3417.1,2021-03-26 13:30:06
527150,36.71045989990235,38.83802528381348,5945.2,13.199999809265137,51.0,2258.4,2515.2,2021-03-26 13:40:06
527202,33.50339431762696,41.69787139892578,7741.7,13.699999809265137,51.0,1990.7,2155.3,2021-03-26 13:50:04
527254,31.515602111816406,43.93174150254991,7593.555555555556,13.699999809265137,51.0,1771.7777777777778,1886.3333333333333,2021-03-26 14:00:06
527301,30.49473552703857,45.10276908874512,8601.0,12.899999618530272,53.0,1693.8,1815.3,2021-03-26 14:10:06
527353,29.93556861877441,46.11169624328613,9025.8,12.699999809265137,53.0,1673.1,1838.1,2021-03-26 14:20:06
527405,29.79537620544433,46.18310775756836,10744.4,12.699999809265137,53.0,1673.1,1858.8,2021-03-26 14:30:07
527457,30.063833236694336,46.2344970703125,10328.0,12.899999618530272,54.0,1727.6666666666667,1995.888888888889,2021-03-26 14:40:06
527504,29.617265510559083,47.02677955627441,7789.3,12.800000190734863,51.0,1667.3,1908.9,2021-03-26 14:50:04
527556,28.62043190002441,47.92904510498047,6052.6,12.800000190734863,51.0,1566.1,1730.7,2021-03-26 15:00:08
527608,28.55287284851074,48.06408767700195,9775.3,13.100000381469728,51.0,1534.6,1720.9,2021-03-26 15:10:05
527660,28.72303178575304,48.55115593804253,7971.888888888889,13.300000190734863,51.0,1604.888888888889,1853.0,2021-03-26 15:20:06
527707,28.24364852905273,48.45777053833008,7572.1,13.300000190734863,51.0,1556.3,1772.0,2021-03-26 15:30:06
527759,27.86179122924805,49.03669815063476,6887.2,13.699999809265137,49.0,1502.2,1693.1,2021-03-26 15:40:05
527811,27.397362179226345,49.79527452256944,5845.333333333333,13.100000381469728,50.0,1468.4444444444443,1654.5555555555557,2021-03-26 15:50:06
527858,27.03826198577881,49.83077735900879,6638.4,13.399999618530272,51.0,1455.7,1625.9,2021-03-26 16:00:05
527910,26.985122680664062,50.046387100219725,6613.6,13.399999618530272,52.0,1458.2,1644.0,2021-03-26 16:10:05
527962,26.44678401947021,50.83237915039062,5869.0,13.100000381469728,52.0,1361.6,1546.3,2021-03-26 16:20:03
528014,26.20198154449463,50.91668558120728,5679.0,13.100000381469728,52.0,1369.0,1557.5,2021-03-26 16:30:05
528056,26.00350952148437,50.58976097106934,5737.3,12.800000190734863,52.0,1385.8,1549.1,2021-03-26 16:40:05
528108,25.53673610687256,51.164720916748045,4042.5,13.199999809265137,52.0,1322.1,1525.4,2021-03-26 16:50:04
528160,25.03560447692871,51.47190178765191,4259.666666666667,13.199999809265137,52.0,1255.3333333333333,1495.5555555555557,2021-03-26 17:00:06
528207,24.730297088623047,50.657580057779946,4665.111111111111,12.800000190734863,54.0,1360.111111111111,1544.5555555555557,2021-03-26 17:10:04
528254,24.340696144104005,52.53620147705078,3536.3,12.699999809265137,53.0,1296.2,1556.1,2021-03-26 17:20:05
528306,23.304044511583115,54.11272981431749,2010.111111111111,12.699999809265137,53.0,1225.2222222222222,1536.2222222222222,2021-03-26 17:30:06
528353,22.394945992363823,55.186456468370224,1742.6666666666667,12.699999809265137,53.0,1130.4444444444443,1502.6666666666667,2021-03-26 17:40:06
528400,21.606813049316408,56.0091552734375,1418.7,12.699999809265137,54.0,1094.2,1486.8,2021-03-26 17:50:07
533898,45.385824584960936,34.644693756103514,2367.9,8.0,56.0,2915.1,4558.8,2021-03-27 12:00:08
533950,47.30045051574707,33.9629207611084,9986.9,7.699999809265137,57.0,3127.0,4866.3,2021-03-27 12:10:03
534002,42.66589403152466,34.89871835708618,11853.375,7.699999809265137,54.0,2653.625,3727.125,2021-03-27 12:20:04
534044,44.68780059814453,33.606164169311526,5983.0,7.699999809265137,54.0,2773.8,4107.0,2021-03-27 12:30:00
534096,45.3019167582194,32.967455334133575,3263.222222222222,8.300000190734863,54.0,2868.222222222222,4211.555555555556,2021-03-27 12:40:04
534143,47.999274826049806,31.33699569702149,4174.1,8.399999618530273,55.0,3066.6,4585.8,2021-03-27 12:50:05
534195,49.65781699286567,30.4595512813992,5630.333333333333,8.399999618530273,55.0,3216.1111111111118,4841.333333333333,2021-03-27 13:00:06
534242,54.68711357116699,28.239261627197266,4379.1,8.399999618530273,60.0,4383.6,6627.2,2021-03-27 13:10:05
534294,55.64282417297363,27.115739631652836,1023.0,8.899999618530273,57.0,4465.1,6223.7,2021-03-27 13:20:04
534346,53.29587287902832,27.17677574157715,17935.6,8.899999618530273,57.0,3624.7,4922.7,2021-03-27 13:30:05
534398,46.76288392808702,29.24001587761773,16560.555555555555,7.800000190734863,62.0,2922.8888888888887,3765.8888888888887,2021-03-27 13:40:05
534445,40.48897514343262,32.838483047485354,11180.9,8.0,62.0,2345.6,2817.9,2021-03-27 13:50:04
534497,35.304264831542966,36.008544921875,8744.5,8.0,62.0,1929.7,2136.3,2021-03-27 14:00:07
534549,31.42133960723877,39.38277282714844,7622.6,8.899999618530273,64.0,1588.7,1669.2,2021-03-27 14:10:05
534601,28.93843799167209,42.13253275553385,5981.666666666667,8.899999618530273,56.0,1443.2222222222222,1539.7777777777778,2021-03-27 14:20:05
534648,26.8062105178833,44.018463134765625,5635.2,8.899999618530273,56.0,1309.7,1467.1,2021-03-27 14:30:04
534700,25.34233627319336,45.69680328369141,5774.3,8.600000381469727,56.0,1219.3,1437.8,2021-03-27 14:40:05
534752,24.334287071228022,46.67109146118164,6318.1,9.0,53.0,1164.7,1418.2,2021-03-27 14:50:04
534804,23.85531891716851,47.39469146728516,6882.111111111111,9.0,53.0,1165.3333333333333,1419.6666666666667,2021-03-27 15:00:08
534851,23.26134910583496,48.43350906372071,5546.8,8.899999618530273,55.0,1149.6,1413.0,2021-03-27 15:10:04
534903,22.526207160949703,48.86457595825196,4116.0,9.699999809265137,55.0,1093.6,1389.2,2021-03-27 15:20:05
534955,21.78786144256592,49.47005462646485,4606.7,9.699999809265137,55.0,1018.7,1355.4,2021-03-27 15:30:05
535007,20.90757264031304,50.24032931857639,3267.8888888888887,9.199999809265137,52.0,977.5555555555557,1332.4444444444443,2021-03-27 15:40:04
535054,20.073510360717773,51.418021011352536,2915.7,9.100000381469728,53.0,901.2,1296.0,2021-03-27 15:50:04
535106,19.39471282958984,52.22995376586914,2862.3,9.399999618530272,50.0,876.2,1287.2,2021-03-27 16:00:08
535158,18.922331619262696,53.03959770202637,2693.3,9.600000381469728,52.0,834.2,1274.4,2021-03-27 16:10:05
535210,18.508727179633247,53.6264771355523,2421.6666666666665,8.899999618530273,47.0,830.1111111111111,1272.3333333333333,2021-03-27 16:20:05
535257,18.213359451293947,53.81902809143067,2593.8,8.899999618530273,47.0,783.6,1251.6,2021-03-27 16:30:03
535309,17.92362823486328,54.32990036010742,2243.2,8.0,52.0,766.3,1250.6,2021-03-27 16:40:05
535361,17.665674781799318,54.56931343078613,2183.9,8.0,53.0,777.8,1250.6,2021-03-27 16:50:04
535413,17.44089232550727,55.14390140109592,2165.555555555556,8.0,53.0,743.8888888888889,1244.7777777777778,2021-03-27 17:00:06
535460,17.3155948638916,55.21431350708008,2154.3,8.100000381469727,54.0,762.4,1247.5,2021-03-27 17:10:01
535512,17.171397018432618,55.23613395690918,2054.3,9.100000381469728,53.0,775.5,1253.8,2021-03-27 17:20:04
535564,17.28595390319824,55.64583778381348,2832.1,9.100000381469728,53.0,727.5,1247.7,2021-03-27 17:30:06
535616,17.434364954630535,56.433627658420136,2633.555555555556,8.699999809265137,50.0,701.4444444444445,1247.2222222222222,2021-03-27 17:40:04
535663,17.417452918158638,56.7679697672526,1799.4444444444443,8.600000381469727,51.0,738.5555555555555,1267.7777777777778,2021-03-27 17:50:01
540829,33.22194213867188,36.469824981689456,15256.0,11.5,55.0,1909.2,2469.7,2021-03-28 12:00:01
540881,32.35648899078369,37.45448989868164,14823.4,12.100000381469728,53.0,1899.9,2472.7,2021-03-28 12:10:06
540933,31.45792350769043,38.002441787719725,15066.1,12.0,54.0,1847.6,2354.1,2021-03-28 12:20:05
540985,30.587217966715496,38.79046800401476,12758.333333333334,12.0,54.0,1789.7777777777778,2277.1111111111118,2021-03-28 12:30:07
541032,29.07412090301513,39.974975204467775,9374.3,11.800000190734863,58.0,1686.4,2068.7,2021-03-28 12:40:03
541084,27.498092460632325,41.28648796081543,8570.5,11.800000190734863,57.0,1562.8,1908.8,2021-03-28 12:50:06
541136,26.96189060211181,42.266269302368165,11354.8,11.800000190734863,57.0,1584.4,1939.2,2021-03-28 13:00:06
541188,27.381636301676437,42.22544394599067,12990.0,12.0,58.0,1650.4444444444443,2077.222222222222,2021-03-28 13:10:05
541235,26.778439331054688,43.11238250732422,8673.7,12.100000381469728,59.0,1644.9,2022.1,2021-03-28 13:20:03
541287,26.64785976409912,43.40398254394531,11953.0,12.100000381469728,59.0,1657.4,2059.0,2021-03-28 13:30:09
541339,28.63458404541016,42.37888107299805,17764.0,12.100000381469728,56.0,1920.9,2536.2,2021-03-28 13:40:06
541391,30.17242685953776,41.2673462761773,17180.777777777777,11.899999618530272,56.0,2176.1111111111118,2937.0,2021-03-28 13:50:06
541438,30.22075996398926,40.6564437866211,12942.3,11.899999618530272,56.0,1983.6,2596.6,2021-03-28 14:00:04
541490,29.060086568196613,40.87858072916666,10753.111111111111,12.100000381469728,57.0,1766.111111111111,2188.222222222222,2021-03-28 14:10:06
541537,28.7098876953125,41.2919807434082,12884.4,12.300000190734863,56.0,1780.5,2237.6,2021-03-28 14:20:07
541589,29.34670172797309,41.351610819498696,16145.777777777776,12.300000190734863,56.0,1855.888888888889,2423.0,2021-03-28 14:30:07
541636,30.57351016998291,40.79713134765625,16572.4,12.899999618530272,54.0,2034.0,2713.9,2021-03-28 14:40:05
541688,30.53238754272461,40.52658958435059,12232.0,12.800000190734863,56.0,2033.1,2655.2,2021-03-28 14:50:05
541740,29.23460712432861,41.47432670593262,9663.4,12.800000190734863,56.0,1890.8,2383.1,2021-03-28 15:00:09
541792,28.38894377814399,42.16847652859158,9525.555555555557,12.899999618530272,57.0,1816.888888888889,2251.6666666666665,2021-03-28 15:10:08
541839,28.073014640808104,42.324406433105466,10507.9,12.899999618530272,56.0,1796.2,2222.7,2021-03-28 15:20:05
541891,27.74750156402588,42.77027587890625,9568.5,12.899999618530272,56.0,1781.1,2193.2,2021-03-28 15:30:07
541943,27.471240997314453,43.11012819078233,10004.777777777776,13.0,56.0,1765.111111111111,2200.333333333333,2021-03-28 15:40:08
541990,27.827610969543457,42.53528633117676,11976.7,13.0,56.0,1795.3,2253.2,2021-03-28 15:50:06
542042,27.649233436584478,41.2039363861084,10311.3,13.0,56.0,1698.5,2045.4,2021-03-28 16:00:06
542094,27.049328909979927,42.57334942287869,10018.666666666666,13.100000381469728,57.0,1607.5555555555557,1994.0,2021-03-28 16:10:05
542141,26.86202087402344,42.937056350708005,10867.0,13.100000381469728,57.0,1656.5,2063.6,2021-03-28 16:20:04
542193,26.743724632263184,42.49835968017578,10384.1,13.100000381469728,57.0,1623.2,1996.9,2021-03-28 16:30:07
542245,26.23235664367676,43.08247528076172,9102.4,13.100000381469728,57.0,1604.6,1975.3,2021-03-28 16:40:05
542297,25.69665908813477,45.8036846584744,6733.333333333333,13.699999809265137,57.0,1661.5555555555557,2096.4444444444443,2021-03-28 16:50:04
542344,25.415503311157227,48.47211418151856,6346.3,13.5,56.0,1643.8,2136.9,2021-03-28 17:00:08
542396,25.245670127868653,49.93225021362305,6037.5,13.800000190734863,56.0,1658.4,2167.8,2021-03-28 17:10:04
542448,24.998130798339844,50.911421585083005,6077.7,13.899999618530272,55.0,1628.9,2127.1,2021-03-28 17:20:05
542500,24.70270326402452,51.55362319946289,4706.555555555556,13.899999618530272,55.0,1618.111111111111,2087.6666666666665,2021-03-28 17:30:09
542547,24.15736262003581,52.37404929267036,4150.0,13.399999618530272,56.0,1539.111111111111,1970.4444444444443,2021-03-28 17:40:05
542594,23.947623634338377,52.812543106079104,4991.1,13.300000190734863,56.0,1533.6,1963.4,2021-03-28 17:50:07
547682,47.59204978942872,29.274891662597657,22469.3,14.5,50.0,3057.8,4383.1,2021-03-29 12:00:05
547734,50.41084899902344,27.35576438903809,0.0,15.399999618530272,46.0,3195.4,4629.3,2021-03-29 12:10:05
547786,52.894922733306885,25.36945915222168,0.0,15.5,44.0,3278.125,4760.625,2021-03-29 12:20:04
547828,54.28950157165527,24.592355155944823,0.0,15.5,44.0,3492.0,5050.1,2021-03-29 12:30:06
547880,55.75851631164551,26.0961697101593,3526.25,16.200000762939453,39.0,4409.0,6204.25,2021-03-29 12:40:06
547922,51.505950927734375,28.555886268615723,11092.0,16.700000762939453,40.0,3949.4,5194.5,2021-03-29 12:50:00
547974,52.19836730957032,28.31479358673096,0.0,16.700000762939453,40.0,4323.1,5504.6,2021-03-29 13:00:07
548026,53.73594207763672,27.707179450988768,12869.2,16.899999618530273,36.0,4702.8,5819.6,2021-03-29 13:10:05
548078,51.48105706108941,28.57336637708876,7505.555555555556,17.299999237060547,35.0,5023.111111111111,5684.0,2021-03-29 13:20:04
548125,56.65941886901855,26.203250122070312,0.0,17.299999237060547,35.0,6663.6,8385.6,2021-03-29 13:30:05
548177,60.364767456054686,24.106050109863283,0.0,17.799999237060547,39.0,7763.3,9814.5,2021-03-29 13:40:05
548229,62.82817543877496,22.66422504848904,0.0,18.0,37.0,8522.666666666666,10733.888888888889,2021-03-29 13:50:04
548276,63.64648225572374,22.024363623725044,0.0,18.0,37.0,8944.555555555555,10984.111111111111,2021-03-29 14:00:08
548323,65.1879150390625,20.945296478271484,0.0,18.399999618530277,31.0,9330.4,11371.9,2021-03-29 14:10:07
548375,65.45200958251954,19.96520977020264,0.0,18.5,31.0,9076.9,10483.7,2021-03-29 14:20:06
548427,63.19816377427843,20.199723349677196,12767.555555555557,18.5,31.0,7783.888888888889,7857.333333333333,2021-03-29 14:30:06
548474,55.31277198791504,22.69520092010498,14608.0,18.700000762939453,31.0,5346.0,4848.6,2021-03-29 14:40:06
548526,47.22167549133301,25.436026573181152,6282.8,19.0,29.0,3210.2,3445.6,2021-03-29 14:50:04
548578,40.71728858947754,28.014648628234863,4564.9,19.0,29.0,2539.6,2416.3,2021-03-29 15:00:09
548630,36.452706813812256,30.828755617141724,4052.125,19.100000381469727,26.0,2113.625,1874.625,2021-03-29 15:10:05
548672,33.6972599029541,33.02311706542969,3804.3,19.899999618530277,28.0,1882.5,1638.8,2021-03-29 15:20:06
548724,31.578355407714845,34.90791244506836,3667.9,19.899999618530277,28.0,1709.3,1520.3,2021-03-29 15:30:08
548776,30.09445323944092,35.76256980895996,3487.4,19.600000381469727,28.0,1637.4,1483.6,2021-03-29 15:40:05
548828,29.063350465562607,37.05517832438151,3398.6666666666665,19.399999618530277,24.0,1553.4444444444443,1465.111111111111,2021-03-29 15:50:04
548875,28.334172439575195,37.80682106018067,3285.0,19.399999618530277,24.0,1557.2,1467.6,2021-03-29 16:00:10
548927,27.78435173034668,38.3176929473877,3193.3,20.200000762939453,26.0,1551.4,1469.8,2021-03-29 16:10:05
548979,27.332265090942386,38.56046371459961,3095.6,19.799999237060547,25.0,1548.9,1470.6,2021-03-29 16:20:06
549031,26.965065638224285,38.76740985446506,3002.555555555556,19.799999237060547,25.0,1569.3333333333333,1477.2222222222222,2021-03-29 16:30:04
549078,26.656672477722168,39.02983131408691,2872.9,20.0,25.0,1530.1,1473.2,2021-03-29 16:40:06
549130,26.37014560699463,39.144579315185545,2766.7,20.299999237060547,25.0,1508.8,1460.8,2021-03-29 16:50:04
549182,26.10925464630127,39.72793159484864,2703.0,20.200000762939453,25.0,1492.9,1463.4,2021-03-29 17:00:05
549234,25.86578008863661,40.08595911661784,2598.1111111111118,19.899999618530277,24.0,1492.6666666666667,1472.111111111111,2021-03-29 17:10:05
549281,25.641413307189943,40.454872131347656,2507.5,20.0,25.0,1506.9,1476.2,2021-03-29 17:20:04
549333,25.42912197113037,40.52689437866211,2430.8,20.0,25.0,1488.5,1468.0,2021-03-29 17:30:05
549385,25.242999606662327,40.73362011379666,2333.333333333333,19.899999618530277,26.0,1441.6666666666667,1449.5555555555557,2021-03-29 17:40:04
549432,25.06515598297119,41.40596656799316,2257.5,20.0,27.0,1427.2,1465.5,2021-03-29 17:50:00
554950,45.84191665649414,27.43297481536865,20959.7,11.300000190734863,66.0,3023.2,4292.1,2021-03-30 12:00:09
555002,49.21988254123264,25.64210764567057,2958.777777777778,11.300000190734863,66.0,3101.333333333333,4473.444444444444,2021-03-30 12:10:05
555049,52.34603614807129,23.718165779113768,0.0,11.300000190734863,66.0,3193.5,4562.1,2021-03-30 12:20:05
555101,54.64732627868652,22.20004596710205,0.0,11.300000190734863,66.0,3329.7,4724.4,2021-03-30 12:30:06
555153,56.328891330295136,20.99692259894477,0.0,11.300000190734863,66.0,3471.777777777778,4811.777777777777,2021-03-30 12:40:06
555200,53.016822814941406,22.14404525756836,16711.9,11.300000190734863,66.0,3302.2,4367.7,2021-03-30 12:50:05
555252,51.45548210144043,22.661173629760743,0.0,11.300000190734863,66.0,3324.2,4440.7,2021-03-30 13:00:09
555304,52.73029708862305,21.53200569152832,17028.8,11.300000190734863,66.0,3332.8,4323.8,2021-03-30 13:10:05
555356,52.657782236735024,21.81294144524468,13846.333333333334,11.300000190734863,66.0,3813.8888888888887,4690.555555555556,2021-03-30 13:20:05
555403,55.09166831970215,20.76447696685791,0.0,11.300000190734863,66.0,4312.2,4904.5,2021-03-30 13:30:07
555455,59.07820281982422,19.57076358795166,0.0,11.300000190734863,66.0,5591.3,5733.3,2021-03-30 13:40:06
555507,61.42684597439237,18.56056552463108,0.0,11.300000190734863,66.0,6419.444444444444,6646.777777777777,2021-03-30 13:50:05
555554,62.319447708129886,17.854733848571776,0.0,11.300000190734863,66.0,6575.1,6561.7,2021-03-30 14:00:00
555606,63.07888908386231,17.425345420837402,0.0,11.300000190734863,66.0,6668.0,6571.5,2021-03-30 14:10:06
555658,63.14084129333496,17.063706398010254,0.0,11.300000190734863,66.0,6538.2,6177.1,2021-03-30 14:20:06
555710,61.787339528401695,17.21387227376302,5247.222222222223,20.200000762939453,34.0,5676.444444444444,5217.333333333333,2021-03-30 14:30:06
555757,54.99847412109375,18.81345825195313,15399.4,20.700000762939453,33.0,4006.6,4137.1,2021-03-30 14:40:01
555809,46.88334503173828,21.086595153808595,8120.3,20.799999237060547,36.0,2861.7,2961.7,2021-03-30 14:50:05
555861,41.03746109008789,23.438620567321777,6372.9,20.799999237060547,36.0,2344.3,2198.3,2021-03-30 15:00:07
555913,37.39922671847873,26.01832771301269,5722.777777777777,20.899999618530277,34.0,2131.222222222222,1942.888888888889,2021-03-30 15:10:05
555960,34.91226081848144,27.139085960388183,5277.6,20.899999618530277,33.0,2049.9,1727.5,2021-03-30 15:20:01
556012,33.04596786499023,28.40238056182861,5202.5,20.899999618530277,33.0,1755.6,1521.1,2021-03-30 15:30:06
556064,31.77008476257324,29.72259063720703,4936.5,21.100000381469727,34.0,2008.0,1662.0,2021-03-30 15:40:05
556116,30.826954311794704,30.013309266832135,4555.777777777777,21.100000381469727,34.0,1661.4444444444443,1489.888888888889,2021-03-30 15:50:03
556163,30.178835678100587,31.199206352233887,4405.8,21.100000381469727,34.0,1682.2,1508.6,2021-03-30 16:00:02
556215,29.671473503112797,31.72365913391113,4205.6,21.399999618530277,31.0,1658.0,1503.2,2021-03-30 16:10:04
556267,29.249828147888184,32.14938583374023,4092.0,21.299999237060547,36.0,1650.0,1507.8,2021-03-30 16:20:05
556319,28.956537034776478,32.818086836073135,3996.222222222222,21.299999237060547,36.0,1654.888888888889,1510.7777777777778,2021-03-30 16:30:06
556366,28.682917594909668,32.483710861206056,3839.1,21.5,32.0,1616.4,1494.4,2021-03-30 16:40:01
556418,28.42069110870361,32.31708202362061,3682.5,23.100000381469727,21.0,1577.5,1478.3,2021-03-30 16:50:06
556470,28.1325626373291,32.18112487792969,3540.4,23.200000762939453,22.0,1553.5,1469.2,2021-03-30 17:00:06
556522,27.91303210788303,32.80079311794705,3339.8888888888887,23.100000381469727,22.0,1831.888888888889,1608.111111111111,2021-03-30 17:10:04
556569,27.69729881286621,32.98100204467774,3137.9,23.0,21.0,1839.6,1554.4,2021-03-30 17:20:06
556621,27.49008140563965,34.613260650634764,3016.5,23.0,21.0,1632.4,1504.6,2021-03-30 17:30:06
556673,27.27779070536296,36.55654652913412,2872.555555555556,23.0,18.0,1671.5555555555557,1535.7777777777778,2021-03-30 17:40:05
556720,27.03645944595337,38.26008987426758,2750.75,23.0,22.0,1634.875,1537.75,2021-03-30 17:50:04
562088,50.1179141998291,23.03379878997803,17097.1,19.799999237060547,40.0,4513.7,5265.6,2021-03-31 12:00:06
562140,51.27229690551758,23.01655578613281,12197.9,20.700000762939453,40.0,4898.8,5655.9,2021-03-31 12:10:04
562192,54.07694396972656,21.01106300354004,0.0,21.100000381469727,40.0,4445.4,5336.9,2021-03-31 12:20:04
562244,56.17905595567491,19.818417655097115,0.0,21.100000381469727,40.0,4384.333333333333,5331.111111111111,2021-03-31 12:30:06
562291,57.75986099243164,19.332722854614257,0.0,21.600000381469727,38.0,4737.4,5569.7,2021-03-31 12:40:05
562343,54.523956298828125,20.33066291809082,17639.5,22.100000381469727,35.0,4067.0,4891.5,2021-03-31 12:50:05
562395,53.06195106506348,21.122148704528808,5076.9,22.100000381469727,35.0,3892.7,4825.4,2021-03-31 13:00:08
562447,53.401617685953774,20.56831381056044,17524.777777777777,22.299999237060547,37.0,3443.0,4485.333333333333,2021-03-31 13:10:05
562494,53.95330810546875,20.16067752838135,12573.2,22.700000762939453,37.0,3801.7,4645.8,2021-03-31 13:20:04
562546,56.94460983276368,19.12687873840332,0.0,22.700000762939453,37.0,5021.7,5115.7,2021-03-31 13:30:06
562598,60.00694236755371,17.37544822692871,0.0,22.899999618530277,35.0,4956.3,5032.6,2021-03-31 13:40:05
562650,61.654417249891495,17.059586418999565,0.0,23.100000381469727,34.0,5958.111111111111,5604.444444444444,2021-03-31 13:50:04
562697,62.361371231079104,16.644540977478027,0.0,23.100000381469727,34.0,5984.9,5543.2,2021-03-31 14:00:07
562749,63.16033401489258,16.513465881347656,0.0,23.399999618530277,29.0,6428.3,6011.9,2021-03-31 14:10:06
562801,63.21053619384766,16.124666213989258,0.0,23.5,31.0,6067.9,5317.2,2021-03-31 14:20:06
562853,61.97693337334527,16.56180297003852,6047.333333333333,23.5,31.0,5705.333333333333,5135.888888888889,2021-03-31 14:30:05
562900,56.18917350769043,17.856870269775392,16838.2,23.700000762939453,26.0,4176.5,4241.2,2021-03-31 14:40:05
562952,48.778477096557616,19.50453968048096,9723.1,23.600000381469727,26.0,2968.3,3075.6,2021-03-31 14:50:05
563004,43.1395435333252,21.805599975585935,7699.3,23.600000381469727,26.0,2530.7,2475.6,2021-03-31 15:00:07
563056,39.6399294535319,24.47954029507107,6937.666666666667,24.100000381469727,24.0,2334.6666666666665,2268.333333333333,2021-03-31 15:10:05
563103,37.18551177978516,25.63363094329834,6595.1,24.100000381469727,24.0,2121.9,1964.2,2021-03-31 15:20:05
563155,35.314412689208986,26.92317066192627,6141.9,24.100000381469727,24.0,2013.5,1822.4,2021-03-31 15:30:05
563207,33.98058319091797,28.246891212463375,5846.0,24.200000762939453,26.0,1952.4,1768.1,2021-03-31 15:40:05
563259,33.081305185953774,29.103362825181748,5640.111111111111,23.899999618530277,23.0,1950.3333333333333,1751.2222222222222,2021-03-31 15:50:04
563306,32.382123947143555,29.63775062561035,5484.6,23.899999618530277,23.0,1864.1,1657.9,2021-03-31 16:00:05
563358,31.86221103668213,30.268101310729985,5438.0,24.399999618530277,26.0,1887.0,1690.4,2021-03-31 16:10:05
563410,31.484359550476075,32.16662826538086,5188.8,24.299999237060547,24.0,1944.4,1859.1,2021-03-31 16:20:04
563462,31.04770130581326,33.380975087483726,4789.0,24.299999237060547,24.0,1967.7777777777776,1916.2222222222224,2021-03-31 16:30:06
563509,30.71263465881348,34.575571060180664,4855.3,24.100000381469727,23.0,1972.0,1944.5,2021-03-31 16:40:05
563561,30.35721378326416,34.35080528259277,4635.0,24.399999618530277,24.0,1931.1,1858.2,2021-03-31 16:50:05
563613,29.98256645202637,34.90180778503418,4363.2,24.399999618530277,22.0,1880.7,1791.9,2021-03-31 17:00:09
563665,29.60898780822754,34.80158996582031,4188.0,24.200000762939453,22.0,1839.111111111111,1749.7777777777778,2021-03-31 17:10:05
563712,29.29015026092529,35.25856399536133,4032.0,23.899999618530277,25.0,1827.1,1741.6,2021-03-31 17:20:06
563764,28.989471435546875,35.73907051086426,3834.7,23.899999618530277,25.0,1776.6,1713.2,2021-03-31 17:30:07
563816,28.73632392883301,35.86846733093262,3711.3,23.799999237060547,25.0,1769.0,1685.6,2021-03-31 17:40:04
563868,28.53937276204427,36.11369705200195,3537.222222222222,23.5,28.0,1786.111111111111,1707.888888888889,2021-03-31 17:50:05
569381,46.642748260498045,29.176623153686524,21029.8,14.399999618530272,71.0,3116.1,4332.9,2021-04-01 12:00:09
569433,46.560828314887154,29.602841483222115,23248.777777777777,15.0,67.0,3194.1111111111118,4481.333333333333,2021-04-01 12:10:04
569480,48.29354553222656,28.106660652160645,14830.2,15.0,68.0,3140.2,4407.0,2021-04-01 12:20:07
569532,49.95315475463868,27.004653930664062,0.0,15.0,68.0,3142.1,4433.8,2021-04-01 12:30:05
569584,51.15186576843261,25.548180389404298,2580.3,15.100000381469728,70.0,3056.0,4247.9,2021-04-01 12:40:06
569636,48.530937618679474,26.82417360941569,18663.555555555555,14.600000381469728,69.0,2949.1111111111118,3916.3333333333335,2021-04-01 12:50:06
569683,46.98001022338868,27.67925567626953,9423.9,14.600000381469728,69.0,2872.3,3927.1,2021-04-01 13:00:05
569735,46.606431579589845,27.99908447265625,15106.9,15.0,67.0,2892.0,3874.5,2021-04-01 13:10:07
569787,47.971058739556206,27.315853330824112,14704.444444444443,14.899999618530272,67.0,3021.555555555556,4152.222222222223,2021-04-01 13:20:09
569834,50.85973129272461,26.10589733123779,0.0,14.899999618530272,67.0,3285.4,4603.0,2021-04-01 13:30:01
569886,53.54154243469238,24.354619598388677,0.0,15.5,60.0,3401.0,4757.7,2021-04-01 13:40:06
569938,54.71274871826172,23.687342643737797,0.0,15.5,61.0,3523.0,4880.2,2021-04-01 13:50:08
569990,55.53936428493924,22.835295571221245,0.0,15.5,61.0,3554.222222222222,4867.0,2021-04-01 14:00:08
570037,55.75898361206055,22.44617404937744,0.0,15.699999809265137,58.0,3524.8,4831.9,2021-04-01 14:10:06
570089,55.69382743835449,22.40375328063965,0.0,15.600000381469728,57.0,3523.0,4794.4,2021-04-01 14:20:09
570141,54.74776034884982,22.55063035753038,3485.6666666666665,15.600000381469728,57.0,3414.8888888888887,4591.111111111111,2021-04-01 14:30:07
570188,50.22659606933594,24.013885498046875,20374.4,15.800000190734863,57.0,3010.2,3752.8,2021-04-01 14:40:00
570240,43.41084861755371,26.79972534179688,12658.3,16.0,57.0,2487.9,2875.5,2021-04-01 14:50:08
570292,37.83760604858399,29.88479423522949,10272.1,16.0,57.0,2057.2,2246.7,2021-04-01 15:00:08
570344,34.33754645453559,32.52104462517632,10154.111111111111,15.800000190734863,60.0,1827.111111111111,1936.111111111111,2021-04-01 15:10:05
570391,32.28519058227539,34.86625442504883,9920.2,15.800000190734863,60.0,1698.8,1819.5,2021-04-01 15:20:06
570443,30.558556747436523,36.57511291503906,8573.9,15.800000190734863,60.0,1630.1,1714.7,2021-04-01 15:30:06
570495,29.025253677368163,37.90768280029297,7704.8,15.100000381469728,64.0,1520.9,1572.9,2021-04-01 15:40:04
570547,27.803845087687176,39.35505252414279,7099.222222222223,14.899999618530272,63.0,1463.7777777777778,1537.888888888889,2021-04-01 15:50:09
570594,26.912222480773927,40.72983894348145,6689.2,14.899999618530272,63.0,1456.7,1536.5,2021-04-01 16:00:05
570646,26.168535804748537,41.27275466918945,6636.2,15.100000381469728,61.0,1404.7,1510.8,2021-04-01 16:10:06
570698,25.48867015838623,41.450674819946286,6284.2,14.800000190734863,61.0,1349.7,1480.5,2021-04-01 16:20:11
570750,24.778362698025173,41.59694078233507,5414.222222222223,14.800000190734863,61.0,1280.3333333333333,1438.4444444444443,2021-04-01 16:30:05
570797,24.024795722961425,42.34027633666992,4709.9,14.5,61.0,1232.3,1432.2,2021-04-01 16:40:04
570849,23.28404674530029,43.382162475585936,4225.1,14.199999809265137,61.0,1174.6,1416.1,2021-04-01 16:50:10
570901,22.580681991577148,43.78271141052246,3845.5,14.199999809265137,61.0,1146.8,1395.8,2021-04-01 17:00:07
570953,22.030297597249348,44.37255732218424,3586.0,13.600000381469728,64.0,1116.2222222222222,1380.4444444444443,2021-04-01 17:10:07
571000,21.58278007507324,44.98283309936524,3426.0,13.699999809265137,64.0,1119.5,1378.5,2021-04-01 17:20:07
571052,21.174753761291505,44.73014488220215,3289.4,13.699999809265137,64.0,1069.9,1347.4,2021-04-01 17:30:05
571104,20.862325859069824,44.93583602905274,3154.6,13.5,64.0,1050.2,1345.1,2021-04-01 17:40:04
571156,20.614429897732204,45.48070102267795,3034.777777777778,13.0,64.0,1033.2222222222222,1341.6666666666667,2021-04-01 17:50:08
576639,24.449645233154296,52.10406608581543,13952.0,7.199999809265137,68.0,1493.6,1963.0,2021-04-02 12:00:08
576691,25.5080304145813,51.33497428894043,13028.5,7.099999904632568,71.0,1610.75,2148.375,2021-04-02 12:10:03
576733,26.59845905303955,50.256961822509766,14089.5,7.0,70.0,1688.7,2288.6,2021-04-02 12:20:04
576785,26.867361068725582,49.79400329589844,12852.4,7.0,70.0,1709.0,2249.6,2021-04-02 12:30:05
576837,27.010757637023925,49.07652359008789,12549.7,7.5,68.0,1724.5,2266.7,2021-04-02 12:40:04
576889,26.969812605116104,48.72222646077474,11454.111111111111,7.400000095367432,66.0,1712.888888888889,2216.222222222222,2021-04-02 12:50:04
576936,26.35332260131836,49.09453010559082,11439.3,7.400000095367432,66.0,1617.6,2046.6,2021-04-02 13:00:08
576988,26.54638748168945,48.88731155395508,13166.3,7.300000190734863,66.0,1624.2,2109.6,2021-04-02 13:10:05
577040,27.31010150909424,48.3382926940918,14068.2,7.099999904632568,68.0,1709.4,2250.4,2021-04-02 13:20:04
577092,27.03390015496148,48.2159661187066,12209.888888888889,7.099999904632568,68.0,1689.7777777777778,2176.555555555556,2021-04-02 13:30:09
577139,28.07301445007324,47.56282844543457,15108.1,7.300000190734863,66.0,1767.4,2359.7,2021-04-02 13:40:06
577191,27.907453727722167,47.69848175048829,12549.4,7.599999904632568,65.0,1760.5,2300.1,2021-04-02 13:50:06
577243,28.44098606109619,47.1334400177002,15207.9,7.599999904632568,65.0,1810.0,2366.8,2021-04-02 14:00:10
577295,29.46300930447049,46.248060862223305,17382.11111111111,7.5,67.0,1893.7777777777776,2561.777777777778,2021-04-02 14:10:07
577342,30.51823444366455,45.42885513305664,14619.5,7.5,65.0,1998.0,2726.6,2021-04-02 14:20:08
577394,29.945448684692384,45.71099433898926,14412.1,7.5,65.0,1903.5,2527.2,2021-04-02 14:30:06
577446,29.487932629055447,45.9579700893826,12565.111111111111,7.699999809265137,64.0,1855.2222222222224,2422.6666666666665,2021-04-02 14:40:06
577493,29.38868522644043,45.428244018554686,15213.6,7.900000095367432,63.0,1835.1,2373.5,2021-04-02 14:50:00
577545,29.37904230753581,45.34540473090278,14259.111111111111,7.900000095367432,63.0,1843.888888888889,2385.1111111111118,2021-04-02 15:00:08
577592,29.71900520324707,45.0841537475586,14764.2,7.800000190734863,62.0,1859.7,2447.8,2021-04-02 15:10:07
577644,29.354712592230904,45.63515684339736,11901.333333333334,8.0,62.0,1860.0,2391.6666666666665,2021-04-02 15:20:06
577691,28.13042640686035,46.24841651916504,8943.0,8.0,62.0,1738.3,2149.3,2021-04-02 15:30:05
577743,26.292973136901857,46.916609573364255,6506.9,7.900000095367432,62.0,1555.4,1793.9,2021-04-02 15:40:05
577795,24.710536193847656,47.94140510559082,6457.9,7.800000190734863,64.0,1393.8,1563.8,2021-04-02 15:50:06
577847,23.605495029025608,49.50976096259223,6275.666666666667,7.800000190734863,64.0,1306.6666666666667,1518.888888888889,2021-04-02 16:00:08
577894,23.02529182434082,50.64545669555664,6258.6,7.599999904632568,65.0,1269.4,1513.0,2021-04-02 16:10:05
577946,22.373464584350582,51.41420593261719,5621.6,7.5,65.0,1233.1,1494.6,2021-04-02 16:20:05
577998,21.752286699083115,52.482049730088974,4705.0,7.5,65.0,1175.888888888889,1472.4444444444443,2021-04-02 16:30:06
578045,21.26100559234619,53.149615097045896,4875.2,7.400000095367432,66.0,1151.9,1464.8,2021-04-02 16:40:01
578097,20.94083309173584,53.78912048339844,5114.5,7.400000095367432,66.0,1107.1,1452.1,2021-04-02 16:50:04
578149,20.91546516418457,54.07751617431641,5915.7,7.400000095367432,66.0,1118.5,1461.2,2021-04-02 17:00:09
578201,21.188639831542968,54.201419067382815,6424.6,7.599999904632568,68.0,1150.4,1483.2,2021-04-02 17:10:05
578253,21.52768177456326,54.13443162706163,6620.333333333333,7.400000095367432,68.0,1187.111111111111,1511.111111111111,2021-04-02 17:20:04
578300,21.38597679138184,54.39124145507813,4658.4,7.400000095367432,68.0,1192.0,1503.2,2021-04-02 17:30:06
578352,20.992429733276367,54.23547999064128,5038.222222222223,7.5,66.0,1217.5555555555557,1500.4444444444443,2021-04-02 17:40:05
578399,20.51232147216797,54.92833600725447,3339.714285714286,7.400000095367432,67.0,1166.571428571429,1471.0,2021-04-02 17:50:06
583887,31.98638172149658,34.71641082763672,14960.8,9.300000190734863,66.0,1832.7,2336.3,2021-04-03 12:00:08
583939,31.55091010199653,36.01756456163194,15012.111111111111,9.600000381469728,63.0,1846.888888888889,2397.8888888888887,2021-04-03 12:10:06
583986,31.11932544708252,39.01670837402344,13555.3,9.800000190734863,61.0,1920.3,2555.3,2021-04-03 12:20:04
584038,33.006714248657225,39.414816284179686,12738.1,9.800000190734863,61.0,2133.1,3017.4,2021-04-03 12:30:06
584090,31.655223029000418,40.86060932704381,9372.714285714286,9.5,60.0,2113.285714285714,2855.8571428571427,2021-04-03 12:40:05
584149,41.52666473388672,25.041580200195312,0.0,10.0,56.0,2201.0,2869.0,2021-04-03 14:40:07
584166,30.88303099738227,39.14922459920248,14229.666666666666,10.300000190734863,53.0,2057.0,2628.222222222222,2021-04-03 15:40:04
584213,31.19623107910156,39.67650871276855,13423.6,10.899999618530272,53.0,2137.1,2757.5,2021-04-03 15:50:05
584265,30.227702713012697,40.221408462524415,9753.2,10.899999618530272,53.0,2051.2,2566.9,2021-04-03 16:00:06
584317,29.56804254319933,40.734297858344185,11585.222222222224,11.100000381469728,53.0,1993.3333333333333,2446.4444444444443,2021-04-03 16:10:04
584364,29.24929428100586,41.24971389770508,10520.5,10.5,53.0,1981.6,2470.5,2021-04-03 16:20:04
584416,28.508277893066406,41.79964942932129,8490.0,10.5,53.0,1931.2,2330.4,2021-04-03 16:30:04
584468,27.870870780944824,43.805599975585935,9098.7,11.300000190734863,53.0,1867.0,2280.6,2021-04-03 16:40:05
584520,27.89433987935384,44.9503657023112,9909.0,10.100000381469728,55.0,1890.2222222222224,2349.4444444444443,2021-04-03 16:50:04
584567,27.649767112731933,45.92843589782715,7845.8,10.199999809265137,57.0,1901.0,2343.8,2021-04-03 17:00:06
584619,27.011558723449703,46.49286651611328,7259.4,10.0,58.0,1846.0,2238.0,2021-04-03 17:10:05
584671,26.622669643825954,47.15122519599067,7965.555555555556,10.0,58.0,1776.0,2145.0,2021-04-03 17:20:05
584718,26.35038528442383,47.81063575744629,7059.0,10.0,58.0,1761.9,2122.4,2021-04-03 17:30:01
584770,25.95277347564697,48.47470817565918,6848.1,10.300000190734863,56.0,1746.2,2086.3,2021-04-03 17:40:04
584822,25.348745155334477,49.43450050354004,5098.4,10.699999809265137,53.0,1670.0,1980.4,2021-04-03 17:50:05
590310,17.847375869750977,62.01096895005968,4595.0,6.400000095367432,71.0,948.8888888888888,1414.0,2021-04-04 12:00:08
590357,18.094262504577635,61.68169746398926,4607.8,6.5,71.0,978.9,1439.2,2021-04-04 12:10:04
590409,18.160219383239745,61.596092987060544,4277.7,6.300000190734863,71.0,999.9,1439.9,2021-04-04 12:20:04
590461,18.34910096062554,61.354492611355255,5071.666666666667,6.300000190734863,71.0,1044.4444444444443,1457.6666666666667,2021-04-04 12:30:05
590508,18.712443542480468,61.06614799499512,5418.8,6.300000190734863,72.0,1106.2,1495.0,2021-04-04 12:40:07
590560,18.907199647691517,60.97301737467448,5042.888888888889,6.5,70.0,1125.6666666666667,1500.0,2021-04-04 12:50:05
590607,19.02113342285156,60.87417263454861,4909.888888888889,6.5,70.0,1079.0,1484.0,2021-04-04 13:00:07
590654,19.214999961853028,60.518806838989256,5842.6,6.699999809265137,68.0,1138.3,1509.7,2021-04-04 13:10:04
590706,19.6358434677124,59.94628791809082,6398.1,6.699999809265137,69.0,1225.8,1547.2,2021-04-04 13:20:05
590758,19.991946538289387,59.62259419759115,6628.666666666667,6.699999809265137,69.0,1246.5555555555557,1571.5555555555557,2021-04-04 13:30:07
590805,20.460173988342284,59.09086723327637,7559.9,6.699999809265137,71.0,1263.0,1610.6,2021-04-04 13:40:03
590857,21.221484565734865,58.64606704711914,9059.5,6.699999809265137,71.0,1289.8,1702.5,2021-04-04 13:50:05
590909,22.60284595489502,57.86968803405762,10799.4,6.699999809265137,71.0,1402.3,1922.2,2021-04-04 14:00:07
590961,23.13403362698025,57.73047553168403,8546.222222222223,6.900000095367432,69.0,1433.5555555555557,1947.888888888889,2021-04-04 14:10:05
591008,23.847219276428223,56.47394485473633,10964.1,7.099999904632568,68.0,1491.6,2045.0,2021-04-04 14:20:06
591060,24.828831672668457,55.426565933227536,11605.5,7.099999904632568,68.0,1620.4,2258.3,2021-04-04 14:30:06
591112,25.24633765220642,55.17681360244751,10746.75,7.0,69.0,1675.375,2298.375,2021-04-04 14:40:05
591154,25.75837345123291,54.11383171081543,11836.2,7.0,69.0,1660.1,2305.4,2021-04-04 14:50:04
591206,26.171740341186524,53.070267868042,10842.1,7.0,69.0,1640.7,2250.3,2021-04-04 15:00:08
591258,25.529022004869248,53.387587229410805,7996.777777777777,7.199999809265137,68.0,1555.5555555555557,2085.8888888888887,2021-04-04 15:10:06
591305,24.89532299041748,53.96505699157715,8144.8,7.300000190734863,68.0,1505.1,1965.7,2021-04-04 15:20:05
591357,25.163157081604005,53.55809860229492,11100.8,7.300000190734863,68.0,1506.3,2008.9,2021-04-04 15:30:06
591409,25.795090436935425,53.40028238296509,10995.75,7.300000190734863,66.0,1610.25,2194.0,2021-04-04 15:40:04
591451,26.198710632324214,53.169451522827146,11199.1,7.400000095367432,67.0,1646.7,2241.6,2021-04-04 15:50:03
591503,26.63103656768799,52.51819648742676,11685.4,7.400000095367432,67.0,1699.9,2323.0,2021-04-04 16:00:06
591555,26.756779776679146,52.31555642022027,11052.777777777776,7.699999809265137,67.0,1734.3333333333333,2340.777777777778,2021-04-04 16:10:05
591602,26.91569385528565,52.237124633789065,10754.1,7.900000095367432,66.0,1737.9,2359.1,2021-04-04 16:20:04
591654,26.743457412719728,52.199893188476565,9613.7,7.900000095367432,66.0,1672.5,2237.5,2021-04-04 16:30:05
591706,26.386434745788574,52.03616447448731,9598.1,7.800000190734863,66.0,1626.2,2136.1,2021-04-04 16:40:04
591758,26.21885659959581,52.18839814927843,9198.222222222224,7.599999904632568,66.0,1604.6666666666667,2124.8888888888887,2021-04-04 16:50:04
591805,25.89990081787109,52.52552108764648,8719.1,8.0,66.0,1578.1,2067.1,2021-04-04 17:00:05
591857,25.656633949279787,52.67307586669922,8789.0,8.0,67.0,1530.3,1994.9,2021-04-04 17:10:03
591909,25.11081862449646,53.19943571090698,6680.375,8.300000190734863,67.0,1496.25,1901.625,2021-04-04 17:20:05
591951,24.56446952819824,53.04707374572754,6955.8,7.699999809265137,68.0,1429.5,1778.4,2021-04-04 17:30:03
592003,24.04283544752333,53.47863303290473,6670.222222222223,7.5,68.0,1417.5555555555557,1750.7777777777778,2021-04-04 17:40:05
592050,23.34493007659912,54.3036548614502,5329.9,7.699999809265137,68.0,1363.0,1661.5,2021-04-04 17:50:05
596323,24.31639671325684,47.748531341552734,15103.0,3.5,71.0,1323.0,1821.0,2021-04-05 12:00:08
596330,24.42320887247721,47.10833062065972,14466.555555555557,3.5999999046325684,74.0,1380.3333333333333,1804.6666666666667,2021-04-05 12:10:04
596377,24.859006690979005,46.15991477966308,15069.4,4.0,67.0,1404.6,1857.0,2021-04-05 12:20:05
596429,24.91027698516846,45.88158988952637,12761.7,4.0,67.0,1418.0,1864.0,2021-04-05 12:30:06
596481,25.91832580566406,43.358816146850586,16429.9,4.599999904632568,57.0,1383.9,1812.2,2021-04-05 12:40:06
596533,32.20603052775065,39.61615075005425,15110.333333333334,4.599999904632568,51.0,1886.6666666666667,2850.4444444444443,2021-04-05 12:50:06
596580,33.415808486938474,38.27298393249512,6623.5,4.599999904632568,51.0,1921.8,2903.3,2021-04-05 13:00:07
596632,38.65899925231933,36.13153266906738,8665.8,4.900000095367432,50.0,2310.6,3725.8,2021-04-05 13:10:05
596684,35.141374588012695,39.04982032775879,11782.7,4.5,48.0,2276.2,3417.0,2021-04-05 13:20:06
596736,33.021964603000214,39.07089530097114,1886.888888888889,4.5,48.0,1987.0,2855.222222222222,2021-04-05 13:30:06
596783,36.70298309326172,38.72846565246582,6032.3,5.5,45.0,2484.4,3759.7,2021-04-05 13:40:05
596835,38.04268684387207,34.75928802490235,1783.7,0.5,75.0,2394.7,3511.3,2021-04-05 13:50:05
596887,46.04726409912109,31.09071464538574,0.0,0.5,75.0,3016.3,4749.6,2021-04-05 14:00:08
596939,52.20560667249892,28.646609624226887,0.0,3.299999952316284,68.0,4396.0,7149.444444444444,2021-04-05 14:10:06
596986,49.54432830810547,28.287632942199707,13279.7,4.599999904632568,59.0,4149.7,5686.3,2021-04-05 14:20:07
597038,51.743075942993165,25.99496459960937,0.0,4.599999904632568,59.0,3766.4,5166.9,2021-04-05 14:30:07
597090,49.66262321472168,26.03891067504883,11736.1,4.800000190734863,51.0,3844.6,4701.5,2021-04-05 14:40:06
597142,44.362257639567055,26.285021675957573,7747.555555555556,4.0,56.0,2584.555555555556,3228.777777777778,2021-04-05 14:50:06
597189,37.30621070861817,30.29449882507324,4421.2,4.0,56.0,2082.4,2366.0,2021-04-05 15:00:08
597241,29.1785306930542,35.105821228027345,1829.3,4.699999809265137,51.0,1328.5,1471.2,2021-04-05 15:10:06
597293,24.217059516906737,38.76493453979492,5683.3,3.299999952316284,61.0,859.3,1275.7,2021-04-05 15:20:05
597345,21.444605509440105,41.85532803005643,4431.555555555556,3.299999952316284,61.0,724.7777777777778,1224.3333333333333,2021-04-05 15:30:06
597392,19.06038761138916,44.3772029876709,3768.4,0.699999988079071,91.0,673.4,1176.3,2021-04-05 15:40:04
597444,16.99568920135498,46.73640022277832,3217.7,1.600000023841858,86.0,643.9,1125.8,2021-04-05 15:50:05
597496,15.879758739471436,48.542915725708006,3558.2,1.600000023841858,86.0,653.9,1147.3,2021-04-05 16:00:08
597548,15.749980926513672,49.23967658148872,6721.777777777777,1.7000000476837158,82.0,698.0,1217.2222222222222,2021-04-05 16:10:04
597595,15.326199626922609,50.3309684753418,2322.8,3.299999952316284,78.0,712.2,1242.0,2021-04-05 16:20:06
597647,14.624437141418458,51.42854995727539,3670.9,3.299999952316284,78.0,674.5,1186.2,2021-04-05 16:30:05
597699,14.981193351745606,51.772182846069335,6128.8,4.0,72.0,674.4,1207.0,2021-04-05 16:40:04
597751,14.883607334560818,52.466452280680336,3833.555555555556,4.300000190734863,66.0,688.2222222222222,1226.4444444444443,2021-04-05 16:50:05
597798,15.30457010269165,52.20752296447754,6138.5,0.1000000014901161,91.0,712.9,1249.9,2021-04-05 17:00:06
597850,15.173456954956055,52.54230575561523,3707.3,1.899999976158142,83.0,760.6,1269.5,2021-04-05 17:10:05
597902,15.256563398573132,52.22315470377604,6643.333333333333,3.200000047683716,78.0,776.7777777777778,1282.111111111111,2021-04-05 17:20:06
597949,16.132104873657227,52.03814811706543,6738.6,3.200000047683716,78.0,867.6,1321.6,2021-04-05 17:30:02
598001,15.653581905364993,52.99549903869629,3087.2,4.599999904632568,65.0,876.2,1323.1,2021-04-05 17:40:04
598053,14.143243980407714,53.9752799987793,915.9,1.600000023841858,76.0,749.8,1249.9,2021-04-05 17:50:04
603491,25.132181549072264,43.02891578674316,10906.4,1.0,90.0,1432.9,1819.5,2021-04-06 12:00:06
603543,22.0548942565918,45.12581062316895,7289.2,1.899999976158142,92.0,1172.8,1475.9,2021-04-06 12:10:05
603595,23.503471646990096,44.32244491577149,10704.0,2.0,90.0,1262.7142857142858,1705.428571428571,2021-04-06 12:20:04
603632,23.26517613728841,46.04765828450521,2795.333333333333,2.0,90.0,1441.3333333333333,1776.6666666666667,2021-04-06 12:30:05
603655,31.32600975036621,39.1454963684082,28766.0,2.299999952316284,82.0,1944.0,2784.0,2021-04-06 13:10:04
603662,31.51586971282959,41.398031616210936,22176.6,2.299999952316284,86.0,2080.3,3008.2,2021-04-06 13:20:05
603714,34.82443618774414,41.40010028415256,9762.555555555557,2.299999952316284,86.0,2401.555555555556,3653.1111111111113,2021-04-06 13:30:08
603761,41.607308578491214,36.69565887451172,799.2,0.6000000238418579,93.0,3012.5,4687.7,2021-04-06 13:40:06
603813,37.613565826416014,36.53910140991211,7019.0,0.8999999761581421,94.0,2613.0,3547.7,2021-04-06 13:50:04
603865,30.45468101501465,37.44426651000977,2327.8,2.299999952316284,94.0,1673.3,1881.9,2021-04-06 14:00:07
603917,25.188703536987305,39.43719609578451,1092.3333333333333,4.099999904632568,85.0,1176.1666666666667,1397.8333333333333,2021-04-06 14:10:06
603961,23.093385696411133,44.50293731689453,9227.0,2.0999999046325684,94.0,1329.0,1554.0,2021-04-06 15:20:05
603968,21.5352481842041,45.77981185913086,4971.0,2.0999999046325684,94.0,1220.4,1483.0,2021-04-06 15:30:06
604020,20.566453170776366,46.44083328247071,9759.1,1.600000023841858,92.0,1122.8,1440.0,2021-04-06 15:40:04
604072,19.011453866958615,47.96997833251953,4433.125,2.200000047683716,91.0,978.75,1369.75,2021-04-06 15:50:05
604114,17.8296329498291,48.505073928833006,8902.1,2.200000047683716,91.0,843.2,1316.8,2021-04-06 16:00:09
604166,18.74021511077881,49.13984909057617,11143.9,3.5,85.0,987.5,1407.0,2021-04-06 16:10:06
604218,19.008316040039062,49.96047897338868,9226.0,3.299999952316284,83.0,1065.1,1446.1,2021-04-06 16:20:05
604270,18.956452475653755,50.03823216756185,6229.444444444444,3.299999952316284,83.0,1129.0,1462.5555555555557,2021-04-06 16:30:06
604317,17.131075286865233,50.80140419006348,4046.8,0.1000000014901161,91.0,903.5,1345.0,2021-04-06 16:40:04
604369,17.028267478942873,50.77943077087402,9026.2,1.100000023841858,96.0,914.1,1356.5,2021-04-06 16:50:06
604421,17.565537452697754,50.888990783691405,9260.8,1.100000023841858,96.0,999.0,1409.7,2021-04-06 17:00:08
604473,17.767859352959526,51.19893561469184,7335.888888888889,2.0999999046325684,93.0,1013.6666666666666,1426.6666666666667,2021-04-06 17:10:06
604520,17.543106460571288,51.48195610046387,6962.0,2.299999952316284,91.0,1024.8,1423.6,2021-04-06 17:20:04
604572,17.14442672729492,52.053559112548825,5634.8,2.299999952316284,91.0,994.6,1390.5,2021-04-06 17:30:05
604624,16.53799476623535,53.03929214477539,4174.0,2.5999999046325684,88.0,893.1,1349.9,2021-04-06 17:40:06
604676,15.91287100315094,53.87064123153687,3466.875,2.700000047683716,86.0,838.125,1336.25,2021-04-06 17:50:05
606506,28.791866302490234,45.73250885009766,15911.4,3.799999952316284,90.0,2018.4,2893.2,2021-04-07 13:50:07
606533,28.919152789645725,45.03242577446832,15896.222222222224,3.799999952316284,90.0,1989.0,2824.333333333333,2021-04-07 14:00:09
606580,26.84905433654785,45.4257681104872,8972.888888888889,3.400000095367432,87.0,1785.6666666666667,2332.0,2021-04-07 14:10:02
606627,25.012283325195312,46.17273216247558,9160.0,3.799999952316284,89.0,1587.6,1976.8,2021-04-07 14:20:07
606679,24.22400245666504,46.97764587402344,7707.1,3.799999952316284,89.0,1526.7,1943.5,2021-04-07 14:30:08
606731,22.743572235107425,48.13967090182834,6992.444444444444,4.599999904632568,84.0,1409.5555555555557,1690.7777777777778,2021-04-07 14:40:06
606778,22.18921184539795,48.49149284362793,8714.0,4.900000095367432,80.0,1360.8,1643.3,2021-04-07 14:50:04
606830,20.87621116638184,49.85305519104004,7074.9,4.900000095367432,80.0,1279.3,1538.2,2021-04-07 15:00:08
606882,20.4964900970459,50.38101768493652,6944.9,5.599999904632568,72.0,1299.3,1548.4,2021-04-07 15:10:06
606934,19.60326533847385,51.54989284939237,4941.0,5.5,71.0,1263.4444444444443,1520.2222222222222,2021-04-07 15:20:06
606981,18.67586040496826,52.41580810546875,4562.1,5.5,71.0,1168.9,1475.3,2021-04-07 15:30:06
607033,18.08088111877441,52.935580783420136,4966.888888888889,5.0,72.0,1158.4444444444443,1462.6666666666667,2021-04-07 15:40:05
607080,19.011520767211916,52.3900203704834,10330.3,5.0,71.0,1240.0,1532.9,2021-04-07 15:50:05
607132,19.698210610283745,51.72554143269857,9107.777777777776,5.0,71.0,1290.7777777777778,1561.5555555555557,2021-04-07 16:00:08
607179,19.91088733673096,50.95140037536621,9085.5,4.800000190734863,72.0,1314.9,1566.2,2021-04-07 16:10:05
607231,19.991530990600587,50.73289108276367,7842.5,4.599999904632568,73.0,1316.4,1553.6,2021-04-07 16:20:04
607283,19.26974105834961,51.176775741577146,4952.0,4.599999904632568,73.0,1249.6,1510.1,2021-04-07 16:30:05
607335,18.1968919965956,51.95273123847114,2594.222222222222,5.099999904632568,69.0,1152.5555555555557,1455.6666666666667,2021-04-07 16:40:05
607382,17.639772605895995,52.37872848510742,6195.2,5.800000190734863,67.0,1091.8,1433.3,2021-04-07 16:50:06
607434,18.332455825805663,52.16586570739746,8252.6,5.800000190734863,67.0,1204.3,1499.0,2021-04-07 17:00:06
607486,18.354144626193577,52.4337289598253,5785.0,5.5,67.0,1210.4444444444443,1497.111111111111,2021-04-07 17:10:05
607533,17.514000129699706,53.21538162231445,3933.3,5.0,65.0,1141.4,1454.1,2021-04-07 17:20:00
607585,16.97138957977295,53.696345520019534,4806.9,5.0,65.0,1112.4,1438.9,2021-04-07 17:30:06
607637,17.336423301696776,53.86053276062012,6258.1,4.900000095367432,65.0,1134.4,1461.0,2021-04-07 17:40:04
607689,17.226672914293076,54.40231280856662,3635.777777777778,4.900000095367432,65.0,1131.5555555555557,1455.111111111111,2021-04-07 17:50:04
612392,25.501754570007325,51.83825416564942,14529.7,6.400000095367432,53.0,1869.1,2655.6,2021-04-08 12:00:08
612444,26.221526887681748,50.9953121609158,14325.444444444443,6.400000095367432,51.0,1929.888888888889,2725.6666666666665,2021-04-08 12:10:06
612491,27.188601684570312,49.32387275695801,17247.0,6.5,50.0,1959.3,2796.2,2021-04-08 12:20:06
612543,29.221789932250974,47.92996063232422,21683.3,6.5,50.0,2157.9,3136.5,2021-04-08 12:30:06
612595,30.993018913269044,46.58213195800781,21239.9,6.900000095367432,49.0,2299.2,3365.1,2021-04-08 12:40:05
612647,32.11316257052951,44.80303192138672,20221.222222222223,7.0,49.0,2329.8888888888887,3391.777777777778,2021-04-08 12:50:04
612694,32.55996818542481,43.99679565429688,22627.8,7.0,49.0,2367.7,3404.8,2021-04-08 13:00:08
612746,32.31750202178955,44.32349166870117,16158.9,7.099999904632568,47.0,2378.6,3349.4,2021-04-08 13:10:06
612798,33.07477781507704,43.577901204427086,22277.555555555555,7.099999904632568,48.0,2424.1111111111118,3456.777777777778,2021-04-08 13:20:06
612845,36.5013729095459,42.8157470703125,27082.3,7.099999904632568,48.0,2771.9,4223.3,2021-04-08 13:30:02
612897,40.16640014648438,40.930799865722655,15485.5,7.199999809265137,48.0,3198.9,4946.0,2021-04-08 13:40:06
612949,43.06210441589356,37.89288101196289,20839.3,7.300000190734863,46.0,3468.7,5252.4,2021-04-08 13:50:06
613001,42.02690717909071,36.88665050930448,18016.88888888889,7.300000190734863,46.0,3215.333333333333,4619.0,2021-04-08 14:00:08
613048,41.91546516418457,35.91943244934082,18697.2,7.5,47.0,3099.4,4372.0,2021-04-08 14:10:01
613100,45.41760139465332,33.62691688537598,8522.0,7.5,45.0,3365.0,4924.2,2021-04-08 14:20:07
613152,46.62272071838379,32.724345970153806,12207.2,7.5,45.0,3667.3,5096.8,2021-04-08 14:30:07
613204,44.96011479695638,32.39541244506836,12387.777777777776,8.0,44.0,3254.777777777778,4509.555555555556,2021-04-08 14:40:06
613251,48.68368034362793,29.884031295776367,3580.4,8.300000190734863,44.0,3729.1,5036.7,2021-04-08 14:50:00
613303,47.71263037787544,29.35259352789985,7276.111111111111,8.300000190734863,44.0,3682.0,4578.111111111111,2021-04-08 15:00:08
613350,40.0870906829834,32.58899822235107,11514.5,8.399999618530273,44.0,2627.6,3149.8,2021-04-08 15:10:06
613402,35.04755740695529,35.85395431518555,9489.333333333334,8.600000381469727,44.0,2221.6666666666665,2534.0,2021-04-08 15:20:06
613449,31.3933012008667,38.26810073852539,8415.3,8.600000381469727,44.0,1976.3,2141.9,2021-04-08 15:30:05
613501,29.34809646606445,40.29419364929199,12109.7,8.300000190734863,44.0,1832.4,1988.3,2021-04-08 15:40:06
613553,28.683273951212566,41.78454271952311,11752.0,9.399999618530272,45.0,1868.3333333333333,2077.833333333333,2021-04-08 15:50:04
613585,27.51918811798096,43.25032386779785,8278.4,9.399999618530272,45.0,1832.0,2017.4,2021-04-08 16:00:05
613637,26.06759738922119,44.30350151062012,7412.1,8.600000381469727,43.0,1737.1,1837.2,2021-04-08 16:10:05
613689,25.199740600585937,45.45922012329102,7635.4,9.0,44.0,1669.3,1764.1,2021-04-08 16:20:04
613741,24.835329903496635,45.814703623453774,8160.333333333333,9.0,44.0,1634.111111111111,1740.5555555555557,2021-04-08 16:30:06
613788,24.99252319335937,46.14969100952148,10291.3,9.100000381469728,43.0,1669.3,1824.6,2021-04-08 16:40:05
613840,25.193598556518555,46.714121627807614,8877.8,9.300000190734863,43.0,1731.4,1933.0,2021-04-08 16:50:06
613892,24.38434092203776,47.43962054782443,6046.222222222223,9.199999809265137,42.0,1671.888888888889,1814.111111111111,2021-04-08 17:00:09
613939,23.3628210067749,47.87731781005859,5004.5,8.600000381469727,42.0,1613.6,1688.9,2021-04-08 17:10:01
613991,22.31631965637207,48.431983184814456,4952.0,9.5,41.0,1583.1,1629.1,2021-04-08 17:20:05
614043,22.08320026397705,48.71885223388672,6357.9,9.5,41.0,1525.8,1597.6,2021-04-08 17:30:06
614095,22.133068561553955,48.91393852233887,6642.75,9.800000190734863,44.0,1557.375,1650.5,2021-04-08 17:40:05
614137,22.851275338066948,48.77020729912652,8383.333333333334,9.600000381469728,42.0,1622.3333333333333,1779.5555555555557,2021-04-08 17:50:04
618915,50.41618940565321,31.317955652872723,7249.555555555556,9.600000381469728,59.0,5343.333333333333,6394.0,2021-04-09 12:00:06
618962,51.267490768432616,30.82322425842285,0.0,9.800000190734863,60.0,5570.5,6704.3,2021-04-09 12:10:04
619014,51.60715637207032,30.88029289245605,8122.4,10.5,58.0,5950.9,7136.2,2021-04-09 12:20:05
619066,47.88204841613769,32.46005916595459,24479.3,10.5,58.0,4608.3,5209.0,2021-04-09 12:30:06
619118,46.99253124660916,32.828429751925995,22563.555555555555,10.5,58.0,3881.3333333333335,4907.0,2021-04-09 12:40:05
619165,48.425726318359374,33.02845802307129,10289.3,11.399999618530272,56.0,4728.1,5449.9,2021-04-09 12:50:04
619217,49.814030456542966,32.7847713470459,12825.2,11.399999618530272,56.0,5548.1,6418.3,2021-04-09 13:00:09
619269,52.19229221343994,32.21217632293701,13956.0,10.5,53.0,6216.125,7610.25,2021-04-09 13:10:04
619311,50.075189208984376,34.8157470703125,23168.8,12.399999618530272,50.0,6457.5,7714.8,2021-04-09 13:20:06
619363,50.394827651977536,35.61425247192383,19613.7,12.399999618530272,50.0,7022.4,8661.5,2021-04-09 13:30:06
619415,51.550189124213325,34.872290717230904,16199.666666666666,11.600000381469728,51.0,7498.777777777777,9090.111111111111,2021-04-09 13:40:06
619462,47.99259948730469,35.06645317077637,6952.8,11.399999618530272,50.0,5245.4,5603.1,2021-04-09 13:50:04
619514,42.209201431274415,36.78416061401367,8503.3,11.399999618530272,50.0,3125.2,3705.1,2021-04-09 14:00:08
619566,37.920237647162544,39.1836429172092,9430.111111111111,12.0,50.0,2570.6666666666665,2873.4444444444443,2021-04-09 14:10:07
619613,35.8802547454834,40.7611198425293,11287.2,12.600000381469728,50.0,2359.0,2622.1,2021-04-09 14:20:06
619665,34.583809280395506,42.09872589111328,11732.0,12.600000381469728,50.0,2298.2,2571.0,2021-04-09 14:30:06
619717,32.88874520195855,43.661995357937286,8765.666666666666,12.300000190734863,48.0,2172.333333333333,2356.4444444444443,2021-04-09 14:40:04
619764,38.64671516418457,39.41954689025879,5452.6,12.5,48.0,2608.7,3362.9,2021-04-09 14:50:03
619816,40.79713134765625,37.98016357421875,12368.8,12.5,48.0,2818.1,3656.1,2021-04-09 15:00:07
619868,37.8765926361084,39.369497299194336,12119.5,12.5,48.0,2575.7,3125.0,2021-04-09 15:10:06
619920,35.331205156114365,41.326687282986114,10415.111111111111,11.699999809265137,51.0,2381.333333333333,2770.1111111111118,2021-04-09 15:20:05
619967,33.43289794921875,42.90333442687988,9094.7,11.699999809265137,51.0,2236.9,2540.4,2021-04-09 15:30:06
620019,31.671549797058105,43.89074516296387,9119.9,11.5,51.0,2106.0,2297.9,2021-04-09 15:40:05
620071,30.49316300286187,44.868475172254776,8849.333333333334,12.100000381469728,52.0,1956.4444444444443,2116.1111111111118,2021-04-09 15:50:04
620118,28.992735120985245,46.27620485093858,6631.333333333333,12.100000381469728,52.0,1851.0,1912.3333333333333,2021-04-09 16:00:07
620165,27.73681983947754,47.07530326843262,6555.7,12.0,51.0,1728.6,1743.0,2021-04-09 16:10:05
620217,26.812085151672363,46.75028610229492,7249.3,12.100000381469728,53.0,1728.7,1711.4,2021-04-09 16:20:04
620269,25.96906223297119,47.88921928405762,6408.5,12.100000381469728,53.0,1619.6,1589.7,2021-04-09 16:30:05
620321,25.80198860168457,48.25919935438368,7484.444444444444,12.100000381469728,52.0,1597.111111111111,1597.888888888889,2021-04-09 16:40:04
620368,25.739681053161625,48.69474334716797,7859.1,12.100000381469728,51.0,1607.5,1648.5,2021-04-09 16:50:04
620420,25.343938255310057,49.44228286743164,6426.5,12.399999618530272,52.0,1588.9,1635.0,2021-04-09 17:00:07
620472,25.12630653381348,49.40276222229004,7359.9,12.5,51.0,1565.2,1605.1,2021-04-09 17:10:04
620524,25.079516304863823,49.84613800048828,7147.111111111111,13.0,49.0,1558.111111111111,1627.0,2021-04-09 17:20:05
620571,25.26569786071777,50.16906967163086,6956.7,13.0,49.0,1557.0,1679.5,2021-04-09 17:30:05
620623,24.88811321258545,50.53818550109863,5887.6,12.300000190734863,52.0,1531.6,1623.0,2021-04-09 17:40:04
620675,24.43095302581787,50.37582969665527,5037.3,11.899999618530272,56.0,1475.2,1548.4,2021-04-09 17:50:04
626183,20.90638605753581,56.63029988606771,5733.333333333333,8.0,79.0,1291.888888888889,1546.3333333333333,2021-04-10 12:00:06
626230,20.8959716796875,56.55954780578613,7887.1,7.699999809265137,78.0,1298.0,1551.9,2021-04-10 12:10:02
626282,21.254062843322757,56.19928283691407,9304.8,7.599999904632568,78.0,1369.1,1676.2,2021-04-10 12:20:05
626334,21.35606918334961,56.45731239318848,6840.5,7.599999904632568,78.0,1406.1,1712.4,2021-04-10 12:30:05
626386,21.28616587320964,56.50348027547201,7825.555555555556,7.5,81.0,1378.6666666666667,1697.111111111111,2021-04-10 12:40:04
626433,21.22575702667236,56.56427879333496,7239.4,7.400000095367432,82.0,1364.6,1665.8,2021-04-10 12:50:00
626485,20.98008708953857,56.84824829101562,6724.5,7.400000095367432,82.0,1332.1,1604.2,2021-04-10 13:00:08
626537,20.49969482421875,57.36598777770996,5093.8,7.300000190734863,85.0,1293.2,1543.0,2021-04-10 13:10:04
626589,19.906199349297417,57.76506254408095,4714.666666666667,7.199999809265137,85.0,1224.5555555555557,1511.5555555555557,2021-04-10 13:20:04
626636,19.49858856201172,58.10116729736328,4901.5,7.199999809265137,85.0,1216.0,1502.0,2021-04-10 13:30:05
626688,19.2222095489502,58.36514854431152,5132.6,7.199999809265137,86.0,1219.3,1500.8,2021-04-10 13:40:05
626740,19.09430103302002,58.65079689025879,5470.8,7.099999904632568,89.0,1210.9,1497.6,2021-04-10 13:50:05
626792,18.932011365890503,59.02990770339966,4604.125,7.099999904632568,89.0,1211.375,1502.875,2021-04-10 14:00:08
626834,18.647020721435545,59.3014419555664,4767.4,6.900000095367432,89.0,1188.2,1490.5,2021-04-10 14:10:05
626886,18.33806381225586,59.79384994506836,3899.6,6.900000095367432,90.0,1115.6,1462.0,2021-04-10 14:20:08
626938,17.95300178527832,60.27344207763672,3966.0,6.900000095367432,90.0,1051.4,1428.6,2021-04-10 14:30:05
626990,17.809991200764973,60.476250966389976,4297.222222222223,6.699999809265137,91.0,1043.6666666666667,1429.111111111111,2021-04-10 14:40:06
627037,17.629358100891114,60.79392700195312,3993.8,6.800000190734863,92.0,1056.9,1430.7,2021-04-10 14:50:05
627089,17.301976013183594,61.176470565795896,3212.9,6.800000190734863,92.0,1070.9,1428.6,2021-04-10 15:00:08
627141,16.84401454925537,61.59700851440429,2318.4,6.699999809265137,93.0,1038.2,1409.6,2021-04-10 15:10:05
627193,16.481947792900932,62.06878450181749,2542.1111111111118,6.699999809265137,93.0,946.7777777777778,1374.0,2021-04-10 15:20:06
627240,16.254940223693847,62.524605178833006,2594.8,6.699999809265137,93.0,918.6,1365.2,2021-04-10 15:30:06
627292,16.173761749267577,62.79499435424805,2979.5,6.699999809265137,93.0,913.0,1372.6,2021-04-10 15:40:05
627344,16.01194009780884,63.15098838806152,1913.6,6.699999809265137,94.0,937.7,1373.0,2021-04-10 15:50:04
627396,15.778761015997992,63.45769415961372,2235.0,6.699999809265137,94.0,898.0,1352.3333333333333,2021-04-10 16:00:06
627443,15.7825590133667,63.57869758605957,3017.2,6.699999809265137,94.0,884.1,1366.9,2021-04-10 16:10:05
627495,15.786831378936768,63.700008392333984,2678.4,6.599999904632568,94.0,994.0,1400.5,2021-04-10 16:20:04
627547,15.871925989786783,63.57603539360894,3435.222222222222,6.599999904632568,94.0,1151.3333333333333,1475.111111111111,2021-04-10 16:30:06
627594,15.833057827419704,63.73320431179471,2711.0,6.599999904632568,94.0,1117.2222222222222,1450.2222222222222,2021-04-10 16:40:06
627641,15.778820514678957,63.81673851013184,2859.8,6.699999809265137,93.0,1080.3,1439.9,2021-04-10 16:50:05
627693,15.65545139312744,64.00961303710938,2343.3,6.599999904632568,95.0,1037.7,1416.8,2021-04-10 17:00:07
627745,15.519145753648546,64.1614727444119,2279.0,6.400000095367432,96.0,992.0,1404.6666666666667,2021-04-10 17:10:05
627792,15.30029764175415,64.45319366455078,1632.4,6.400000095367432,96.0,961.5,1387.3,2021-04-10 17:20:04
627844,14.993743705749512,64.79545364379882,1098.6,6.400000095367432,96.0,900.8,1357.0,2021-04-10 17:30:05
627896,14.81506888071696,65.05293952094183,1530.4444444444443,6.400000095367432,96.0,815.5555555555555,1320.5555555555557,2021-04-10 17:40:04
627943,14.803883075714111,65.22682342529296,1801.9,6.300000190734863,96.0,812.7,1320.6,2021-04-10 17:50:04
630751,26.02727565765381,45.927214813232425,8341.6,5.099999904632568,74.0,1471.8,1676.8,2021-04-11 12:00:08
630803,24.4840333726671,47.88094626532661,7905.0,6.199999809265137,72.0,1431.3333333333333,1629.6666666666667,2021-04-11 12:10:05
630850,25.609636116027836,47.384603881835936,21223.3,6.199999809265137,70.0,1584.3,1992.0,2021-04-11 12:20:01
630902,28.120012474060054,46.79652061462402,17836.4,6.199999809265137,70.0,1910.4,2576.2,2021-04-11 12:30:07
630954,27.65484066009521,47.68017120361328,9506.8,6.300000190734863,70.0,1892.3,2476.0,2021-04-11 12:40:04
631006,26.445716094970702,48.01876831054688,12509.3,6.0,70.0,1723.5,2176.9,2021-04-11 12:50:04
631058,30.70174513922797,45.018013848198784,10996.111111111111,6.0,70.0,2045.888888888889,2929.555555555556,2021-04-11 13:00:08
631105,35.3072021484375,43.54039802551269,21936.5,6.5,68.0,2493.8,3808.3,2021-04-11 13:10:05
631157,36.99031028747559,43.38933448791504,23480.7,6.199999809265137,67.0,2788.6,4254.7,2021-04-11 13:20:05
631209,37.57279841105143,43.34308242797852,17945.88888888889,6.199999809265137,67.0,2929.8888888888887,4352.444444444444,2021-04-11 13:30:08
631256,35.536583709716794,43.598382568359376,10106.3,6.300000190734863,63.0,2668.5,3728.1,2021-04-11 13:40:06
631308,37.14812660217285,41.48683891296387,8225.3,6.599999904632568,64.0,2610.2,3766.7,2021-04-11 13:50:06
631360,35.001716232299806,41.35515365600586,11062.6,7.099999904632568,64.0,2539.1,3405.8,2021-04-11 14:00:08
631412,37.436055183410645,39.49778747558594,13519.0,7.699999809265137,64.0,2835.5,4014.625,2021-04-11 14:10:06
631454,36.08960838317872,39.82650451660156,14734.9,7.800000190734863,64.0,2721.6,3663.1,2021-04-11 14:20:06
631506,33.22965749104818,40.67021052042643,12192.333333333334,7.800000190734863,64.0,2356.0,2968.333333333333,2021-04-11 14:30:06
631553,37.360952377319336,37.44411277770996,0.0,7.699999809265137,58.0,2455.0,3485.5,2021-04-11 14:40:05
631567,41.42185497283936,33.48554229736328,13264.875,7.900000095367432,59.0,2549.375,3402.625,2021-04-11 15:00:09
631609,35.965972137451175,36.76386642456055,9756.3,7.400000095367432,60.0,2106.2,2654.1,2021-04-11 15:10:06
631661,31.98531303405762,40.26352424621582,8971.3,7.099999904632568,58.0,1933.8,2344.8,2021-04-11 15:20:06
631713,28.65894381205241,43.011792500813804,5944.666666666667,7.099999904632568,58.0,1717.111111111111,1990.111111111111,2021-04-11 15:30:06
631760,26.503661918640137,45.05210990905762,6727.1,7.300000190734863,61.0,1606.4,1799.8,2021-04-11 15:40:03
631812,25.4686429977417,46.40146484375,8812.2,8.0,55.0,1592.0,1806.7,2021-04-11 15:50:04
631864,24.89158477783203,47.68703727722168,7131.0,8.0,55.0,1600.1,1858.9,2021-04-11 16:00:06
631916,24.2089892493354,48.43450927734375,8001.444444444444,7.800000190734863,57.0,1543.4444444444443,1786.0,2021-04-11 16:10:06
631963,23.48779296875,49.405661010742186,6880.2,7.400000095367432,58.0,1498.3,1685.3,2021-04-11 16:20:01
632015,22.77161083221436,50.225223541259766,5400.7,7.400000095367432,58.0,1488.8,1651.9,2021-04-11 16:30:06
632067,21.433509063720702,51.48790740966797,3937.5,7.300000190734863,60.0,1378.4,1517.6,2021-04-11 16:40:05
632119,21.13870472378201,51.93899832831489,6621.111111111111,7.099999904632568,59.0,1326.0,1503.0,2021-04-11 16:50:07
632166,20.54489040374756,52.86545372009277,4444.75,7.199999809265137,59.0,1315.375,1505.875,2021-04-11 17:00:09
632208,20.23720149993897,53.23170776367188,5114.0,7.699999809265137,56.0,1317.5,1497.9,2021-04-11 17:10:04
632260,20.42038599650065,53.48846689860026,5667.444444444444,7.599999904632568,55.0,1345.7777777777778,1526.5555555555557,2021-04-11 17:20:05
632307,19.77624342176649,54.32415220472548,3129.0,7.599999904632568,55.0,1311.111111111111,1503.111111111111,2021-04-11 17:30:06
632354,18.97603480021159,54.85957421196832,3259.8888888888887,7.699999809265137,53.0,1210.2222222222222,1456.2222222222222,2021-04-11 17:40:06
632401,18.592279052734376,55.3064769744873,3541.3,8.399999618530273,50.0,1184.8,1434.7,2021-04-11 17:50:05
635034,44.20708168877496,38.57751888699002,0.0,2.799999952316284,92.0,2886.555555555556,5137.444444444444,2021-04-12 12:00:09
635081,48.92374343872071,34.99870300292969,8879.5,3.0,87.0,3312.4,6249.8,2021-04-12 12:10:03
635133,52.1697940826416,32.3436336517334,2903.9,2.700000047683716,88.0,3930.4,7338.4,2021-04-12 12:20:05
635185,53.96879577636719,30.78858604431152,1601.2,2.700000047683716,88.0,4781.3,7909.9,2021-04-12 12:30:05
635237,57.493748135036896,28.952468236287437,2087.222222222222,3.0,87.0,6480.777777777777,9843.777777777776,2021-04-12 12:40:04
635284,58.86511001586914,28.301671028137207,0.0,3.5999999046325684,84.0,7271.2,10495.2,2021-04-12 12:50:05
635336,58.11688346862793,28.59632263183594,4918.1,3.5999999046325684,84.0,7486.0,10014.6,2021-04-12 13:00:08
635388,52.50411911010743,31.509117317199703,22032.4,4.800000190734863,82.0,5744.2,6903.6,2021-04-12 13:10:05
635440,48.19477335611979,34.147317250569664,12859.777777777776,5.099999904632568,75.0,4973.555555555556,5563.222222222223,2021-04-12 13:20:06
635487,43.6268783569336,35.76791076660156,10343.2,5.099999904632568,75.0,3373.0,4194.6,2021-04-12 13:30:05
635539,38.272068405151366,36.74204635620117,9813.3,5.900000095367432,70.0,2514.1,2851.0,2021-04-12 13:40:04
635591,34.71198654174805,37.9885555267334,12675.9,5.699999809265137,72.0,2074.8,2208.8,2021-04-12 13:50:05
635643,43.66114764743381,34.07186974419488,3332.4444444444443,5.699999809265137,72.0,3013.8888888888887,4131.777777777777,2021-04-12 14:00:05
635690,50.70779037475586,32.263675689697266,6421.9,6.699999809265137,66.0,5381.5,6826.4,2021-04-12 14:10:04
635742,49.16113548278808,31.716182708740234,9212.5,7.199999809265137,59.0,4560.0,5184.3,2021-04-12 14:20:06
635794,53.069962692260745,29.36369857788086,1554.0,7.199999809265137,59.0,6030.7,7005.0,2021-04-12 14:30:07
635846,56.69650650024414,27.27228016323513,0.0,5.599999904632568,71.0,7011.111111111111,8464.444444444445,2021-04-12 14:40:05
635893,56.03482856750488,26.115205383300783,2576.5,6.5,72.0,5723.4,6379.4,2021-04-12 14:50:05
635945,51.6976806640625,26.29892444610596,6714.6,6.5,72.0,3348.4,4087.0,2021-04-12 15:00:07
635997,41.68421440124512,30.92240791320801,7487.0,7.699999809265137,54.0,2399.1,2623.4,2021-04-12 15:10:05
636049,35.0620960659451,35.116434733072914,5990.777777777777,8.300000190734863,46.0,1950.3333333333333,1926.111111111111,2021-04-12 15:20:06
636096,30.52283350626628,38.47901492648654,5031.666666666667,8.300000190734863,46.0,1666.5555555555557,1554.3333333333333,2021-04-12 15:30:05
636143,27.57633285522461,41.16578941345215,7613.0,8.0,52.0,1465.6,1462.8,2021-04-12 15:40:05
636195,25.468909645080565,43.77416687011719,5213.6,8.100000381469727,52.0,1367.9,1426.4,2021-04-12 15:50:05
636247,23.783516777886284,45.37185372246636,5080.333333333333,8.100000381469727,52.0,1284.7777777777778,1390.7777777777778,2021-04-12 16:00:07
636294,22.314717292785645,47.03379936218262,4164.9,7.400000095367432,56.0,1193.0,1349.9,2021-04-12 16:10:06
636346,21.059929847717285,48.234683227539065,3797.2,8.399999618530273,46.0,1145.6,1323.9,2021-04-12 16:20:05
636398,20.13412685394287,49.39467468261719,3677.7,8.399999618530273,46.0,1112.0,1312.8,2021-04-12 16:30:06
636450,19.408628039889862,50.43038982815213,3647.555555555556,8.0,47.0,1073.888888888889,1304.111111111111,2021-04-12 16:40:06
636497,18.87079429626465,51.26390533447265,3429.1,8.100000381469727,46.0,1057.2,1293.6,2021-04-12 16:50:04
636549,18.449386808607315,52.15686247083876,3208.777777777778,7.099999904632568,49.0,1034.6666666666667,1282.888888888889,2021-04-12 17:00:07
636596,18.02964038848877,52.879072189331055,2975.4,6.699999809265137,48.0,1033.9,1282.5,2021-04-12 17:10:04
636648,17.63404613071018,53.23397996690538,2770.6666666666665,7.900000095367432,43.0,1016.8888888888888,1287.3333333333333,2021-04-12 17:20:05
636695,17.225604438781737,53.556267166137694,2764.4,7.900000095367432,43.0,996.5,1277.8,2021-04-12 17:30:05
636747,16.8384069442749,54.11108512878418,2682.6,8.0,47.0,970.0,1270.5,2021-04-12 17:40:05
636799,16.489958657158745,54.528623792860245,2562.333333333333,8.0,46.0,959.7777777777778,1267.888888888889,2021-04-12 17:50:06
641782,55.19340782165527,29.33165473937988,4964.8,8.199999809265137,53.0,5432.1,7864.3,2021-04-13 12:00:07
641834,58.72714360555013,28.084568871392143,0.0,8.399999618530273,50.0,7155.666666666667,10261.666666666666,2021-04-13 12:10:06
641881,62.26473532782661,27.07170910305447,3156.0,8.199999809265137,50.0,9009.555555555557,12840.888888888889,2021-04-13 12:20:04
641928,59.378347396850586,27.326161575317386,4358.9,8.399999618530273,49.0,7483.6,9475.9,2021-04-13 12:30:08
641980,58.78126220703125,27.18593101501465,5323.8,8.600000381469727,50.0,6987.7,8860.8,2021-04-13 12:40:06
642032,59.88250579833984,27.75844955444336,8609.9,7.599999904632568,52.0,7953.9,10155.7,2021-04-13 12:50:05
642084,49.39048767089844,30.89460266960992,8520.888888888889,7.599999904632568,52.0,3907.0,4494.333333333333,2021-04-13 13:00:06
642131,45.63015937805176,33.20927753448486,22640.2,8.600000381469727,46.0,3315.2,4216.2,2021-04-13 13:10:05
642183,42.94888191223144,37.1151294708252,10274.9,9.199999809265137,45.0,3312.9,4209.8,2021-04-13 13:20:05
642235,40.75078582763672,36.56536398993598,3627.8888888888887,9.199999809265137,45.0,2819.6666666666665,3344.555555555556,2021-04-13 13:30:08
642282,45.49370498657227,35.512932205200194,4419.6,9.100000381469728,45.0,3413.0,4600.4,2021-04-13 13:40:04
642334,50.36224937438965,32.77454795837402,2758.9,8.300000190734863,43.0,5103.3,6385.7,2021-04-13 13:50:06
642386,58.92065277099609,29.494468688964844,0.0,8.300000190734863,43.0,9242.7,12560.7,2021-04-13 14:00:08
642438,64.10362720489502,27.357518672943115,0.0,8.899999618530273,45.0,11966.875,16434.125,2021-04-13 14:10:07
642480,61.27000770568848,27.48317699432373,10514.6,8.399999618530273,42.0,11261.7,13657.1,2021-04-13 14:20:05
642532,50.51926460266113,29.637140464782718,11206.9,8.399999618530273,42.0,5456.8,4992.3,2021-04-13 14:30:06
642584,43.61693954467773,32.50680308871799,11740.333333333334,9.300000190734863,39.0,3075.4444444444443,3264.777777777778,2021-04-13 14:40:05
642631,42.52833557128906,33.123098373413086,8762.666666666666,8.5,43.0,2829.222222222222,3078.6666666666665,2021-04-13 14:50:01
642678,38.47821769714356,36.11001815795898,13616.7,8.5,43.0,2479.6,2535.1,2021-04-13 15:00:06
642730,35.091706085205075,38.57450141906738,9973.8,7.400000095367432,55.0,2120.9,2023.0,2021-04-13 15:10:06
642782,32.82465701633029,40.78651682535807,10154.555555555557,7.800000190734863,49.0,1949.7777777777776,1825.3333333333333,2021-04-13 15:20:06
642829,31.59544506072998,42.493934631347656,10734.2,7.800000190734863,49.0,1888.3,1785.2,2021-04-13 15:30:07
642881,30.52010383605957,43.82299537658692,9586.9,8.399999618530273,49.0,1855.6,1741.6,2021-04-13 15:40:06
642933,29.83623256683349,44.81345863342285,10083.2,9.100000381469728,45.0,1797.5,1672.9,2021-04-13 15:50:05
642985,29.18054813808865,45.65550231933594,8665.333333333334,9.100000381469728,45.0,1744.3333333333333,1643.111111111111,2021-04-13 16:00:07
643032,28.127489280700683,46.482184982299806,7127.9,8.699999809265137,45.0,1634.2,1540.4,2021-04-13 16:10:05
643084,27.52426147460937,47.19905433654785,8778.2,8.399999618530273,46.0,1606.6,1533.9,2021-04-13 16:20:04
643136,27.442757076687283,47.62357669406467,8908.555555555555,8.399999618530273,46.0,1680.3333333333333,1604.888888888889,2021-04-13 16:30:05
643183,26.91222267150879,47.88311576843262,7310.3,8.600000381469727,45.0,1654.1,1564.2,2021-04-13 16:40:00
643235,26.01178741455078,48.500953674316406,5562.6,8.5,43.0,1564.8,1509.6,2021-04-13 16:50:06
643287,25.199473571777343,48.95445251464844,6191.7,8.5,43.0,1502.2,1477.7,2021-04-13 17:00:08
643339,24.82405514187283,49.30783377753364,6607.666666666667,9.300000190734863,39.0,1459.3333333333333,1456.7777777777778,2021-04-13 17:10:04
643386,24.40825519561768,50.05691566467285,5865.4,8.899999618530273,41.0,1407.6,1445.7,2021-04-13 17:20:06
643438,23.69554443359375,50.99900817871094,5027.3,8.899999618530273,41.0,1290.2,1399.8,2021-04-13 17:30:06
643490,23.39112663269043,51.53582000732422,6317.9,8.5,42.0,1225.3,1380.0,2021-04-13 17:40:05
643542,23.49393441942003,51.48716142442491,6773.666666666667,8.699999809265137,46.0,1269.4444444444443,1409.4444444444443,2021-04-13 17:50:05
647805,42.38146718343099,36.36920038859049,20286.666666666668,7.400000095367432,54.0,2728.555555555556,3980.222222222222,2021-04-14 12:00:07
647852,44.39486579895019,34.97199974060059,10480.4,7.099999904632568,57.0,2845.5,4323.8,2021-04-14 12:10:04
647904,46.22323875427246,34.86121940612793,16895.2,7.099999904632568,56.0,3125.5,4726.3,2021-04-14 12:20:04
647956,40.71728858947754,37.01472511291504,10515.5,7.099999904632568,56.0,2632.3,3665.7,2021-04-14 12:30:07
648008,36.16998502943251,39.13752661810981,9655.777777777776,7.699999809265137,52.0,2203.777777777778,2858.6666666666665,2021-04-14 12:40:05
648055,32.641145896911624,41.50057182312012,7065.8,7.900000095367432,51.0,1917.0,2327.4,2021-04-14 12:50:05
648107,29.372663497924805,43.75234603881836,5463.4,7.900000095367432,51.0,1643.1,1868.0,2021-04-14 13:00:07
648159,26.736781883239747,45.769436264038085,4252.3,8.199999809265137,52.0,1413.7,1554.5,2021-04-14 13:10:05
648211,24.795274946424698,47.41401926676432,4519.666666666667,8.399999618530273,50.0,1282.888888888889,1479.0,2021-04-14 13:20:04
648258,23.9794002532959,48.467078399658206,8008.7,8.399999618530273,50.0,1203.1,1453.2,2021-04-14 13:30:06
648310,24.710269165039065,49.09987030029297,11388.0,8.600000381469727,49.0,1291.1,1518.6,2021-04-14 13:40:05
648362,25.985885429382325,49.43327980041504,13853.3,8.399999618530273,48.0,1402.8,1700.5,2021-04-14 13:50:07
648414,27.613361994425457,49.015030754937065,14823.111111111111,8.399999618530273,48.0,1618.5555555555557,2060.1111111111118,2021-04-14 14:00:08
648461,28.49412498474121,48.81269569396973,14503.7,9.0,49.0,1712.5,2199.1,2021-04-14 14:10:06
648513,31.53349380493164,46.17395286560058,23120.1,8.899999618530273,46.0,1968.0,2737.0,2021-04-14 14:20:06
648565,31.99786319732666,45.3020523071289,16426.6,8.899999618530273,46.0,1989.0,2722.8,2021-04-14 14:30:07
648617,32.58314005533854,44.24709447224935,17981.11111111111,8.300000190734863,47.0,2058.0,2803.0,2021-04-14 14:40:06
648664,33.543717575073245,43.31410713195801,23113.0,8.5,42.0,2108.5,2908.4,2021-04-14 14:50:04
648716,34.117570877075195,42.71900520324707,16590.9,8.899999618530273,42.0,2173.6,2976.0,2021-04-14 15:00:09
648768,33.142100143432614,42.84382400512696,16936.5,8.199999809265137,52.0,2055.0,2731.7,2021-04-14 15:10:06
648820,32.91188769870334,42.64438841078017,16679.333333333332,7.900000095367432,52.0,2060.333333333333,2713.8888888888887,2021-04-14 15:20:08
648867,32.273708534240725,42.97169494628906,14128.1,7.900000095367432,52.0,2006.4,2603.2,2021-04-14 15:30:04
648919,30.654955291748045,43.75387153625488,10364.7,8.0,52.0,1882.4,2334.2,2021-04-14 15:40:06
648971,29.19668884277344,44.470740509033206,10600.4,8.5,50.0,1727.5,2069.9,2021-04-14 15:50:04
649023,28.16523000929091,45.04022386338976,9321.444444444443,8.5,50.0,1697.111111111111,1986.3333333333333,2021-04-14 16:00:08
649070,26.567482948303223,46.10009880065918,6802.6,8.399999618530273,49.0,1612.1,1798.1,2021-04-14 16:10:04
649122,24.850728607177736,47.57183227539063,5226.7,8.600000381469727,49.0,1440.2,1555.0,2021-04-14 16:20:04
649174,23.356946754455567,48.90104598999024,5103.8,8.600000381469727,49.0,1308.5,1480.0,2021-04-14 16:30:06
649226,23.456846872965496,49.11099200778537,9464.333333333334,9.100000381469728,48.0,1322.2222222222222,1512.888888888889,2021-04-14 16:40:06
649273,23.307545471191407,50.22171401977539,5980.4,9.100000381469728,48.0,1379.1,1545.0,2021-04-14 16:50:03
649325,22.21404571533203,51.21065063476563,3816.9,9.699999809265137,49.0,1282.4,1485.0,2021-04-14 17:00:07
649377,21.129358291625977,52.0340274810791,3438.0,8.899999618530273,49.0,1194.0,1427.7,2021-04-14 17:10:05
649429,20.26784348487854,52.58373403549194,3238.375,9.100000381469728,48.0,1149.875,1404.5,2021-04-14 17:20:06
649471,19.52796211242676,53.32646713256836,3116.4,9.100000381469728,48.0,1121.3,1392.7,2021-04-14 17:30:06
649523,19.02807693481445,54.18356590270996,3328.2,9.199999809265137,47.0,1059.9,1373.6,2021-04-14 17:40:04
649575,19.614480781555176,54.07080154418945,5700.0,8.5,49.0,1164.0,1426.9,2021-04-14 17:50:04
655068,58.05787010192872,27.445944595336915,0.0,6.5,70.0,6620.4,9124.7,2021-04-15 12:00:08
655120,60.18398590087891,26.732890701293947,14452.9,6.5,64.0,7861.7,10548.0,2021-04-15 12:10:06
655172,59.49619844224718,26.72261640760634,8925.111111111111,7.300000190734863,59.0,7679.666666666667,9816.555555555557,2021-04-15 12:20:07
655219,50.8378345489502,28.96559066772461,16474.7,7.300000190734863,59.0,4355.8,4913.7,2021-04-15 12:30:08
655271,44.62237739562988,31.30846099853516,15565.0,6.900000095367432,64.0,2922.8,3538.4,2021-04-15 12:40:05
655323,39.5888069152832,34.39505577087402,12832.4,6.900000095367432,62.0,2449.7,2812.5,2021-04-15 12:50:06
655375,38.52788543701172,35.38312869601779,17097.0,6.900000095367432,62.0,2372.777777777778,2807.333333333333,2021-04-15 13:00:09
655422,38.57434959411621,36.86747589111328,23320.2,7.099999904632568,66.0,2516.5,3117.2,2021-04-15 13:10:05
655474,40.39497947692871,37.46532363891602,25808.5,7.199999809265137,63.0,2942.1,3904.0,2021-04-15 13:20:05
655526,40.43183008829752,37.17589441935221,19496.555555555555,7.199999809265137,63.0,2898.6666666666665,3746.777777777778,2021-04-15 13:30:06
655573,39.57251892089844,37.22209434509277,18333.9,7.800000190734863,53.0,2740.4,3443.2,2021-04-15 13:40:06
655625,38.57969017028809,37.369954681396486,19570.8,7.800000190734863,55.0,2539.0,3140.7,2021-04-15 13:50:07
655677,40.33035774230957,36.3678955078125,17758.5,7.800000190734863,55.0,2714.4,3522.2,2021-04-15 14:00:11
655729,48.26509179009332,32.738062116834854,6066.666666666667,7.300000190734863,62.0,3741.555555555556,5148.555555555556,2021-04-15 14:10:06
655776,43.771610260009766,34.654917526245114,12977.8,7.300000190734863,59.0,3156.3,4123.4,2021-04-15 14:20:07
655828,43.37666893005371,33.388571166992186,11260.5,7.300000190734863,59.0,2910.6,3768.6,2021-04-15 14:30:07
655880,45.38235321044922,32.966269175211586,8566.111111111111,7.400000095367432,61.0,3258.333333333333,4402.555555555556,2021-04-15 14:40:06
655928,39.36251237657335,35.508964920043944,10080.8,7.699999809265137,60.0,2633.3,3136.6,2021-04-15 14:50:01
655979,35.61963081359863,37.50118255615234,10596.1,7.699999809265137,60.0,2179.0,2416.7,2021-04-15 15:00:10
656031,32.65503196716308,39.83886489868164,11054.3,8.0,57.0,1927.7,2057.5,2021-04-15 15:10:06
656083,31.43923091888428,41.460136032104494,11612.0,8.100000381469727,57.0,1864.3,2025.4,2021-04-15 15:20:07
656135,30.76167933146159,42.602172003852,11618.888888888889,8.100000381469727,57.0,1843.7777777777776,2019.7777777777776,2021-04-15 15:30:06
656182,29.647974586486814,43.84100074768067,8605.6,8.600000381469727,55.0,1781.1,1932.4,2021-04-15 15:40:06
656234,28.504272651672363,45.05302543640137,8688.5,8.5,55.0,1678.3,1773.9,2021-04-15 15:50:06
656286,28.197985649108887,45.80117530822754,10459.3,8.5,55.0,1678.0,1806.9,2021-04-15 16:00:09
656338,28.156625323825413,46.270949045817055,10789.666666666666,8.600000381469727,53.0,1693.7777777777778,1877.0,2021-04-15 16:10:07
656385,28.03616371154785,46.510261917114256,9380.0,8.399999618530273,52.0,1695.0,1893.8,2021-04-15 16:20:04
656437,27.26871166229248,47.23430137634277,8698.2,8.399999618530273,52.0,1619.6,1768.7,2021-04-15 16:30:06
656489,27.183528327941893,47.33653717041015,8149.2,8.300000190734863,52.0,1595.0,1763.1,2021-04-15 16:40:04
656541,26.19660398695204,47.97504297892253,6196.111111111111,8.600000381469727,53.0,1537.7777777777778,1622.111111111111,2021-04-15 16:50:05
656588,25.57545566558838,48.38391723632813,7013.4,8.699999809265137,47.0,1486.1,1561.2,2021-04-15 17:00:07
656640,24.60425720214844,49.22346801757813,5510.5,8.899999618530273,47.0,1410.0,1507.0,2021-04-15 17:10:04
656692,23.818527857462566,49.97516165839301,6338.666666666667,8.600000381469727,47.0,1285.3333333333333,1453.6666666666667,2021-04-15 17:20:07
656739,23.98260440826416,50.42816848754883,7094.9,8.600000381469727,47.0,1325.9,1487.3,2021-04-15 17:30:00
656791,23.893148803710936,50.96376037597656,6449.8,8.600000381469727,49.0,1322.3,1493.0,2021-04-15 17:40:05
656843,23.60288391113281,51.06309509277344,5402.6,8.699999809265137,48.0,1342.3,1503.3,2021-04-15 17:50:04
662371,63.57319641113281,24.16774770948622,0.0,9.5,46.0,9063.222222222224,11683.666666666666,2021-04-16 12:00:08
662418,64.83623352050782,23.048447608947757,0.0,9.699999809265137,44.0,9583.2,12364.6,2021-04-16 12:10:04
662470,66.2098503112793,23.88052196502685,0.0,10.199999809265137,43.0,10653.7,14243.5,2021-04-16 12:20:04
662522,67.34100112915038,23.452353858947752,0.0,10.199999809265137,43.0,11464.8,15133.8,2021-04-16 12:30:06
662574,65.93732579549153,23.43734889560276,1325.111111111111,10.5,43.0,10629.555555555557,13201.222222222224,2021-04-16 12:40:05
662621,64.93209762573242,24.35507736206055,9989.7,10.399999618530272,41.0,10431.7,12915.0,2021-04-16 12:50:05
662673,61.30605773925781,26.142214202880854,12285.2,10.399999618530272,41.0,9273.6,10699.8,2021-04-16 13:00:07
662725,57.99538459777832,27.89898509979248,23837.8,10.800000190734863,45.0,8303.4,9248.5,2021-04-16 13:10:07
662777,53.315573374430336,31.15960121154785,20699.88888888889,10.300000190734863,41.0,7956.444444444444,8384.777777777777,2021-04-16 13:20:05
662824,56.08609848022461,30.24444961547852,8018.2,10.300000190734863,41.0,7963.9,9108.0,2021-04-16 13:30:05
662876,59.20584487915039,28.793163871765135,5735.1,11.0,44.0,9686.3,11751.9,2021-04-16 13:40:06
662928,63.226291275024415,26.44190139770508,0.0,11.5,40.0,11287.3,14205.2,2021-04-16 13:50:07
662980,66.52954694959853,24.88170009189182,0.0,11.5,40.0,13010.444444444443,16754.555555555555,2021-04-16 14:00:10
663027,65.84134368896484,24.202029418945312,2310.2,11.600000381469728,41.0,12542.3,15310.9,2021-04-16 14:10:04
663079,67.60269317626953,23.41542682647705,0.0,11.199999809265137,40.0,13114.1,16440.3,2021-04-16 14:20:06
663131,65.83813972473145,23.699549865722656,6426.7,11.199999809265137,40.0,12585.2,14960.5,2021-04-16 14:30:06
663183,58.65712102254232,24.87729199727376,1956.0,10.699999809265137,42.0,8420.111111111111,7486.111111111111,2021-04-16 14:40:06
663230,57.15049247741699,25.59853496551513,11110.7,11.699999809265137,41.0,6982.3,6226.7,2021-04-16 14:50:04
663282,51.26855888366699,27.5942626953125,12213.1,11.699999809265137,41.0,3731.6,3966.9,2021-04-16 15:00:08
663334,45.25738105773926,30.3923095703125,9893.6,11.899999618530272,41.0,2778.8,2762.0,2021-04-16 15:10:07
663386,39.32809405856662,33.77669313218858,7380.444444444444,11.699999809265137,38.0,2348.1111111111118,2064.6666666666665,2021-04-16 15:20:08
663433,34.66552238464355,36.836957168579104,5711.3,11.699999809265137,38.0,1949.2,1532.0,2021-04-16 15:30:03
663485,31.34870662689209,39.88158950805664,5597.4,12.0,40.0,1681.8,1421.6,2021-04-16 15:40:06
663537,29.02204933166504,42.16357650756836,5148.6,11.0,39.0,1533.3,1365.1,2021-04-16 15:50:05
663589,27.414867401123047,44.05313491821289,5030.444444444444,11.0,39.0,1413.888888888889,1324.5555555555557,2021-04-16 16:00:09
663636,26.17280864715576,45.47249565124512,4780.5,12.5,40.0,1355.4,1308.2,2021-04-16 16:10:02
663688,25.144731712341308,46.856336975097655,4714.1,11.899999618530272,41.0,1314.5,1295.1,2021-04-16 16:20:05
663740,24.486228942871094,47.784695053100585,5046.6,12.300000190734863,40.0,1298.1,1296.3,2021-04-16 16:30:07
663792,24.223527696397568,48.56624518500434,5206.555555555556,12.300000190734863,40.0,1320.6666666666667,1309.3333333333333,2021-04-16 16:40:04
663839,23.83279914855957,49.02418518066406,4621.8,11.5,42.0,1331.9,1313.7,2021-04-16 16:50:01
663891,23.45387992858887,49.61867752075195,4354.8,11.5,43.0,1313.5,1311.3,2021-04-16 17:00:06
663943,23.38151359558105,49.76134910583496,5239.4,12.100000381469728,40.0,1338.3,1334.4,2021-04-16 17:10:06
663995,22.97882785797119,49.72884750366211,3846.3,12.5,42.0,1332.4,1327.9,2021-04-16 17:20:04
664047,22.537956873575848,50.370031144883896,3656.444444444444,12.5,42.0,1264.111111111111,1305.5555555555557,2021-04-16 17:30:05
664094,22.05516147613525,50.87312126159668,3494.6,11.800000190734863,44.0,1230.3,1291.1,2021-04-16 17:40:06
664146,21.817769050598145,51.62050857543945,3987.1,11.899999618530272,43.0,1183.8,1284.2,2021-04-16 17:50:05
669669,62.09620819091797,18.30548553466797,0.0,9.800000190734863,51.0,5887.3,6039.7,2021-04-17 12:00:07
669721,62.69169120788574,18.04608211517334,0.0,10.699999809265137,47.0,6206.9,6206.4,2021-04-17 12:10:05
669773,62.91125191582574,17.608063167995876,0.0,10.600000381469728,46.0,6086.222222222223,5863.444444444444,2021-04-17 12:20:04
669820,63.162737655639646,17.812009048461913,0.0,10.600000381469728,46.0,6842.5,6798.9,2021-04-17 12:30:07
669872,63.07915573120117,17.85885372161865,0.0,10.800000190734863,48.0,6912.4,6740.2,2021-04-17 12:40:04
669924,62.77393760681152,17.965361976623534,0.0,10.600000381469728,46.0,6797.3,6350.2,2021-04-17 12:50:05
669976,61.70871353149414,17.88187811109755,0.0,10.600000381469728,46.0,5737.111111111111,5195.222222222223,2021-04-17 13:00:07
670023,55.66952743530273,20.01724281311035,17270.6,10.899999618530272,45.0,4728.2,4603.8,2021-04-17 13:10:04
670075,48.63775062561035,22.678263473510743,20889.0,11.399999618530272,46.0,3357.2,3808.9,2021-04-17 13:20:05
670127,51.07656135559082,22.261234474182128,10886.8,11.399999618530272,46.0,3478.6,4031.5,2021-04-17 13:30:06
670179,51.50360700819228,19.62954478793674,6241.555555555556,11.100000381469728,46.0,3082.333333333333,3300.0,2021-04-17 13:40:05
670226,53.71110877990723,18.116121101379395,6244.9,11.699999809265137,46.0,3128.0,3490.3,2021-04-17 13:50:04
670278,54.68577880859375,17.723658943176268,6196.0,11.699999809265137,46.0,3274.0,3770.1,2021-04-17 14:00:08
670330,57.54943962097168,17.180285453796387,0.0,11.600000381469728,45.0,3969.1,4348.8,2021-04-17 14:10:06
670382,56.0867805480957,17.070607079399956,2165.0,11.600000381469728,48.0,3763.8888888888887,4050.777777777778,2021-04-17 14:20:06
670429,57.1478214263916,16.842755699157713,0.0,11.0,48.0,3845.9,4243.9,2021-04-17 14:30:05
670481,57.00148811340332,16.985427474975587,0.0,12.5,46.0,4178.6,4394.9,2021-04-17 14:40:07
670533,55.822805404663086,17.000992012023925,0.0,12.100000381469728,46.0,3527.7,3989.1,2021-04-17 14:50:04
670585,50.1055416531033,18.21282958984375,11337.0,12.100000381469728,46.0,2962.1111111111118,3178.777777777778,2021-04-17 15:00:08
670632,43.51365737915039,19.677424240112305,10375.5,11.399999618530272,46.0,2225.7,2057.2,2021-04-17 15:10:04
670684,35.90829353332519,22.13061695098877,6186.3,12.0,46.0,1587.1,1449.6,2021-04-17 15:20:05
670736,30.90409698486328,24.787517929077147,5438.1,12.0,46.0,1316.1,1346.4,2021-04-17 15:30:07
670788,27.95308664109972,27.01677640279134,5469.666666666667,12.300000190734863,47.0,1184.0,1300.2222222222222,2021-04-17 15:40:04
670835,26.18669395446777,28.838636016845705,5491.6,11.600000381469728,44.0,1114.3,1282.7,2021-04-17 15:50:02
670887,24.766613578796388,29.780422592163085,4984.4,11.600000381469728,44.0,1057.3,1244.7,2021-04-17 16:00:09
670939,23.704356384277343,30.89616260528565,4892.8,12.5,46.0,1025.8,1234.2,2021-04-17 16:10:05
670991,22.9497807820638,31.694344838460285,4573.888888888889,11.600000381469728,47.0,1018.1111111111112,1227.4444444444443,2021-04-17 16:20:05
671038,22.450904083251952,32.46662139892578,4577.8,11.600000381469728,47.0,1027.6,1236.7,2021-04-17 16:30:00
671090,22.030594444274904,33.1477840423584,4223.4,12.300000190734863,46.0,1038.4,1236.2,2021-04-17 16:40:05
671142,21.70134296417236,33.30312042236328,4218.9,12.399999618530272,47.0,1015.2,1225.9,2021-04-17 16:50:04
671194,21.4386715359158,34.14884355333116,4207.0,12.399999618530272,47.0,1028.888888888889,1241.2222222222222,2021-04-17 17:00:08
671241,21.26260757446289,36.32166061401367,4209.5,12.100000381469728,47.0,1149.5,1310.5,2021-04-17 17:10:03
671293,21.047112274169923,38.14007759094238,3968.3,12.199999809265137,47.0,1162.5,1323.0,2021-04-17 17:20:05
671345,20.964243570963543,42.36938688490126,3866.222222222222,12.199999809265137,47.0,1307.2222222222222,1397.7777777777778,2021-04-17 17:30:07
671392,20.96127637227376,44.34288745456272,3947.444444444444,11.600000381469728,48.0,1437.3333333333333,1432.111111111111,2021-04-17 17:40:05
671439,20.96993999481201,45.84374771118164,3786.4,11.5,50.0,1512.9,1458.6,2021-04-17 17:50:04
676957,56.44979743957519,18.022125816345216,0.0,11.300000190734863,63.0,3055.8,4208.3,2021-04-18 12:00:10
677009,57.20950622558594,17.48882293701172,0.0,10.899999618530272,62.0,3089.3,4221.2,2021-04-18 12:10:06
677061,57.72933027479384,17.268295923868816,0.0,10.899999618530272,62.0,3158.6666666666665,4299.777777777777,2021-04-18 12:20:07
677108,58.14919548034668,16.925459480285646,0.0,11.300000190734863,58.0,3200.6,4278.6,2021-04-18 12:30:03
677160,58.16495056152344,17.281758117675782,0.0,11.5,57.0,3320.0,4468.3,2021-04-18 12:40:05
677212,57.89311027526856,17.35942611694336,0.0,11.699999809265137,53.0,3196.1,4295.6,2021-04-18 12:50:04
677264,57.1679679022895,17.7740478515625,0.0,11.699999809265137,53.0,3162.555555555556,4269.777777777777,2021-04-18 13:00:07
677311,51.30113677978515,19.71374092102051,14515.4,12.399999618530272,53.0,2665.8,3552.6,2021-04-18 13:10:01
677363,44.5625617980957,22.62760353088379,19938.8,12.399999618530272,51.0,2509.4,3207.5,2021-04-18 13:20:05
677415,46.57705841064453,21.882963180541992,14330.8,12.399999618530272,51.0,2519.1,3250.4,2021-04-18 13:30:09
677467,49.30889341566298,21.319058100382488,8048.444444444444,12.800000190734863,47.0,2909.1111111111118,3814.6666666666665,2021-04-18 13:40:07
677514,53.56584281921387,19.582360458374023,0.0,12.800000190734863,46.0,3119.5,4095.3,2021-04-18 13:50:00
677566,56.32589454650879,18.767681312561034,0.0,12.800000190734863,46.0,3657.2,4662.7,2021-04-18 14:00:08
677618,58.2629508972168,18.3692684173584,0.0,13.300000190734863,47.0,4450.1,5000.9,2021-04-18 14:10:06
677670,57.36705568101671,18.13873842027452,2837.0,13.5,47.0,3497.0,4490.555555555556,2021-04-18 14:20:08
677717,57.718203735351565,18.33737678527832,0.0,13.5,47.0,4347.5,4946.6,2021-04-18 14:30:00
677769,56.248989486694335,18.63523292541504,1166.7,13.800000190734863,49.0,3814.4,4521.0,2021-04-18 14:40:04
677821,53.97413558959961,19.016861343383788,0.0,14.100000381469728,48.0,3372.5,4082.1,2021-04-18 14:50:05
677873,49.159132957458496,21.241130590438843,16635.75,14.100000381469728,48.0,3072.75,3774.0,2021-04-18 15:00:06
677915,44.46482810974121,23.209430122375487,12650.2,13.699999809265137,46.0,2768.8,3055.3,2021-04-18 15:10:04
677967,37.33905563354492,26.94239730834961,7177.6,14.199999809265137,48.0,2071.3,2220.6,2021-04-18 15:20:05
678019,32.41149749755859,30.87663078308105,6236.7,14.199999809265137,48.0,1738.7,1867.9,2021-04-18 15:30:06
678071,29.523833804660374,34.18393876817491,5863.666666666667,14.300000190734863,47.0,1719.2222222222222,1819.2222222222224,2021-04-18 15:40:05
678118,27.69996929168701,36.256961822509766,5688.4,14.5,46.0,1916.9,1818.6,2021-04-18 15:50:03
678170,26.440909385681152,39.67544021606445,5205.3,14.5,46.0,1827.3,1760.5,2021-04-18 16:00:08
678222,25.75062961578369,43.80590553283692,4901.8,14.199999809265137,46.0,1863.0,1881.8,2021-04-18 16:10:05
678274,25.38423071967231,46.21974733140733,4836.888888888889,14.399999618530272,46.0,1885.6666666666667,1928.111111111111,2021-04-18 16:20:05
678321,25.09853496551513,47.79568176269531,4694.1,14.399999618530272,46.0,1902.5,1943.6,2021-04-18 16:30:01
678373,24.84645595550537,48.560310745239256,4269.1,14.399999618530272,48.0,2133.4,2362.6,2021-04-18 16:40:04
678425,24.46830791897244,46.71973419189453,4122.444444444444,14.399999618530272,49.0,1943.555555555556,2017.0,2021-04-18 16:50:05
678472,23.992989434136284,46.81908713446723,4123.777777777777,14.600000381469728,49.0,1782.3333333333333,1741.2222222222222,2021-04-18 17:00:05
678519,23.680323600769043,49.38124656677246,3898.4,14.600000381469728,46.0,1867.7,1849.0,2021-04-18 17:10:05
678571,23.432517051696777,51.0740442276001,3728.0,15.0,47.0,2060.875,1984.0,2021-04-18 17:20:04
678613,23.202601814270015,51.96398849487305,3511.6,15.0,47.0,1963.5,1885.0,2021-04-18 17:30:06
678665,22.94918746948242,52.69626922607422,3269.7,14.5,45.0,1876.5,1785.9,2021-04-18 17:40:05
678717,22.705000559488933,53.11428112453885,3112.555555555556,14.800000190734863,46.0,1822.888888888889,1741.5555555555557,2021-04-18 17:50:07
684080,40.167467498779295,38.35492477416992,23953.1,8.899999618530273,90.0,2813.3,4262.4,2021-04-19 12:00:03
684132,41.56511764526367,36.64835624694824,18991.2,9.0,87.0,2883.0,4269.3,2021-04-19 12:10:05
684184,39.700160435267854,36.58960832868304,23653.85714285714,9.100000381469728,85.0,2676.1428571428573,3801.285714285714,2021-04-19 12:20:04
684221,39.31883697509765,36.92667999267578,17143.0,9.100000381469728,85.0,2682.7,3776.4,2021-04-19 12:30:07
684273,36.81300010681152,37.82497901916504,14307.6,9.300000190734863,84.0,2403.6,3240.2,2021-04-19 12:40:04
684325,34.43011771308051,39.368785010443794,11604.555555555557,9.399999618530272,84.0,2262.333333333333,2922.4444444444443,2021-04-19 12:50:04
684372,33.1586555480957,40.66910781860352,13833.6,9.399999618530272,84.0,2167.3,2819.7,2021-04-19 13:00:06
684424,34.43456819322374,40.4816763136122,25907.444444444445,9.699999809265137,83.0,2321.333333333333,3180.8888888888887,2021-04-19 13:10:05
684471,37.34136962890625,38.79521560668945,20098.666666666668,9.699999809265137,82.0,2528.777777777778,3576.1111111111118,2021-04-19 13:20:08
684518,39.68974571228027,36.99320983886719,14507.4,9.699999809265137,82.0,2744.0,3890.5,2021-04-19 13:30:07
684570,38.07633285522461,37.19630737304688,18248.2,10.100000381469728,82.0,2637.4,3565.8,2021-04-19 13:40:05
684622,36.4830076429579,38.00598483615451,10645.333333333334,10.699999809265137,80.0,2524.0,3289.777777777778,2021-04-19 13:50:06
684669,33.529327392578125,39.70363574557834,6293.0,11.0,79.0,2256.4444444444443,2810.555555555556,2021-04-19 14:00:02
684716,31.258657455444336,41.34075927734375,7529.222222222223,11.699999809265137,76.0,2058.1111111111118,2501.777777777778,2021-04-19 14:10:07
684763,29.35352643330892,42.9109132554796,5791.111111111111,12.100000381469728,74.0,1908.888888888889,2254.333333333333,2021-04-19 14:20:06
684810,28.32215614318848,44.19607849121094,7601.6,12.100000381469728,74.0,1899.3,2234.2,2021-04-19 14:30:06
684862,29.628481101989745,43.37544822692871,11263.9,11.899999618530272,75.0,2007.4,2497.9,2021-04-19 14:40:07
684914,37.80571026272244,37.45021777682834,0.0,11.699999809265137,73.0,2435.555555555556,3479.555555555556,2021-04-19 14:50:05
684961,40.84306106567383,34.833600997924805,8252.8,11.699999809265137,73.0,2680.8,3768.5,2021-04-19 15:00:11
685013,39.74502143859864,34.053864288330075,15005.3,11.100000381469728,77.0,2456.5,3253.5,2021-04-19 15:10:06
685065,35.003052181667755,36.51789093017578,6095.666666666667,11.600000381469728,77.0,2121.222222222222,2567.0,2021-04-19 15:20:06
685112,31.573459837171768,39.44830110337999,5588.888888888889,11.600000381469728,77.0,1925.6666666666667,2298.0,2021-04-19 15:30:08
685159,29.628481292724608,41.51659393310547,7056.5,11.600000381469728,77.0,1844.9,2173.3,2021-04-19 15:40:04
685211,29.082339392768013,42.70101589626736,9441.0,11.800000190734863,74.0,1885.2222222222224,2265.777777777778,2021-04-19 15:50:07
685258,27.568055152893063,43.614404296875,7224.1,11.800000190734863,74.0,1777.7,2028.0,2021-04-19 16:00:08
685310,27.54989719390869,43.83321914672852,9619.5,11.800000190734863,73.0,1807.2,2114.2,2021-04-19 16:10:05
685362,27.28342776828342,44.095521714952255,6078.111111111111,12.100000381469728,74.0,1789.4444444444443,2089.8888888888887,2021-04-19 16:20:04
685409,27.25028591156006,44.60715637207032,7906.0,12.100000381469728,74.0,1831.2,2177.3,2021-04-19 16:30:07
685461,27.982757377624512,44.68238410949707,10641.3,12.0,73.0,1924.9,2351.4,2021-04-19 16:40:05
685513,28.65835075378418,44.32578048706055,10298.8,11.899999618530272,73.0,1983.6,2478.0,2021-04-19 16:50:04
685565,28.99837239583333,44.50954945882162,8700.0,12.100000381469728,74.0,2056.555555555556,2553.4444444444443,2021-04-19 17:00:06
685612,28.93686580657959,44.37018356323242,9360.8,12.100000381469728,74.0,2034.9,2506.4,2021-04-19 17:10:05
685664,28.398260498046877,44.63172340393066,4930.0,12.0,73.0,1976.0,2372.0,2021-04-19 17:20:04
685716,26.834219190809463,45.5510631137424,3140.6666666666665,12.0,73.0,1801.2222222222222,2059.0,2021-04-19 17:30:08
685763,25.90924701690674,46.205386352539065,3917.8,12.100000381469728,70.0,1695.6,1951.6,2021-04-19 17:40:06
685815,25.349011993408205,46.96818466186524,4170.5,12.199999809265137,71.0,1706.4,1955.9,2021-04-19 17:50:05
691178,53.46570549011231,26.118257522583008,29627.1,14.399999618530272,58.0,4410.9,5787.7,2021-04-20 12:00:07
691230,55.55597941080729,25.23604859246148,29699.777777777777,14.899999618530272,56.0,5565.333333333333,7012.888888888889,2021-04-20 12:10:04
691277,56.26340866088867,24.549324607849123,30207.6,15.399999618530272,60.0,5901.7,7097.0,2021-04-20 12:20:04
691329,50.13580513000488,24.907911682128905,14891.6,15.399999618530272,60.0,3281.1,4093.7,2021-04-20 12:30:06
691381,50.94224405288696,25.56801700592041,0.0,15.399999618530272,57.0,3500.375,4683.5,2021-04-20 12:40:04
691423,47.53303604125976,27.168535804748537,9747.8,15.399999618530272,55.0,3295.2,4071.1,2021-04-20 12:50:07
691475,41.75684776306152,29.223468399047853,13306.0,15.399999618530272,55.0,2685.2,3188.0,2021-04-20 13:00:07
691527,40.8958740234375,31.676881578233505,19711.11111111111,16.200000762939453,55.0,2712.222222222222,3435.555555555556,2021-04-20 13:10:06
691574,42.33150291442871,30.575417518615723,7521.4,15.899999618530272,53.0,2748.1,3554.2,2021-04-20 13:20:04
691626,49.498190561930336,27.54863781399197,1923.3333333333333,15.899999618530272,53.0,3448.1111111111118,4728.666666666667,2021-04-20 13:30:08
691673,52.10057406955295,25.938811620076496,7209.0,16.399999618530273,52.0,4184.555555555556,5069.777777777777,2021-04-20 13:40:06
691720,56.04550971984863,24.239413833618165,0.0,16.5,51.0,5655.0,6339.6,2021-04-20 13:50:05
691772,57.54650192260742,23.210650634765624,3610.2,15.699999809265137,50.0,6261.4,6670.6,2021-04-20 14:00:10
691824,55.79215579562717,23.463289260864254,0.0,16.0,50.0,5829.333333333333,5663.555555555556,2021-04-20 14:10:08
691871,52.90226631164551,24.949263763427734,21794.9,15.800000190734863,48.0,5528.2,5283.3,2021-04-20 14:20:01
691923,47.84546432495117,26.093842887878417,14972.4,15.800000190734863,48.0,3409.7,3970.5,2021-04-20 14:30:07
691975,44.577515602111816,27.25986123085022,14971.25,16.0,46.0,2976.75,3440.5,2021-04-20 14:40:05
692017,40.84679946899414,29.275349044799803,11000.2,15.800000190734863,48.0,2691.0,3040.8,2021-04-20 14:50:04
692069,37.97192306518555,31.217670440673828,9425.2,15.800000190734863,48.0,2524.6,2796.5,2021-04-20 15:00:06
692121,36.04715050591363,32.75518586900499,9321.777777777776,17.700000762939453,42.0,2410.222222222222,2633.8888888888887,2021-04-20 15:10:05
692168,34.60884475708008,34.18440532684326,8639.375,16.5,45.0,2327.25,2540.875,2021-04-20 15:20:07
692210,33.74532699584961,35.05271987915039,9199.8,16.5,45.0,2251.3,2464.4,2021-04-20 15:30:05
692262,32.914587783813474,36.17975120544433,7745.4,16.0,48.0,2257.8,2492.2,2021-04-20 15:40:05
692314,32.150547663370766,36.93124177720812,7070.333333333333,16.100000381469727,50.0,2165.333333333333,2363.777777777778,2021-04-20 15:50:05
692361,31.55592441558838,37.5434497833252,7075.0,16.100000381469727,50.0,2128.9,2320.7,2021-04-20 16:00:06
692413,31.301174545288085,37.9386589050293,8075.5,16.399999618530273,48.0,2135.6,2348.9,2021-04-20 16:10:04
692465,31.437272813585068,38.06244362725152,8972.111111111111,16.399999618530273,47.0,2144.333333333333,2393.0,2021-04-20 16:20:04
692512,31.468070411682127,38.319523620605466,8211.4,16.399999618530273,47.0,2150.1,2416.1,2021-04-20 16:30:06
692564,31.12920570373535,38.50720977783203,7425.5,16.5,45.0,2147.3,2382.2,2021-04-20 16:40:04
692616,31.27794313430786,38.33009147644043,9447.875,16.700000762939453,48.0,2155.75,2401.625,2021-04-20 16:50:05
692658,31.2990385055542,38.21255798339844,8503.2,16.700000762939453,48.0,2162.8,2399.5,2021-04-20 17:00:00
692710,31.38119570414225,38.278443230523,9315.555555555557,16.200000762939453,50.0,2181.4444444444443,2431.1111111111118,2021-04-20 17:10:06
692757,31.32841262817383,38.17990417480469,8469.9,16.200000762939453,50.0,2128.0,2348.2,2021-04-20 17:20:06
692809,30.62044843037923,38.697726779513886,6527.888888888889,16.200000762939453,50.0,1992.7777777777776,2224.222222222222,2021-04-20 17:30:07
692856,29.51659412384033,39.74120750427246,5629.9,16.100000381469727,46.0,1774.2,2062.1,2021-04-20 17:40:05
692908,28.344735039605037,41.24767939249674,4990.111111111111,16.100000381469727,48.0,1676.6666666666667,2043.111111111111,2021-04-20 17:50:04
698311,53.52365112304688,26.80216674804688,27215.2,13.5,60.0,4698.1,5951.2,2021-04-21 12:00:11
698363,51.957859463161896,27.05916235182021,23906.444444444445,13.800000190734863,62.0,4413.333333333333,5368.444444444444,2021-04-21 12:10:06
698410,49.01747131347656,27.59166870117188,19500.0,13.699999809265137,60.0,3461.9,4618.5,2021-04-21 12:20:04
698462,48.11917304992676,28.2320894241333,1313.7,13.699999809265137,60.0,3323.5,4546.9,2021-04-21 12:30:08
698514,50.22592878341675,27.714389085769653,4079.75,13.5,61.0,3729.75,4978.25,2021-04-21 12:40:06
698556,48.37258720397949,28.137331581115724,8686.1,13.899999618530272,64.0,3345.9,4499.0,2021-04-21 12:50:05
698608,47.14423599243164,30.080109786987304,16443.7,13.899999618530272,64.0,3320.1,4525.7,2021-04-21 13:00:08
698660,44.95685068766276,32.17008760240343,20652.222222222223,13.600000381469728,64.0,3297.555555555556,4485.333333333333,2021-04-21 13:10:05
698707,46.56290550231934,31.05210933685303,14646.9,14.199999809265137,63.0,3296.2,4514.0,2021-04-21 13:20:04
698759,49.32749633789062,29.692988777160643,8056.2,14.199999809265137,63.0,3899.3,5052.2,2021-04-21 13:30:09
698811,49.26409106784397,29.6850708855523,11769.333333333334,14.100000381469728,62.0,4285.111111111111,5133.0,2021-04-21 13:40:05
698858,43.49042472839356,31.585412979125977,8906.3,13.800000190734863,66.0,3129.1,3872.1,2021-04-21 13:50:00
698910,39.33005294799805,33.65789260864258,11635.1,13.800000190734863,66.0,2693.8,3183.9,2021-04-21 14:00:07
698962,36.27733268737793,35.982146453857425,8769.7,13.300000190734863,69.0,2453.4,2823.8,2021-04-21 14:10:07
699014,33.90495342678494,37.54211086697049,10743.888888888889,13.5,69.0,2204.0,2496.1111111111118,2021-04-21 14:20:07
699061,33.87973276774088,38.42459064059787,14047.666666666666,13.5,69.0,2277.0,2705.222222222222,2021-04-21 14:30:06
699108,34.22984356350369,38.68569013807509,17253.555555555555,13.0,68.0,2381.222222222222,2895.777777777778,2021-04-21 14:40:07
699155,38.03521003723144,36.472266387939456,6485.8,13.800000190734863,66.0,2601.3,3393.0,2021-04-21 14:50:00
699207,43.16037178039551,33.00434799194336,10328.5,13.800000190734863,66.0,2895.2,3965.0,2021-04-21 15:00:10
699259,40.81715927124024,33.087357711791995,15452.3,13.0,65.0,2671.7,3347.6,2021-04-21 15:10:07
699311,37.09569973415799,35.08354271782769,10470.666666666666,13.5,65.0,2356.222222222222,2800.333333333333,2021-04-21 15:20:04
699358,34.03398971557617,36.96650657653809,8952.4,13.5,65.0,2134.3,2423.1,2021-04-21 15:30:07
699410,31.568245479038783,39.00947134835379,6966.428571428572,13.5,62.0,1990.7142857142856,2222.1428571428573,2021-04-21 15:40:06
699447,29.701381301879884,40.66392021179199,6115.5,13.5,66.0,1882.1,2031.9,2021-04-21 15:50:05
699499,28.068474960327148,42.27405204772949,4911.5,13.5,66.0,1806.5,1911.9,2021-04-21 16:00:08
699551,26.690318001641167,43.73846096462674,4246.777777777777,14.5,62.0,1705.111111111111,1775.3333333333333,2021-04-21 16:10:05
699598,25.737900839911568,45.035138024224175,4865.0,13.800000190734863,61.0,1647.4444444444443,1718.0,2021-04-21 16:20:04
699645,25.13912410736084,45.9404899597168,4908.7,13.800000190734863,61.0,1630.5,1713.3,2021-04-21 16:30:07
699697,24.721099217732743,46.54357655843099,4891.111111111111,13.899999618530272,59.0,1644.5555555555557,1739.888888888889,2021-04-21 16:40:05
699744,24.360011206732857,47.232437981499565,4483.666666666667,13.800000190734863,62.0,1601.2222222222222,1700.4444444444443,2021-04-21 16:50:06
699791,24.026131057739256,47.58907470703125,4144.9,13.800000190734863,59.0,1615.8,1702.5,2021-04-21 17:00:06
699843,23.7582971572876,47.344166946411136,4047.6,13.899999618530272,59.0,1647.6,1744.5,2021-04-21 17:10:06
699895,23.26695654127333,50.02212651570638,3258.555555555556,13.5,58.0,1636.7777777777778,1812.0,2021-04-21 17:20:04
699942,22.79243907928467,51.92553596496582,3002.4,13.5,58.0,1618.8,1802.2,2021-04-21 17:30:06
699994,22.42553577423096,53.40245666503906,2876.7,12.699999809265137,57.0,1594.7,1771.8,2021-04-21 17:40:06
700046,22.116341908772785,54.40349960327149,2651.0,12.5,56.0,1581.5555555555557,1754.5555555555557,2021-04-21 17:50:05
705509,49.97647560967339,26.69396294487847,29032.88888888889,8.899999618530273,54.0,3231.777777777778,4538.222222222223,2021-04-22 12:00:06
705556,53.60776710510254,25.629663276672364,32523.4,9.899999618530272,54.0,4113.3,5365.5,2021-04-22 12:10:05
705608,55.64949989318848,24.227511978149412,23334.9,8.899999618530273,53.0,4907.2,5958.9,2021-04-22 12:20:05
705660,56.526495191786026,23.49211205376519,0.0,8.899999618530273,53.0,5436.444444444444,6369.333333333333,2021-04-22 12:30:08
705707,57.12705993652344,22.87556266784668,0.0,9.600000381469728,51.0,5582.375,6262.75,2021-04-22 12:40:00
705749,57.361715698242186,22.092164611816408,0.0,10.0,51.0,4945.7,5335.4,2021-04-22 12:50:05
705801,53.36185963948568,24.06059498257107,12896.222222222224,10.0,51.0,4149.0,4884.111111111111,2021-04-22 13:00:08
705848,47.59071464538575,26.31143684387207,16823.1,10.100000381469728,49.0,3286.2,4128.9,2021-04-22 13:10:06
705900,49.98546562194824,25.953612518310543,5008.4,10.600000381469728,51.0,3273.2,4343.5,2021-04-22 13:20:06
705952,54.66616694132487,24.20165634155273,0.0,10.600000381469728,51.0,4688.111111111111,5396.777777777777,2021-04-22 13:30:07
705999,57.69871101379395,22.75089626312256,0.0,10.899999618530272,53.0,6558.3,7128.8,2021-04-22 13:40:03
706051,60.00059339735243,21.64797422620985,0.0,10.800000190734863,52.0,7375.666666666667,7880.111111111111,2021-04-22 13:50:06
706098,60.57382371690538,21.12018203735352,0.0,10.800000190734863,52.0,7583.333333333333,7707.333333333333,2021-04-22 14:00:08
706145,56.57556953430176,22.16800193786621,7851.7,10.699999809265137,51.0,6767.3,6328.7,2021-04-22 14:10:04
706197,51.87792739868164,23.384298515319824,21175.3,11.300000190734863,52.0,4758.8,4602.2,2021-04-22 14:20:06
706249,51.21461772918701,23.781185388565063,21827.75,11.300000190734863,52.0,3677.875,4238.625,2021-04-22 14:30:06
706291,52.96501808166504,22.761425018310547,5808.2,12.100000381469728,52.0,3768.1,4359.4,2021-04-22 14:40:05
706343,54.2745475769043,21.49706249237061,0.0,11.600000381469728,49.0,3639.5,4224.4,2021-04-22 14:50:06
706395,54.48488065931532,21.33279079861111,0.0,11.600000381469728,49.0,3559.8888888888887,4326.444444444444,2021-04-22 15:00:09
706442,51.68459587097168,21.566796112060548,7024.1,12.0,47.0,3135.5,3630.6,2021-04-22 15:10:05
706494,42.1154727935791,25.24132137298584,7406.7,12.100000381469728,48.0,2374.7,2424.3,2021-04-22 15:20:06
706546,36.201436360677086,28.575400670369465,6216.666666666667,12.100000381469728,48.0,2017.2222222222224,1924.7777777777776,2021-04-22 15:30:06
706593,32.35969352722168,31.235522842407228,5673.0,11.699999809265137,47.0,1750.1,1614.3,2021-04-22 15:40:02
706645,29.6586555480957,33.596092987060544,5107.8,12.100000381469728,47.0,1668.3,1534.4,2021-04-22 15:50:06
706697,27.75337600708008,35.764553451538085,5247.1,12.100000381469728,47.0,1524.2,1489.5,2021-04-22 16:00:09
706749,26.47758229573568,37.59450022379557,4793.0,12.300000190734863,46.0,1479.4444444444443,1476.6666666666667,2021-04-22 16:10:05
706796,25.399213981628417,38.96238594055176,4179.3,12.199999809265137,49.0,1414.2,1462.8,2021-04-22 16:20:04
706848,24.689440727233887,40.222171020507815,4333.2,12.199999809265137,49.0,1428.5,1471.6,2021-04-22 16:30:05
706900,24.19142436981201,41.02281188964844,4209.1,12.0,48.0,1419.3,1469.8,2021-04-22 16:40:06
706952,23.814670774671768,41.98435084025065,4141.888888888889,12.100000381469728,48.0,1418.7777777777778,1469.7777777777778,2021-04-22 16:50:06
706999,23.40100688934326,42.60578308105469,3651.3,12.399999618530272,49.0,1398.3,1466.9,2021-04-22 17:00:10
707051,22.847180938720705,42.7681396484375,3072.8,12.300000190734863,51.0,1349.7,1441.7,2021-04-22 17:10:07
707103,22.290506574842667,43.54517957899306,2721.4444444444443,12.399999618530272,50.0,1344.2222222222222,1431.5555555555557,2021-04-22 17:20:06
707150,21.82310962677002,44.37384567260742,2619.9,12.399999618530272,50.0,1296.4,1421.0,2021-04-22 17:30:06
707202,21.42015686035156,45.122605895996095,2485.1,12.0,48.0,1282.6,1424.9,2021-04-22 17:40:05
707254,21.08796840243869,45.85285229153104,2319.4444444444443,12.0,50.0,1303.6666666666667,1431.888888888889,2021-04-22 17:50:05
712697,52.409322357177736,23.38567199707031,28096.1,9.699999809265137,55.0,3475.1,4890.7,2021-04-23 12:00:08
712749,54.27054252624512,22.680857276916505,29093.9,10.100000381469728,58.0,4277.8,5305.5,2021-04-23 12:10:05
712801,55.63015535142687,21.98621580335829,21409.88888888889,10.100000381469728,57.0,5217.777777777777,5944.555555555556,2021-04-23 12:20:05
712848,56.54726524353028,21.29198112487793,0.0,10.100000381469728,57.0,5666.0,6393.8,2021-04-23 12:30:06
712900,57.16117324829101,21.031967544555663,0.0,10.600000381469728,54.0,6024.8,6584.7,2021-04-23 12:40:06
712952,57.1758602142334,20.74036750793457,0.0,10.899999618530272,53.0,5638.1,5826.4,2021-04-23 12:50:05
713004,53.243067264556885,22.042992115020752,13595.25,10.899999618530272,53.0,4008.625,4759.125,2021-04-23 13:00:08
713046,46.93541641235352,25.044022178649904,15289.2,11.399999618530272,50.0,3285.6,4152.9,2021-04-23 13:10:06
713098,49.33123512268067,24.260624122619628,5339.9,11.199999809265137,50.0,3156.8,4130.7,2021-04-23 13:20:05
713150,53.93390274047852,22.502310011121963,0.0,11.199999809265137,50.0,4268.0,5003.777777777777,2021-04-23 13:30:10
713197,56.53551521301269,21.23964290618897,0.0,11.699999809265137,52.0,5615.8,5638.2,2021-04-23 13:40:05
713249,58.723849868774415,20.020905113220216,0.0,11.899999618530272,51.0,6115.3,5830.6,2021-04-23 13:50:05
713301,58.72061581081815,20.147164662679035,0.0,11.899999618530272,51.0,6799.444444444444,6566.0,2021-04-23 14:00:15
713348,54.06839790344238,21.575798797607423,10258.8,12.100000381469728,50.0,5885.5,5239.4,2021-04-23 14:10:04
713400,50.30323448181152,23.20775184631348,20509.2,12.699999809265137,50.0,4250.8,4495.0,2021-04-23 14:20:06
713452,50.58121604919434,22.85587882995605,24133.9,12.699999809265137,50.0,3449.6,4181.3,2021-04-23 14:30:07
713504,52.79278267754449,21.862448586357964,0.0,12.899999618530272,52.0,3433.1111111111118,4261.444444444444,2021-04-23 14:40:06
713551,54.11963907877604,20.93469958835178,0.0,12.699999809265137,50.0,3454.0,4281.111111111111,2021-04-23 14:50:05
713598,54.12100334167481,21.035782241821288,0.0,12.699999809265137,50.0,3821.1,4519.8,2021-04-23 15:00:07
713650,52.54444169998169,21.01129126548767,10608.875,12.899999618530272,51.0,3491.75,4138.0,2021-04-23 15:10:06
713692,42.79613952636719,24.533760452270503,6866.9,12.600000381469728,52.0,2611.0,2763.1,2021-04-23 15:20:06
713744,36.20143551296658,27.9238404168023,5200.222222222223,12.600000381469728,52.0,2106.777777777778,2085.4444444444443,2021-04-23 15:30:09
713791,32.15674800872803,30.89036407470703,4756.9,13.300000190734863,53.0,1901.2,1837.7,2021-04-23 15:40:05
713843,29.399367141723637,33.615777587890626,4530.0,13.300000190734863,49.0,1743.1,1660.2,2021-04-23 15:50:05
713895,27.618702358669704,35.45247226291232,4350.666666666667,13.300000190734863,49.0,1628.4444444444443,1552.888888888889,2021-04-23 16:00:07
713942,26.38643455505371,37.38124656677246,4193.3,13.600000381469728,49.0,1591.1,1547.2,2021-04-23 16:10:04
713994,25.520981216430663,38.536812210083006,4218.6,13.600000381469728,47.0,1585.4,1547.0,2021-04-23 16:20:07
714046,24.949560165405277,39.566134982638886,4060.1111111111113,13.600000381469728,47.0,1568.4444444444443,1545.111111111111,2021-04-23 16:30:06
714093,24.48462657928467,39.968108367919925,3747.2,13.800000190734863,48.0,1601.1,1554.5,2021-04-23 16:40:02
714145,24.032806968688966,40.12268218994141,3349.2,13.699999809265137,48.0,1582.8,1533.2,2021-04-23 16:50:06
714197,23.63746452331543,41.01167345046997,3207.75,14.100000381469728,48.0,1546.0,1515.25,2021-04-23 17:00:06
714239,23.368696212768555,41.33211212158203,3132.3,14.100000381469728,48.0,1566.3,1520.6,2021-04-23 17:10:03
714291,23.031433296203613,41.84847793579102,2941.3,13.899999618530272,49.0,1543.2,1511.4,2021-04-23 17:20:05
714343,22.772678565979003,42.25314712524414,2948.2,13.899999618530272,49.0,1539.8,1511.8,2021-04-23 17:30:05
714395,22.606791814168293,42.57334899902344,2881.333333333333,13.800000190734863,46.0,1538.5555555555557,1515.3333333333333,2021-04-23 17:40:06
714442,22.395895195007324,42.949568557739255,2564.9,13.800000190734863,46.0,1596.2,1526.6,2021-04-23 17:50:04
719905,48.49503623114692,26.176512824164497,26030.444444444445,11.399999618530272,50.0,3262.222222222222,4517.222222222223,2021-04-24 12:00:08
719952,49.37556228637696,25.29747486114502,27391.7,10.899999618530272,51.0,3317.4,4537.9,2021-04-24 12:10:05
720004,51.33131141662598,24.273441505432128,22282.6,11.100000381469728,50.0,3776.2,4951.4,2021-04-24 12:20:04
720056,53.51258426242404,23.382755703396267,3805.8888888888887,11.100000381469728,50.0,5039.444444444444,5630.444444444444,2021-04-24 12:30:05
720103,54.48870887756348,22.684367179870605,0.0,11.199999809265137,51.0,5168.6,5407.3,2021-04-24 12:40:05
720155,53.62752799987793,22.33951301574707,0.0,11.600000381469728,52.0,4509.9,4929.8,2021-04-24 12:50:04
720207,50.57878282335069,23.52568202548557,11870.666666666666,11.600000381469728,52.0,3554.1111111111118,4523.444444444444,2021-04-24 13:00:09
720254,45.8886474609375,26.17227439880371,16378.9,11.800000190734863,49.0,3250.9,4116.3,2021-04-24 13:10:05
720306,47.52315521240234,25.40062561035156,5808.9,11.699999809265137,50.0,3127.0,4037.0,2021-04-24 13:20:07
720358,51.128574795193146,23.8930852678087,11701.333333333334,11.699999809265137,50.0,3751.3333333333335,4718.111111111111,2021-04-24 13:30:08
720405,52.00002861022949,23.570229530334476,3101.875,12.899999618530272,48.0,4502.125,4956.125,2021-04-24 13:40:06
720447,54.33543128967285,22.162203788757324,0.0,12.300000190734863,47.0,5127.0,5137.7,2021-04-24 13:50:05
720499,55.1207160949707,22.920746273464623,0.0,12.300000190734863,47.0,6442.444444444444,6542.0,2021-04-24 14:00:08
720546,52.59464378356934,27.73784999847412,15347.5,12.899999618530272,47.0,7673.4,8486.7,2021-04-24 14:10:05
720598,51.45548171997071,29.20058002471924,21436.6,13.600000381469728,44.0,6889.5,7101.9,2021-04-24 14:20:07
720650,52.96012285020616,28.00979953342014,19179.88888888889,13.600000381469728,44.0,6466.333333333333,6437.111111111111,2021-04-24 14:30:06
720697,54.86789474487305,26.72495632171631,0.0,13.600000381469728,45.0,6664.9,6847.9,2021-04-24 14:40:08
720749,54.46761245727539,26.3826961517334,6205.1,13.199999809265137,41.0,6099.3,5841.3,2021-04-24 14:50:07
720801,55.76797294616699,25.50545469919841,0.0,13.199999809265137,41.0,5979.333333333333,5813.666666666667,2021-04-24 15:00:09
720833,53.878804779052736,25.20775146484375,15178.7,13.199999809265137,40.0,4592.7,4782.5,2021-04-24 15:10:06
720885,45.82082099914551,28.5934232711792,9787.7,13.399999618530272,43.0,3015.3,3458.5,2021-04-24 15:20:07
720937,39.85889604356554,32.025635189480255,9202.777777777776,13.399999618530272,43.0,2613.333333333333,2880.6666666666665,2021-04-24 15:30:07
720984,36.10803298950195,34.57618103027344,8848.2,14.0,43.0,2375.4,2503.4,2021-04-24 15:40:04
721036,33.958619594573975,36.73228120803833,9599.0,13.5,40.0,2275.375,2424.625,2021-04-24 15:50:03
721078,32.40749274359809,38.09686067369249,8653.888888888889,13.5,40.0,2178.0,2297.555555555556,2021-04-24 16:00:07
721125,31.60532531738281,39.2790111541748,9590.1,13.899999618530272,45.0,2149.4,2280.9,2021-04-24 16:10:05
721177,31.030670356750488,40.44251136779785,8898.5,14.199999809265137,44.0,2160.9,2324.9,2021-04-24 16:20:06
721229,30.359053293863933,41.386706034342446,8026.666666666667,14.199999809265137,44.0,2121.222222222222,2275.6666666666665,2021-04-24 16:30:05
721276,29.95105686187744,42.07827911376953,8321.4,13.899999618530272,46.0,2086.5,2267.3,2021-04-24 16:40:04
721328,29.57902060614692,42.400414360894096,8265.555555555555,14.300000190734863,44.0,2073.333333333333,2244.1111111111118,2021-04-24 16:50:06
721375,29.257394366794163,42.78392367892795,7736.0,14.300000190734863,44.0,2047.555555555556,2235.222222222222,2021-04-24 17:00:08
721422,28.60654621124268,43.58312301635742,6739.8,13.800000190734863,45.0,1991.4,2140.5,2021-04-24 17:10:05
721474,27.97421226501465,43.97909507751465,5970.4,13.199999809265137,47.0,1949.4,2056.0,2021-04-24 17:20:06
721526,27.226720571517944,43.80731678009033,5166.25,13.199999809265137,47.0,1873.375,1916.875,2021-04-24 17:30:06
721568,26.43583583831787,44.47348747253418,4582.6,13.300000190734863,45.0,1800.3,1795.4,2021-04-24 17:40:04
721620,25.722057151794434,45.08125457763672,4449.3,13.100000381469728,46.0,1712.1,1701.4,2021-04-24 17:50:04
727053,29.640438079833984,43.75100665622287,17284.444444444445,7.300000190734863,58.0,2116.1111111111118,2810.222222222222,2021-04-25 12:00:09
727100,31.63992140028212,42.19882456461588,15729.333333333334,8.5,56.0,2265.1111111111118,3093.8888888888887,2021-04-25 12:10:06
727147,35.76596450805664,39.45479583740234,10781.0,8.699999809265137,56.0,2538.0,3712.1,2021-04-25 12:20:06
727199,38.99866523742676,37.115434646606445,12532.4,8.699999809265137,56.0,2795.7,4107.1,2021-04-25 12:30:05
727251,38.21478891372681,36.1484317779541,17424.0,8.300000190734863,57.0,2639.125,3625.0,2021-04-25 12:40:05
727293,37.95910682678223,35.497367477416994,21068.5,9.300000190734863,54.0,2558.2,3487.0,2021-04-25 12:50:04
727345,37.58339080810547,35.96948165893555,18779.0,9.300000190734863,54.0,2603.1,3638.0,2021-04-25 13:00:06
727397,39.62361102634006,37.22607972886827,19880.555555555555,9.600000381469728,52.0,3047.8888888888887,4430.333333333333,2021-04-25 13:10:04
727444,41.07300610012479,33.91894086201986,12022.0,9.0,52.0,2878.6666666666665,3984.555555555556,2021-04-25 13:20:04
727491,46.28305511474609,31.199664497375487,7460.8,9.0,52.0,3304.9,4895.2,2021-04-25 13:30:06
727543,48.01141018337674,30.195908652411568,10699.888888888889,10.399999618530272,54.0,3893.777777777778,5339.222222222223,2021-04-25 13:40:06
727590,48.49355358547635,28.230038324991863,1897.4444444444443,10.0,51.0,3463.0,4784.777777777777,2021-04-25 13:50:04
727637,49.1678108215332,27.95407028198242,14131.3,10.0,51.0,4020.3,5075.1,2021-04-25 14:00:07
727689,44.2679066128201,29.03961435953776,15549.555555555557,9.899999618530272,51.0,3049.333333333333,3898.0,2021-04-25 14:10:06
727736,43.360884772406685,29.92616335550944,21842.88888888889,10.5,51.0,3001.4444444444443,3901.777777777778,2021-04-25 14:20:04
727783,43.23674354553223,29.472037887573244,13145.5,10.5,51.0,2852.7,3660.4,2021-04-25 14:30:09
727835,45.730764389038086,28.5990309715271,5821.5,10.399999618530272,51.0,3062.25,4095.625,2021-04-25 14:40:05
727877,45.60505828857422,28.20080890655517,11139.1,10.300000190734863,51.0,3038.3,3968.3,2021-04-25 14:50:04
727929,47.32982444763184,26.78644981384277,8547.7,10.300000190734863,51.0,3039.7,4015.2,2021-04-25 15:00:08
727981,45.21786079406738,27.19813842773437,12122.0,10.100000381469728,51.0,2848.1,3592.6,2021-04-25 15:10:04
728033,39.20822609795464,29.334960725572373,10473.777777777776,10.800000190734863,49.0,2364.333333333333,2711.777777777778,2021-04-25 15:20:06
728080,34.92721443176269,31.70199089050293,9277.1,10.800000190734863,49.0,2065.5,2283.2,2021-04-25 15:30:06
728132,31.909742546081542,32.895246505737305,8939.2,11.100000381469728,49.0,1901.2,1998.2,2021-04-25 15:40:04
728184,29.046216011047363,32.28541970252991,6058.25,10.800000190734863,52.0,1561.25,1516.875,2021-04-25 15:50:07
728226,26.584572982788085,36.35751838684082,4827.5,10.800000190734863,52.0,1538.5,1556.1,2021-04-25 16:00:07
728278,24.87342643737793,43.34447250366211,5076.3,11.600000381469728,50.0,1588.9,1776.6,2021-04-25 16:10:04
728330,24.342209074232315,46.47660700480143,5762.222222222223,11.699999809265137,49.0,1678.7777777777778,1920.2222222222224,2021-04-25 16:20:06
728377,24.305447578430176,48.201877212524415,6462.9,11.699999809265137,49.0,1728.7,2022.8,2021-04-25 16:30:07
728429,24.25171449449327,49.48263465033637,5420.444444444444,11.100000381469728,50.0,1795.0,2113.777777777778,2021-04-25 16:40:04
728476,23.73307736714681,50.46022923787435,4409.555555555556,11.100000381469728,49.0,1789.111111111111,2071.555555555556,2021-04-25 16:50:05
728523,23.32089729309082,51.1490047454834,4989.1,11.100000381469728,51.0,1755.8,1974.2,2021-04-25 17:00:09
728575,23.11287841796875,51.605706787109376,4926.5,11.399999618530272,51.0,1748.3,1972.7,2021-04-25 17:10:05
728627,22.73170386420356,52.16822221544054,4570.0,11.5,49.0,1718.3333333333333,1917.0,2021-04-25 17:20:05
728674,22.318692949083115,52.85776053534614,4088.444444444444,11.5,49.0,1675.7777777777778,1854.2222222222224,2021-04-25 17:30:05
728721,21.819371223449707,53.64797401428223,3259.1,11.199999809265137,50.0,1625.0,1764.2,2021-04-25 17:40:06
728773,21.344913270738388,54.25684314303928,3353.6666666666665,11.0,50.0,1571.7777777777778,1694.0,2021-04-25 17:50:05
734196,56.33067194620768,22.52621587117513,31275.0,11.100000381469728,51.0,5275.888888888889,6197.333333333333,2021-04-26 12:00:06
734243,57.445088704427086,21.846172332763672,30512.222222222223,11.199999809265137,47.0,5936.777777777777,6944.111111111111,2021-04-26 12:10:04
734290,58.35000381469727,21.203326797485357,23106.6,11.100000381469728,49.0,6441.4,7302.4,2021-04-26 12:20:05
734342,58.98468144734701,20.79702928331163,0.0,11.100000381469728,49.0,7076.0,7761.444444444444,2021-04-26 12:30:06
734389,59.46566658020019,20.33249397277832,0.0,11.5,44.0,7179.9,7525.4,2021-04-26 12:40:07
734441,59.35912111070421,20.05323706732856,0.0,11.699999809265137,44.0,6460.444444444444,6314.222222222223,2021-04-26 12:50:04
734488,55.25007883707682,21.174265967475044,10664.111111111111,11.699999809265137,44.0,5140.111111111111,5028.666666666667,2021-04-26 13:00:08
734535,48.39581871032715,24.395208740234374,12467.5,11.699999809265137,44.0,3555.4,4279.9,2021-04-26 13:10:05
734587,50.26344680786133,23.982452201843262,2271.2,11.899999618530272,41.0,3333.1,4190.2,2021-04-26 13:20:05
734639,55.052147674560544,21.795529174804688,0.0,11.899999618530272,41.0,4826.5,5042.5,2021-04-26 13:30:09
734691,58.20387029647827,20.381475687026978,0.0,11.899999618530272,41.0,6154.625,5872.75,2021-04-26 13:40:07
734733,60.47478408813477,19.99603271484375,0.0,12.699999809265137,39.0,7734.9,7816.0,2021-04-26 13:50:07
734785,57.82101173400879,20.3886474609375,0.0,12.699999809265137,39.0,7620.5,6855.5,2021-04-26 14:00:07
734837,52.90879355536567,21.99859280056424,22175.222222222223,12.600000381469728,41.0,5903.555555555556,4937.333333333333,2021-04-26 14:10:07
734884,51.2541389465332,22.557412147521973,20307.6,13.0,40.0,4462.1,4389.5,2021-04-26 14:20:08
734936,53.42645072937012,21.648432350158693,8279.6,13.0,40.0,4408.3,4471.1,2021-04-26 14:30:08
734988,55.6984338760376,20.69581151008606,0.0,12.800000190734863,41.0,4853.75,4725.0,2021-04-26 14:40:07
735030,56.96944351196289,20.011444091796875,0.0,13.300000190734863,40.0,5502.2,4948.8,2021-04-26 14:50:05
735082,57.21805191040039,19.42412452697754,0.0,13.300000190734863,40.0,5070.9,4721.0,2021-04-26 15:00:10
735134,56.84100129869249,19.20686976114909,0.0,13.100000381469728,39.0,4608.777777777777,4505.111111111111,2021-04-26 15:10:07
735181,47.957617950439456,21.46944389343262,9552.3,13.300000190734863,39.0,2968.9,3098.7,2021-04-26 15:20:07
735233,38.72842788696289,25.05363540649414,4801.0,13.300000190734863,39.0,2258.6,2072.7,2021-04-26 15:30:08
735285,33.47443665398492,28.07727834913466,4200.666666666667,13.300000190734863,37.0,1971.3333333333333,1676.2222222222222,2021-04-26 15:40:04
735332,30.09311828613281,30.36667423248291,3929.9,13.600000381469728,37.0,1670.0,1493.6,2021-04-26 15:50:00
735384,27.594758415222167,32.94682235717774,3569.1,13.600000381469728,37.0,1499.1,1445.9,2021-04-26 16:00:08
735436,25.904974365234374,34.94605979919434,3466.1,13.800000190734863,35.0,1412.1,1424.3,2021-04-26 16:10:04
735488,24.82939550611708,36.5372191535102,3528.1111111111118,14.0,38.0,1393.0,1424.0,2021-04-26 16:20:04
735535,24.0386812210083,37.746700286865234,3370.7,14.0,38.0,1364.6,1414.2,2021-04-26 16:30:07
735587,23.43278388977051,39.20347862243652,3298.0,14.199999809265137,38.0,1373.0,1427.9,2021-04-26 16:40:05
735639,23.025440004136826,40.06323962741428,3262.222222222222,14.0,39.0,1376.888888888889,1432.7777777777778,2021-04-26 16:50:05
735686,22.68936462402344,40.78538131713867,2975.5,14.0,39.0,1371.2,1434.0,2021-04-26 17:00:07
735738,22.33501205444336,41.64583778381348,2835.9,13.399999618530272,39.0,1389.6,1441.0,2021-04-26 17:10:06
735790,22.06649547153049,42.117613050672745,2688.4444444444443,13.399999618530272,39.0,1402.111111111111,1442.6666666666667,2021-04-26 17:20:04
735837,21.85346243116591,42.46704525417752,2661.8888888888887,13.399999618530272,39.0,1410.5555555555557,1448.5555555555557,2021-04-26 17:30:05
735884,21.58251323699951,42.50141143798828,2510.2,13.399999618530272,37.0,1417.6,1436.3,2021-04-26 17:40:05
735936,21.315242767333984,42.70661205715604,2367.1111111111118,13.699999809265137,42.0,1385.4444444444443,1429.2222222222222,2021-04-26 17:50:05
741304,61.44892082214356,29.32036304473877,32447.3,13.300000190734863,36.0,10268.7,14603.5,2021-04-27 12:00:06
741356,63.1061264038086,28.04104690551758,33593.0,13.899999618530272,34.0,11254.2,15584.1,2021-04-27 12:10:06
741408,64.12951575385199,27.533887651231552,24493.11111111111,14.100000381469728,31.0,11762.777777777776,16033.777777777776,2021-04-27 12:20:05
741455,64.88616714477538,27.17784366607666,0.0,14.100000381469728,31.0,12159.5,16348.7,2021-04-27 12:30:00
741507,65.29232635498047,26.8101016998291,0.0,14.100000381469728,31.0,11955.3,15836.7,2021-04-27 12:40:04
741559,64.37239608764648,21.82009620666504,0.0,14.199999809265137,31.0,10073.6,10622.6,2021-04-27 12:50:06
741611,58.70088481903076,20.58327603340149,10019.875,14.199999809265137,31.0,6554.25,5238.5,2021-04-27 13:00:08
741653,50.51232261657715,24.433813858032227,12446.4,14.5,31.0,4218.3,4128.7,2021-04-27 13:10:05
741705,52.27740944756402,22.808168411254883,0.0,14.800000190734863,31.0,3422.0,3768.777777777778,2021-04-27 13:20:05
741752,55.82427310943604,21.208705186843872,0.0,14.800000190734863,31.0,4709.75,4588.0,2021-04-27 13:30:06
741794,59.41760139465332,19.54253444671631,0.0,15.0,29.0,6327.5,5239.6,2021-04-27 13:40:05
741846,61.27588310241699,18.764934921264647,0.0,14.699999809265137,29.0,7238.4,5923.3,2021-04-27 13:50:04
741898,59.29028574625651,18.74469100104438,0.0,14.699999809265137,29.0,6989.0,5419.111111111111,2021-04-27 14:00:08
741945,54.13649215698242,19.818875122070317,17830.9,15.300000190734863,29.0,5159.4,4381.3,2021-04-27 14:10:07
741997,52.05369525485568,20.34417618645562,21369.777777777777,15.199999809265137,29.0,3997.6666666666665,3859.777777777778,2021-04-27 14:20:08
742044,52.95507939656576,19.744326697455516,9899.333333333334,15.199999809265137,29.0,3368.555555555556,3593.555555555556,2021-04-27 14:30:05
742091,54.34557876586914,19.434805870056152,3082.7,15.600000381469728,28.0,3451.8,3842.8,2021-04-27 14:40:04
742143,55.147478103637695,19.105363655090333,5571.7,15.399999618530272,27.0,3494.4,3949.5,2021-04-27 14:50:05
742195,54.86614481608073,18.90236812167697,8250.222222222223,15.399999618530272,27.0,3490.4444444444443,3896.555555555556,2021-04-27 15:00:10
742242,52.8743765089247,19.08361095852322,18704.88888888889,15.800000190734863,26.0,3344.6666666666665,3608.8888888888887,2021-04-27 15:10:05
742289,47.05825080871582,20.183566093444824,15077.9,15.600000381469728,28.0,2756.4,2602.0,2021-04-27 15:20:08
742341,40.1458381652832,22.75776309967041,8588.1,15.600000381469728,28.0,2156.1,1809.1,2021-04-27 15:30:08
742393,36.323974609375,24.87627495659722,8757.111111111111,16.100000381469727,28.0,1959.111111111111,1585.4444444444443,2021-04-27 15:40:04
742440,33.87777557373047,26.72693977355957,8277.4,15.899999618530272,26.0,1831.2,1525.4,2021-04-27 15:50:05
742492,32.295070838928225,28.150148582458492,8492.4,15.899999618530272,26.0,1744.2,1498.2,2021-04-27 16:00:08
742544,31.303756290011936,28.879224989149307,8267.777777777777,15.899999618530272,27.0,1679.6666666666667,1478.4444444444443,2021-04-27 16:10:05
742591,30.156672477722168,29.7795072555542,6209.0,16.299999237060547,28.0,1604.3,1449.1,2021-04-27 16:20:00
742643,28.881589889526367,30.341039085388186,5218.6,16.299999237060547,28.0,1469.3,1395.6,2021-04-27 16:30:07
742695,27.938963890075684,31.723659324646,5301.0,15.5,26.0,1465.6,1401.5,2021-04-27 16:40:06
742747,27.474207984076607,32.17788611518012,5266.888888888889,15.600000381469728,28.0,1469.0,1399.5555555555557,2021-04-27 16:50:05
742794,26.99553680419922,32.92286491394043,4827.5,15.699999809265137,27.0,1458.2,1398.7,2021-04-27 17:00:06
742846,26.534103775024413,33.40978164672852,4119.0,15.600000381469728,28.0,1452.6,1398.2,2021-04-27 17:10:05
742898,26.10017543368869,33.60986031426324,4124.111111111111,16.200000762939453,29.0,1430.888888888889,1387.3333333333333,2021-04-27 17:20:06
742945,25.62138557434082,34.032959365844725,3775.1,16.200000762939453,29.0,1398.7,1384.2,2021-04-27 17:30:00
742997,25.26495594448513,34.30295901828342,3417.1111111111118,15.800000190734863,28.0,1364.6666666666667,1379.3333333333333,2021-04-27 17:40:04
743044,24.92229347229004,34.84870719909668,3301.2,15.699999809265137,28.0,1413.4,1399.4,2021-04-27 17:50:05
748502,45.185549926757815,29.14045944213867,28907.4,13.800000190734863,47.0,3047.6,4456.1,2021-04-28 12:00:04
748554,46.97814102172852,27.69741325378418,22823.9,14.899999618530272,43.0,3231.7,4552.0,2021-04-28 12:10:05
748606,44.61810493469238,27.51461067199707,17820.2,14.300000190734863,42.0,2938.5,3883.1,2021-04-28 12:20:05
748658,41.78768968582153,30.585755825042725,17575.25,14.300000190734863,42.0,2826.625,3736.0,2021-04-28 12:30:07
748700,40.459601974487306,32.920576858520505,13641.1,15.399999618530272,40.0,2779.4,3744.3,2021-04-28 12:40:05
748752,46.7092399597168,32.815900039672854,0.0,15.199999809265137,42.0,3703.8,5433.3,2021-04-28 12:50:04
748804,47.79452048407661,33.519154442681206,18081.555555555555,15.199999809265137,42.0,4260.444444444444,5700.555555555556,2021-04-28 13:00:08
748851,46.13980611165365,34.82888709174262,18296.666666666668,15.800000190734863,41.0,4508.111111111111,5440.777777777777,2021-04-28 13:10:05
748898,48.06309585571289,33.76638412475586,18812.9,15.699999809265137,40.0,4210.1,5476.7,2021-04-28 13:20:05
748950,48.780762142605255,32.8787841796875,33102.88888888889,15.699999809265137,40.0,4940.222222222223,5886.111111111111,2021-04-28 13:30:06
748997,48.76913108825684,32.068970108032225,21984.7,16.100000381469727,39.0,4919.4,5454.7,2021-04-28 13:40:06
749049,47.906080627441405,32.07827930450439,21344.1,15.899999618530272,37.0,4547.5,5146.7,2021-04-28 13:50:06
749101,46.659630669487846,32.492560916476776,26804.11111111111,15.899999618530272,37.0,3754.0,4810.333333333333,2021-04-28 14:00:10
749148,46.76958885192871,34.03448486328125,21624.9,17.100000381469727,37.0,4412.9,5137.8,2021-04-28 14:10:06
749200,46.82059173583984,33.74532699584961,22526.7,16.799999237060547,35.0,4201.6,4991.7,2021-04-28 14:20:07
749252,46.05850982666016,33.816196865505646,21793.666666666668,16.799999237060547,35.0,3820.777777777778,4746.222222222223,2021-04-28 14:30:09
749299,46.37117576599121,32.852674293518064,11986.0,17.299999237060547,36.0,3541.2,4571.9,2021-04-28 14:40:06
749351,48.95738906860352,31.96765079498291,15465.4,17.299999237060547,36.0,4379.3,5117.4,2021-04-28 14:50:05
749403,46.11776123046875,32.54703617095947,18450.2,17.299999237060547,36.0,3471.6,4396.3,2021-04-28 15:00:07
749455,43.440401289198135,33.62105136447482,18189.777777777777,18.0,37.0,3127.555555555556,3879.6666666666665,2021-04-28 15:10:07
749502,42.437781524658206,33.92263679504394,17002.4,17.700000762939453,35.0,2962.2,3636.8,2021-04-28 15:20:06
749554,40.07697338528104,35.95805528428819,12928.0,17.700000762939453,35.0,2831.222222222222,3419.1111111111118,2021-04-28 15:30:07
749601,38.27272076076932,37.22251892089844,10766.666666666666,17.299999237060547,37.0,2698.0,3198.333333333333,2021-04-28 15:40:04
749648,37.260013580322266,37.959563446044925,12515.5,17.200000762939453,38.0,2609.6,3090.4,2021-04-28 15:50:06
749700,36.60257805718316,38.9940914577908,11685.222222222224,17.200000762939453,38.0,2611.222222222222,3122.0,2021-04-28 16:00:09
749747,36.53789732191298,39.39557351006402,12563.333333333334,17.299999237060547,38.0,2626.8888888888887,3178.6666666666665,2021-04-28 16:10:05
749794,36.22686309814453,39.56237144470215,12167.5,17.299999237060547,37.0,2591.5,3122.5,2021-04-28 16:20:04
749846,35.646067428588864,40.058899307250975,10262.4,17.299999237060547,37.0,2561.2,3072.7,2021-04-28 16:30:07
749898,34.42652778625488,40.45105667114258,8260.1,17.200000762939453,37.0,2426.5,2811.8,2021-04-28 16:40:04
749950,33.421919928656685,40.86416922675239,7851.333333333333,17.200000762939453,37.0,2343.8888888888887,2658.6666666666665,2021-04-28 16:50:06
749997,32.602091789245605,41.249141693115234,7904.5,17.5,37.0,2246.75,2547.875,2021-04-28 17:00:09
750039,32.00516276889377,41.66153801812066,7835.777777777777,17.399999618530273,36.0,2196.777777777778,2456.333333333333,2021-04-28 17:10:04
750086,31.409790515899655,42.07923221588135,7523.625,17.799999237060547,37.0,2148.0,2382.5,2021-04-28 17:20:01
750128,30.793278312683107,42.58823509216309,6421.3,17.799999237060547,37.0,2088.6,2312.1,2021-04-28 17:30:05
750180,30.36172379387749,42.90836970011393,7045.222222222223,16.600000381469727,43.0,2054.0,2268.4444444444443,2021-04-28 17:40:04
750227,29.910734367370605,43.42259826660156,6008.1,16.299999237060547,44.0,2018.1,2213.9,2021-04-28 17:50:05
755645,16.90863666534424,63.13710250854492,4322.6,6.800000190734863,92.0,1297.3,1522.9,2021-04-29 12:00:09
755697,17.15590896606445,62.75608444213867,4391.2,6.699999809265137,90.0,1329.4,1542.2,2021-04-29 12:10:05
755749,17.1952965259552,62.71534204483032,4089.0,6.800000190734863,91.0,1372.75,1562.75,2021-04-29 12:20:04
755791,17.461958355373806,62.27054299248589,5434.888888888889,6.800000190734863,91.0,1315.111111111111,1532.888888888889,2021-04-29 12:30:05
755838,18.09482659233941,61.831762101915146,5678.666666666667,6.400000095367432,91.0,1366.888888888889,1614.6666666666667,2021-04-29 12:40:04
755885,18.3407341003418,61.463187789916994,6126.9,6.400000095367432,91.0,1395.1,1646.9,2021-04-29 12:50:00
755937,18.79118876987033,60.943855709499786,6334.222222222223,6.400000095367432,91.0,1424.0,1726.888888888889,2021-04-29 13:00:09
755984,18.930936177571613,60.84026336669922,4480.888888888889,6.400000095367432,92.0,1455.2222222222222,1740.3333333333333,2021-04-29 13:10:05
756031,18.863584518432617,60.23634550306532,6321.444444444444,6.5,92.0,1364.888888888889,1587.111111111111,2021-04-29 13:20:04
756078,18.820058250427245,60.13641586303711,4308.7,6.5,92.0,1325.4,1546.7,2021-04-29 13:30:08
756130,18.668917655944824,60.10452423095703,5340.6,6.5,91.0,1289.8,1522.8,2021-04-29 13:40:06
756182,18.800090154012043,60.1651365492079,5231.111111111111,6.699999809265137,92.0,1313.888888888889,1541.5555555555557,2021-04-29 13:50:05
756229,18.7348747253418,59.92736663818359,5145.4,6.699999809265137,92.0,1305.7,1544.1,2021-04-29 14:00:07
756281,18.67078647613525,59.67956008911133,5598.1,6.800000190734863,89.0,1295.2,1540.5,2021-04-29 14:10:06
756333,19.985122680664062,58.69840621948242,10317.857142857143,6.800000190734863,87.0,1437.428571428571,1814.7142857142856,2021-04-29 14:20:06
756370,21.418554878234865,58.4519718170166,9369.6,7.0,86.0,1601.3,2106.6,2021-04-29 14:30:06
756422,22.33874988555908,57.71633415222168,9176.2,7.199999809265137,84.0,1667.1,2226.3,2021-04-29 14:40:05
756474,24.05470339457194,55.92957009209527,13681.888888888889,7.099999904632568,84.0,1792.6666666666667,2474.1111111111118,2021-04-29 14:50:05
756521,24.74572541978624,55.07370969984267,9653.555555555557,7.099999904632568,84.0,1845.2222222222224,2529.222222222222,2021-04-29 15:00:08
756568,24.81067371368408,54.16250839233398,9247.2,7.099999904632568,83.0,1784.8,2377.8,2021-04-29 15:10:06
756620,25.36483359336853,53.190852642059326,11864.5,8.100000381469727,79.0,1783.625,2404.5,2021-04-29 15:20:06
756662,26.57122135162353,52.424353790283206,13667.8,8.100000381469727,79.0,1916.8,2665.3,2021-04-29 15:30:07
756714,25.591329362657333,53.1341183980306,5064.777777777777,8.5,75.0,1885.4444444444443,2453.0,2021-04-29 15:40:04
756761,23.69865968492296,53.77279324001736,3213.6666666666665,8.199999809265137,73.0,1631.6666666666667,1947.4444444444443,2021-04-29 15:50:05
756808,23.245594024658203,53.94720344543457,7322.9,8.199999809265137,73.0,1581.4,1898.8,2021-04-29 16:00:07
756860,23.479247665405275,54.00213661193848,8802.0,8.800000190734863,70.0,1616.6,2008.2,2021-04-29 16:10:06
756912,23.656527837117512,54.65730751885308,8047.333333333333,8.699999809265137,65.0,1652.0,2078.0,2021-04-29 16:20:04
756959,23.37465985616048,54.75954310099284,5412.666666666667,8.699999809265137,65.0,1609.7777777777778,1997.2222222222224,2021-04-29 16:30:07
757006,23.354810333251955,54.46250114440918,6963.4,8.600000381469727,63.0,1600.3,1983.7,2021-04-29 16:40:06
757058,23.444867372512817,54.55748796463013,7208.0,8.800000190734863,68.0,1634.625,2027.0,2021-04-29 16:50:05
757100,23.74708194732666,54.21057434082032,7634.2,8.800000190734863,68.0,1661.7,2092.4,2021-04-29 17:00:08
757152,23.813038635253907,54.245975494384766,6757.9,9.100000381469728,68.0,1686.5,2125.4,2021-04-29 17:10:05
757204,23.098132451375324,54.82464853922526,4071.6666666666665,10.300000190734863,64.0,1629.111111111111,1994.555555555556,2021-04-29 17:20:06
757251,22.0954833984375,55.07881240844726,3392.5,10.300000190734863,64.0,1533.4,1780.0,2021-04-29 17:30:01
757303,21.126420783996583,55.489432907104494,3180.2,8.699999809265137,69.0,1461.9,1630.5,2021-04-29 17:40:06
757355,20.26897850036621,56.02365112304688,2868.5,9.100000381469728,68.0,1425.8,1553.9,2021-04-29 17:50:04
762793,25.98434972763061,57.88796043395996,11853.0,9.399999618530272,79.0,1788.125,2591.75,2021-04-30 12:00:10
762835,27.30502796173096,56.8067440032959,12456.7,9.5,77.0,1926.1,2872.7,2021-04-30 12:10:04
762887,27.408102798461915,56.467993545532224,9387.8,9.300000190734863,77.0,1962.9,2881.2,2021-04-30 12:20:06
762939,27.75132878621419,55.34888161553277,11394.222222222224,9.300000190734863,77.0,1973.7777777777776,2882.0,2021-04-30 12:30:07
762986,26.9343864440918,55.54177169799805,7227.0,9.600000381469728,75.0,1899.3,2662.5,2021-04-30 12:40:03
763038,26.33970413208008,54.7380786895752,6441.8,10.0,76.0,1991.5,2801.4,2021-04-30 12:50:04
763090,26.09697132110596,54.015716552734375,12726.0,10.0,76.0,1942.7,2750.6,2021-04-30 13:00:06
763142,30.632019890679253,50.99412536621094,27684.88888888889,10.300000190734863,72.0,2315.777777777778,3593.333333333333,2021-04-30 13:10:06
763189,34.6721981048584,48.79529991149902,21448.5,10.5,71.0,2666.3,4245.6,2021-04-30 13:20:04
763241,37.57404403686523,44.833600997924805,17646.9,10.5,71.0,2788.0,4387.5,2021-04-30 13:30:06
763293,36.05486509535048,44.664852142333984,10008.555555555557,10.600000381469728,71.0,2586.0,3824.8888888888887,2021-04-30 13:40:04
763340,34.04787483215332,44.4303035736084,11424.4,10.600000381469728,69.0,2311.9,3254.0,2021-04-30 13:50:03
763392,31.31239013671875,45.767300033569335,6359.4,10.600000381469728,69.0,2095.0,2775.2,2021-04-30 14:00:10
763444,29.301899909973145,46.97886619567871,8215.1,10.600000381469728,73.0,1939.5,2515.6,2021-04-30 14:10:06
763496,30.17628373040093,46.83468585544162,17565.0,10.100000381469728,71.0,2075.333333333333,2831.8888888888887,2021-04-30 14:20:08
763543,30.07656230926513,47.56603317260742,9033.5,10.100000381469728,71.0,2137.3,2920.9,2021-04-30 14:30:08
763595,29.324063110351563,47.62798538208008,10927.8,10.300000190734863,68.0,2016.3,2707.7,2021-04-30 14:40:06
763647,29.87720701429579,47.348575592041016,11041.0,10.600000381469728,67.0,2095.333333333333,2849.0,2021-04-30 14:50:05
763694,29.37052726745605,47.28816680908203,12005.3,10.600000381469728,67.0,2043.5,2738.1,2021-04-30 15:00:01
763746,29.537155532836916,47.01563987731934,11062.4,10.5,71.0,2073.4,2770.6,2021-04-30 15:10:05
763798,28.641260147094727,47.532616424560544,8012.2,10.100000381469728,71.0,1980.3,2576.0,2021-04-30 15:20:04
763850,28.404076046413845,47.68223910861545,9725.555555555557,10.100000381469728,71.0,1939.6666666666667,2557.6666666666665,2021-04-30 15:30:06
763897,27.353093719482423,48.419012451171874,6642.1,10.600000381469728,70.0,1863.9,2379.3,2021-04-30 15:40:07
763949,26.733577537536625,49.06874198913575,5766.4,10.399999618530272,69.0,1828.3,2301.2,2021-04-30 15:50:05
764001,26.221675395965576,49.58037757873535,6973.875,10.399999618530272,69.0,1792.125,2272.375,2021-04-30 16:00:09
764043,25.93808650970459,49.94949264526368,6394.6,10.0,73.0,1800.9,2278.5,2021-04-30 16:10:04
764095,25.25288028717041,50.65613784790039,4672.4,10.100000381469728,73.0,1739.3,2165.9,2021-04-30 16:20:05
764147,24.449912071228027,51.2147705078125,4144.0,10.100000381469728,73.0,1676.1,2060.9,2021-04-30 16:30:06
764199,23.901493549346924,51.69069957733154,4065.875,10.199999809265137,73.0,1677.875,2039.75,2021-04-30 16:40:06
764241,23.45975456237793,52.256961822509766,4626.2,9.600000381469728,73.0,1642.1,1976.4,2021-04-30 16:50:04
764293,23.348935508728022,52.404211807250974,5254.4,9.600000381469728,73.0,1652.2,1998.7,2021-04-30 17:00:09
764345,22.954825083414715,52.88946533203125,4825.111111111111,10.0,71.0,1622.3333333333333,1944.2222222222224,2021-04-30 17:10:04
764392,22.987640190124512,53.02098121643066,5753.5,10.100000381469728,72.0,1584.8,1928.8,2021-04-30 17:20:06
764444,23.04650624593099,53.240762074788414,5380.777777777777,10.100000381469728,72.0,1619.111111111111,1999.3333333333333,2021-04-30 17:30:06
764491,22.59503507614136,53.59712362289429,4255.125,10.0,72.0,1588.125,1918.25,2021-04-30 17:40:06
764533,22.25116367340088,53.77325096130371,4314.8,9.800000190734863,72.0,1558.0,1853.1,2021-04-30 17:50:05
769996,44.29713134765625,25.13115119934082,28971.4,11.0,52.0,2315.9,3446.6,2021-05-01 12:00:08
770048,49.447394943237306,22.61249694824219,31938.5,11.399999618530272,55.0,2740.1,4139.4,2021-05-01 12:10:09
770100,46.9477293226454,22.81986745198568,7389.0,11.699999809265137,53.0,2498.333333333333,3532.4444444444443,2021-05-01 12:20:10
770147,38.73795149061415,25.79351128472222,9755.333333333334,11.699999809265137,53.0,1866.7777777777776,2550.555555555556,2021-05-01 12:30:01
770194,40.55852296617296,25.909310658772785,3037.4444444444443,10.600000381469728,55.0,2093.222222222222,3112.8888888888887,2021-05-01 12:40:08
770241,43.72754974365235,24.05050754547119,4352.2,10.800000190734863,55.0,2294.0,3282.2,2021-05-01 12:50:07
770293,42.6852912902832,24.37103123135037,4814.111111111111,10.800000190734863,55.0,2182.1111111111118,3076.222222222222,2021-05-01 13:00:08
770340,36.623348236083984,27.2129397922092,12342.111111111111,11.800000190734863,48.0,1772.7777777777778,2473.222222222222,2021-05-01 13:10:08
770387,37.612496566772464,27.159380149841308,5464.9,11.300000190734863,51.0,1880.0,2653.5,2021-05-01 13:20:10
770439,44.02909708023071,24.020370721817017,0.0,11.300000190734863,51.0,2237.5,3285.875,2021-05-01 13:30:08
770481,45.92042350769043,22.94178695678711,14358.8,10.699999809265137,54.0,2460.6,3486.7,2021-05-01 13:40:07
770533,39.047264862060544,25.397421073913574,11210.3,11.199999809265137,50.0,1946.4,2619.8,2021-05-01 13:50:10
770585,36.96941518783569,27.0836193561554,18327.0,11.199999809265137,50.0,1869.875,2595.375,2021-05-01 14:00:08
770627,38.0736629486084,27.65850296020508,21942.5,11.100000381469728,54.0,1908.9,2772.5,2021-05-01 14:10:07
770679,41.50022888183594,26.232700157165528,16204.0,11.199999809265137,55.0,2023.6,2957.4,2021-05-01 14:20:10
770731,43.57599385579427,24.620940738254124,5012.444444444444,11.199999809265137,55.0,2131.4444444444443,3103.222222222222,2021-05-01 14:30:09
770778,42.61823654174805,24.52277374267578,4970.222222222223,11.399999618530272,52.0,2047.6666666666667,2909.8888888888887,2021-05-01 14:40:05
770825,41.24509387546115,25.83030276828342,5339.111111111111,10.899999618530272,51.0,2050.777777777778,2958.1111111111118,2021-05-01 14:50:05
770872,40.233424758911134,28.231632041931157,8471.0,10.800000190734863,52.0,2227.1,3301.0,2021-05-01 15:00:02
770924,41.37623723347982,32.44763162400987,4277.777777777777,10.899999618530272,53.0,2844.8888888888887,4272.555555555556,2021-05-01 15:10:06
770971,37.8514027065701,35.495705922444664,8296.888888888889,11.300000190734863,53.0,2594.222222222222,3725.444444444444,2021-05-01 15:20:07
771018,33.29789839850532,39.46729066636827,6476.111111111111,11.300000190734863,53.0,2297.0,3148.555555555556,2021-05-01 15:30:06
771065,30.202601432800293,41.29762687683105,6446.1,11.5,50.0,2047.6,2715.9,2021-05-01 15:40:05
771117,27.883065117730037,45.234183417426216,4861.111111111111,11.300000190734863,47.0,2023.7777777777776,2630.333333333333,2021-05-01 15:50:17
771164,26.288433456420897,47.70763702392578,4216.7,11.300000190734863,47.0,1940.8,2497.4,2021-05-01 16:00:09
771216,25.06862735748291,49.58388710021973,3950.8,11.5,49.0,1888.1,2370.2,2021-05-01 16:10:05
771268,24.158253139919704,50.75625483194987,3694.444444444444,11.600000381469728,49.0,1843.888888888889,2261.0,2021-05-01 16:20:04
771315,23.38818950653076,51.85809059143067,3445.6,11.600000381469728,49.0,1782.9,2151.5,2021-05-01 16:30:03
771367,22.72114124298096,52.6894027709961,3236.4,12.199999809265137,47.0,1747.4,2097.7,2021-05-01 16:40:05
771419,22.140612030029292,53.487601852416994,3027.1,12.5,47.0,1697.3,2023.3,2021-05-01 16:50:06
771471,21.677443504333496,54.13195323944092,2872.25,12.5,47.0,1672.25,1978.875,2021-05-01 17:00:09
771513,21.313878059387207,54.61676902770997,2743.1,12.300000190734863,45.0,1647.6,1939.1,2021-05-01 17:10:07
771565,20.9365608215332,55.027543258667,2624.5,12.199999809265137,46.0,1640.4,1895.9,2021-05-01 17:20:06
771617,20.592770682440865,55.55521647135416,2505.8888888888887,12.199999809265137,46.0,1584.4444444444443,1838.3333333333333,2021-05-01 17:30:08
771664,20.295681381225585,55.92523078918457,2354.7,12.300000190734863,43.0,1553.5,1781.2,2021-05-01 17:40:09
771716,19.994468688964844,56.28366508483887,2227.1,11.800000190734863,44.0,1535.6,1744.7,2021-05-01 17:50:05
777119,34.319447411431206,30.32662773132324,21892.33333333333,9.800000190734863,49.0,1698.3333333333333,2348.6666666666665,2021-05-02 12:00:07
777166,39.18745651245117,27.448844146728515,19226.1,9.800000190734863,54.0,1969.6,2812.0,2021-05-02 12:10:01
777218,40.54211540222168,25.6076904296875,15427.6,9.199999809265137,56.0,1961.9,2714.5,2021-05-02 12:20:07
777270,41.861256790161136,24.90943775177002,21736.6,9.199999809265137,56.0,1966.9,2925.0,2021-05-02 12:30:07
777322,38.68329887390136,27.23384494781494,6212.7,9.399999618530272,53.0,2088.6,2971.6,2021-05-02 12:40:05
777374,40.82318200005425,26.22788514031304,4776.555555555556,9.300000190734863,54.0,2122.555555555556,3136.8888888888887,2021-05-02 12:50:06
777421,35.65407829284668,27.935301971435543,9415.8,11.300000190734863,50.0,1654.3,2275.1,2021-05-02 13:00:08
777473,33.87884330749512,30.656748008728027,13369.8,10.5,50.0,1845.4,2621.1,2021-05-02 13:10:04
777525,33.33623237609864,30.67338047027588,5502.0,9.899999618530272,55.0,1830.9,2461.6,2021-05-02 13:20:05
777577,38.40267690022787,27.947067896525063,941.3333333333334,9.899999618530272,55.0,2128.0,3145.4444444444443,2021-05-02 13:30:07
777624,47.41767807006836,26.376440048217773,0.0,9.399999618530272,56.0,3064.6,4659.3,2021-05-02 13:40:06
777676,49.26981773376465,21.10231170654297,0.0,10.199999809265137,52.0,2700.3,3781.9,2021-05-02 13:50:06
777728,46.223506164550784,23.80712604522705,21667.8,10.199999809265137,52.0,2918.6,4119.1,2021-05-02 14:00:10
777780,45.41792763604058,24.89272075229221,21972.11111111111,9.699999809265137,55.0,2828.8888888888887,3959.222222222222,2021-05-02 14:10:06
777827,45.9732967376709,24.50797290802002,16160.1,10.399999618530272,55.0,2777.9,3812.2,2021-05-02 14:20:09
777879,50.30617218017578,23.149462127685545,0.0,10.399999618530272,55.0,3075.8,4444.1,2021-05-02 14:30:07
777931,53.86625480651856,21.692683219909668,3587.4,11.100000381469728,48.0,3565.2,4907.0,2021-05-02 14:40:06
777983,56.69235314263238,20.218882454766167,0.0,11.399999618530272,49.0,3818.8888888888887,5041.222222222223,2021-05-02 14:50:06
778030,58.12329292297363,19.50865936279297,0.0,11.399999618530272,49.0,4122.6,5078.7,2021-05-02 15:00:07
778082,57.26932182312012,19.29121856689453,2728.9,10.199999809265137,52.0,3829.6,4840.1,2021-05-02 15:10:07
778134,54.112725830078126,19.70260162353516,4574.0,10.899999618530272,49.0,3131.6,4103.7,2021-05-02 15:20:05
778186,43.06922488742404,23.294761657714844,6756.0,10.899999618530272,49.0,2176.4444444444443,2678.6666666666665,2021-05-02 15:30:05
778233,36.2487606048584,27.299610900878907,7584.7,10.5,51.0,1834.9,2294.3,2021-05-02 15:40:05
778285,32.879339408874515,30.92347583770752,9315.0,10.100000381469728,50.0,1753.5,2263.2,2021-05-02 15:50:04
778337,31.2792781829834,35.43999328613281,9580.9,10.100000381469728,50.0,1955.0,2541.8,2021-05-02 16:00:07
778389,30.074811723497177,38.16179572211372,6803.222222222223,11.0,49.0,2025.2222222222224,2604.333333333333,2021-05-02 16:10:04
778436,28.67303714752197,40.39459800720215,5696.6,10.100000381469728,46.0,1975.3,2470.9,2021-05-02 16:20:04
778488,27.41344299316406,42.450446701049806,5045.7,10.100000381469728,46.0,1924.4,2359.0,2021-05-02 16:30:07
778540,26.955749130249025,43.75707626342773,5736.7,10.800000190734863,49.0,1910.7,2355.2,2021-05-02 16:40:05
778592,25.9702197180854,45.06870778401693,3810.3333333333335,10.100000381469728,51.0,1851.2222222222224,2257.0,2021-05-02 16:50:06
778639,24.86942119598389,45.93514900207519,3289.4,10.300000190734863,53.0,1742.6,2072.2,2021-05-02 17:00:08
778691,23.776989555358888,46.7283130645752,3173.6,10.0,49.0,1658.1,1901.4,2021-05-02 17:10:05
778743,23.363355827331542,48.003051376342775,3857.3,10.800000190734863,49.0,1616.2,1898.8,2021-05-02 17:20:06
778795,22.75276968214247,49.098107231987846,2563.333333333333,10.800000190734863,49.0,1598.6666666666667,1854.0,2021-05-02 17:30:06
778842,22.031929588317876,49.85946464538574,2302.4,10.699999809265137,49.0,1530.5,1731.6,2021-05-02 17:40:05
778894,21.465285873413087,50.58747215270997,2664.6,10.800000190734863,47.0,1469.7,1658.3,2021-05-02 17:50:05
784422,40.685244750976565,31.225299453735357,16497.4,12.300000190734863,47.0,2677.6,3641.8,2021-05-03 12:00:10
784474,40.1461051940918,30.634165000915527,15365.9,13.100000381469728,46.0,2594.1,3454.0,2021-05-03 12:10:06
784526,42.15445976257324,31.551995468139648,23895.5,12.899999618530272,45.0,2903.4,4135.3,2021-05-03 12:20:05
784578,43.32943386501736,32.08226331075033,29073.0,12.899999618530272,45.0,3140.555555555556,4511.666666666667,2021-05-03 12:30:08
784625,43.88029327392578,31.73540859222412,28926.9,13.300000190734863,48.0,3243.0,4612.9,2021-05-03 12:40:05
784677,44.87377463446723,31.1482416788737,12686.333333333334,12.899999618530272,47.0,3335.6666666666665,4760.0,2021-05-03 12:50:05
784724,45.68258709377713,30.928511513604057,12961.555555555557,12.899999618530272,47.0,3430.6666666666665,4911.777777777777,2021-05-03 13:00:07
784771,44.24158897399902,31.74471664428711,17825.7,13.0,45.0,3404.1,4687.1,2021-05-03 13:10:03
784823,43.81353492736817,31.444266319274902,24711.6,12.600000381469728,45.0,3215.7,4358.6,2021-05-03 13:20:04
784875,45.00957527160645,30.70511951446533,22696.8,12.600000381469728,45.0,3260.6,4495.1,2021-05-03 13:30:09
784927,47.01775105794271,29.28494538201226,7831.222222222223,12.899999618530272,41.0,3448.0,4785.777777777777,2021-05-03 13:40:06
784974,45.27527198791504,29.27611198425293,23216.7,12.5,44.0,3295.7,4367.2,2021-05-03 13:50:02
785026,44.50514945983887,29.68261260986328,23154.4,12.5,44.0,3259.8,4316.2,2021-05-03 14:00:08
785078,44.31795997619629,29.682307052612305,20136.5,13.5,41.0,3181.4,4152.2,2021-05-03 14:10:06
785130,43.95547824435764,29.301051881578232,22396.666666666668,13.5,40.0,3046.555555555556,3925.777777777778,2021-05-03 14:20:07
785177,43.626078033447264,29.70428009033203,22976.4,13.5,40.0,3040.3,3952.3,2021-05-03 14:30:03
785229,42.032958984375,30.046692848205566,20219.5,14.0,35.0,2867.4,3641.7,2021-05-03 14:40:06
785281,41.63614866468642,30.059595108032227,17246.11111111111,13.899999618530272,37.0,2813.4444444444443,3547.6666666666665,2021-05-03 14:50:06
785328,39.8882696363661,30.9761536916097,18849.444444444445,13.899999618530272,37.0,2658.222222222222,3315.8888888888887,2021-05-03 15:00:10
785375,40.39765014648437,31.175097274780278,18784.8,14.300000190734863,35.0,2745.3,3489.7,2021-05-03 15:10:06
785427,39.30575294494629,31.110704231262208,16630.1,14.0,36.0,2623.4,3254.8,2021-05-03 15:20:07
785479,37.20251252916124,32.356416914198135,11683.0,14.0,36.0,2477.6666666666665,3016.0,2021-05-03 15:30:06
785526,35.329424964057075,33.47439405653212,9899.0,14.5,36.0,2366.333333333333,2822.222222222222,2021-05-03 15:40:06
785573,34.35870170593262,34.17074813842773,11535.8,14.5,36.0,2318.8,2749.6,2021-05-03 15:50:06
785625,33.78644981384277,35.13023567199707,10988.2,14.5,36.0,2340.9,2846.9,2021-05-03 16:00:09
785677,33.04997291564941,35.28847198486328,9538.7,14.699999809265137,36.0,2263.8,2684.9,2021-05-03 16:10:06
785729,32.43389892578125,35.70238155788846,8690.777777777777,14.199999809265137,36.0,2246.6666666666665,2656.1111111111118,2021-05-03 16:20:06
785776,31.74338150024414,35.9981689453125,8325.6,14.199999809265137,36.0,2129.7,2463.1,2021-05-03 16:30:07
785828,31.1807430267334,36.58869285583496,7827.5,14.399999618530272,36.0,2090.9,2417.8,2021-05-03 16:40:07
785880,30.67257957458496,37.180132675170896,7858.8,14.300000190734863,35.0,2065.1,2425.0,2021-05-03 16:50:04
785932,30.243042204115127,37.57466252644857,6517.0,14.300000190734863,35.0,2059.8888888888887,2419.0,2021-05-03 17:00:09
785979,29.92729034423828,38.23941421508789,6455.1,14.199999809265137,36.0,2084.2,2466.3,2021-05-03 17:10:05
786031,29.47787437438965,38.28625907897949,6003.1,13.800000190734863,37.0,2004.7,2317.2,2021-05-03 17:20:04
786083,29.11310749053955,38.568856430053714,5363.7,13.800000190734863,37.0,1951.1,2251.0,2021-05-03 17:30:06
786135,28.29162555270725,39.06241819593642,4575.444444444444,14.100000381469728,38.0,1941.3333333333333,2208.555555555556,2021-05-03 17:40:06
786182,28.12375087738037,39.6009765625,5439.7,14.0,38.0,2002.0,2337.3,2021-05-03 17:50:05
791770,28.17689037322998,51.53521003723144,18593.8,8.800000190734863,83.0,2062.3,2875.8,2021-05-04 12:00:07
791822,33.86095199584961,49.65300979614258,17089.0,10.699999809265137,71.0,2575.7,4053.9,2021-05-04 12:10:05
791874,33.41741065979004,48.4287784576416,8383.1,10.199999809265137,67.0,2591.6,3824.5,2021-05-04 12:20:05
791926,30.698184755113388,48.49961429172092,4827.111111111111,10.199999809265137,67.0,2301.777777777778,3100.8888888888887,2021-05-04 12:30:07
791973,29.984703063964844,47.50560760498047,7691.4,8.699999809265137,77.0,2160.1,2869.7,2021-05-04 12:40:05
792025,34.82520790100098,45.05287246704101,10427.6,9.699999809265137,77.0,2620.4,3892.1,2021-05-04 12:50:05
792077,32.824330711364745,45.86236381530762,7792.8,9.800000190734863,74.0,2474.5,3419.0,2021-05-04 13:00:08
792129,30.25431717766656,46.77229351467557,5987.333333333333,10.0,71.0,2216.777777777778,2863.0,2021-05-04 13:10:05
792176,29.672541427612305,46.66346206665039,11215.8,9.199999809265137,71.0,2133.5,2788.9,2021-05-04 13:20:05
792228,28.485580253601075,47.82345390319824,5366.1,9.199999809265137,71.0,2097.6,2671.0,2021-05-04 13:30:07
792280,27.00408191680908,48.389715576171874,5708.2,10.399999618530272,63.0,1937.0,2386.3,2021-05-04 13:40:07
792332,26.834219402737087,48.14340040418837,8653.777777777777,10.800000190734863,61.0,1923.6666666666667,2392.222222222222,2021-05-04 13:50:06
792379,27.40516529083252,48.08804397583008,12349.2,10.800000190734863,61.0,1994.9,2551.0,2021-05-04 14:00:08
792431,28.522964668273925,48.14923362731933,11282.5,11.199999809265137,56.0,2109.1,2799.0,2021-05-04 14:10:08
792483,28.540054702758788,48.08423004150391,6348.8,11.199999809265137,56.0,2125.3,2797.4,2021-05-04 14:20:09
792535,26.960614734225803,48.21969604492188,4819.222222222223,11.199999809265137,56.0,1957.2222222222224,2410.8888888888887,2021-05-04 14:30:09
792582,25.855573463439946,48.29907646179199,4564.0,11.100000381469728,56.0,1841.0,2196.9,2021-05-04 14:40:07
792634,24.79037895202637,49.16441612243652,3719.8,11.100000381469728,55.0,1738.0,2024.3,2021-05-04 14:50:06
792686,24.10944538116455,49.99954261779785,5860.6,11.100000381469728,55.0,1675.9,1962.9,2021-05-04 15:00:08
792738,23.9656925201416,50.86883248223199,3097.1111111111118,11.5,53.0,1722.7777777777778,2064.8888888888887,2021-05-04 15:10:07
792785,23.260280990600585,51.51674690246582,3266.8,12.100000381469728,55.0,1663.6,1964.0,2021-05-04 15:20:06
792837,23.06080722808838,51.99191284179688,5062.1,12.100000381469728,55.0,1617.5,1936.7,2021-05-04 15:30:09
792889,22.34489212036133,53.16243209838867,2241.5,11.600000381469728,52.0,1585.0,1882.4,2021-05-04 15:40:06
792941,21.66475952996148,53.65784157647027,3848.1111111111113,10.800000190734863,58.0,1520.0,1750.111111111111,2021-05-04 15:50:06
792988,22.57587547302246,53.348745346069336,8451.7,10.800000190734863,58.0,1619.7,1993.7,2021-05-04 16:00:05
793040,23.240253067016603,53.78225326538086,6850.5,11.699999809265137,56.0,1718.9,2202.9,2021-05-04 16:10:05
793092,23.93907833099365,53.78133811950684,6134.6,9.199999809265137,70.0,1801.6,2345.9,2021-05-04 16:20:05
793144,23.92682435777452,54.09441884358724,5313.555555555556,9.199999809265137,70.0,1804.555555555556,2318.222222222222,2021-05-04 16:30:08
793191,24.481689071655275,53.743953704833984,6606.9,10.5,69.0,1854.4,2406.6,2021-05-04 16:40:03
793243,24.77035160064697,53.53032722473144,6637.7,11.5,61.0,1896.0,2460.0,2021-05-04 16:50:04
793295,24.599450492858885,53.5661865234375,5271.6,11.199999809265137,60.0,1875.6,2402.8,2021-05-04 17:00:06
793347,24.694989098442925,52.95558802286784,5717.666666666667,11.600000381469728,60.0,1868.6666666666667,2399.333333333333,2021-05-04 17:10:06
793394,24.611734199523926,52.59739112854004,5127.0,12.600000381469728,57.0,1831.8,2312.6,2021-05-04 17:20:04
793446,24.239490509033203,52.58213157653809,4486.6,12.600000381469728,57.0,1796.2,2218.6,2021-05-04 17:30:07
793498,23.92225551605225,52.7052719116211,4309.1,11.899999618530272,55.0,1756.4,2159.3,2021-05-04 17:40:05
793550,23.39127519395616,53.07104746500651,4167.0,11.600000381469728,57.0,1714.111111111111,2084.4444444444443,2021-05-04 17:50:07
799073,30.18204021453857,49.50255584716797,14888.9,8.399999618530273,69.0,2115.4,3137.1,2021-05-05 12:00:00
799125,28.316281509399413,50.225833892822266,6118.7,7.099999904632568,77.0,2056.5,2827.1,2021-05-05 12:10:05
799177,35.049782371521,44.3561450958252,13065.0,5.900000095367432,82.0,2369.7,3751.1,2021-05-05 12:20:06
799229,42.11039848327637,41.54375495910645,10776.2,5.900000095367432,82.0,3190.2,5220.8,2021-05-05 12:30:06
799281,38.546875,42.30665545993381,8062.222222222223,8.600000381469727,81.0,2890.1111111111118,4277.0,2021-05-05 12:40:06
799328,37.3561450958252,40.72953414916992,6583.4,8.300000190734863,75.0,2646.4,3794.0,2021-05-05 12:50:05
799380,39.94182434082031,39.725947570800784,9114.4,8.300000190734863,75.0,2851.8,4278.7,2021-05-05 13:00:08
799432,35.97158012390137,41.89043998718262,12167.5,9.300000190734863,72.0,2542.2,3561.4,2021-05-05 13:10:06
799484,37.91726981268989,42.093367682562935,15571.777777777776,8.800000190734863,68.0,2632.8888888888887,3981.0,2021-05-05 13:20:04
799531,40.577897262573245,40.44480056762696,7685.1,8.800000190734863,68.0,2910.6,4428.7,2021-05-05 13:30:07
799583,45.05096435546875,36.94148139953613,4250.0,9.800000190734863,64.0,3282.1,5251.0,2021-05-05 13:40:06
799635,47.29137115478515,37.32555084228515,8849.0,9.800000190734863,64.0,4965.7,7818.5,2021-05-05 13:50:06
799687,46.16561974419488,37.34136962890625,25788.666666666668,9.800000190734863,64.0,4466.444444444444,6185.111111111111,2021-05-05 14:00:08
799734,43.25036239624024,37.08628997802735,11920.6,9.300000190734863,62.0,3270.0,4551.3,2021-05-05 14:10:06
799786,41.35603141784668,36.849317169189455,9526.9,9.899999618530272,61.0,2898.9,3952.2,2021-05-05 14:20:06
799838,37.799153900146486,39.2590217590332,6559.1,9.899999618530272,61.0,2671.1,3486.4,2021-05-05 14:30:05
799890,37.40842480129666,38.22588475545248,7436.777777777777,10.0,58.0,2455.333333333333,3191.4444444444443,2021-05-05 14:40:05
799937,40.56935195922851,36.554666137695314,4322.0,10.699999809265137,59.0,2729.0,3784.6,2021-05-05 14:50:05
799989,39.2742431640625,36.07721061706543,4815.7,10.699999809265137,59.0,2491.0,3284.6,2021-05-05 15:00:06
800041,43.32593269348145,33.56801719665528,2047.9,9.699999809265137,57.0,2794.8,3944.6,2021-05-05 15:10:07
800093,45.704246520996094,31.41781743367513,2111.777777777778,10.199999809265137,58.0,2940.8888888888887,4103.333333333333,2021-05-05 15:20:08
800140,40.94399909973144,33.08857898712158,11148.7,10.199999809265137,58.0,2476.9,3143.5,2021-05-05 15:30:07
800192,35.38784599304199,36.70786590576172,9466.1,9.199999809265137,60.0,2089.3,2551.3,2021-05-05 15:40:05
800244,31.888647079467773,39.5185775756836,7996.7,9.800000190734863,58.0,1908.0,2263.6,2021-05-05 15:50:04
800296,29.235734939575195,41.92840109931098,5385.111111111111,9.800000190734863,58.0,1744.5555555555557,2010.555555555556,2021-05-05 16:00:09
800343,27.18165874481201,43.6684211730957,5160.6,9.100000381469728,56.0,1630.8,1811.8,2021-05-05 16:10:04
800395,26.05905265808105,45.1770809173584,6240.5,9.199999809265137,56.0,1585.9,1794.9,2021-05-05 16:20:05
800447,25.41309986114502,46.40558471679688,5425.5,9.199999809265137,56.0,1603.5,1824.1,2021-05-05 16:30:06
800499,24.68935161166721,47.45216751098633,4292.222222222223,10.399999618530272,55.0,1575.888888888889,1787.0,2021-05-05 16:40:06
800546,23.95429935455322,48.55130805969238,4068.6,9.5,56.0,1519.4,1708.7,2021-05-05 16:50:04
800598,23.33798732757568,49.79430809020996,3583.9,9.699999809265137,53.0,1481.5,1644.0,2021-05-05 17:00:10
800650,22.730487442016603,50.32684860229492,2964.5,10.399999618530272,53.0,1463.3,1609.7,2021-05-05 17:10:04
800702,22.23027589586046,49.824775271945526,3507.4444444444443,10.399999618530272,52.0,1427.888888888889,1544.4444444444443,2021-05-05 17:20:04
800749,21.84767665863037,50.3323413848877,3125.4,10.399999618530272,52.0,1397.5,1540.2,2021-05-05 17:30:05
800801,21.5309757232666,48.89723052978516,3676.3,9.800000190734863,51.0,1397.9,1529.3,2021-05-05 17:40:04
800853,21.3168155670166,52.42725257873535,2626.7,10.899999618530272,49.0,1442.8,1648.8,2021-05-05 17:50:05
806366,43.747191958957245,43.799327002631294,22596.11111111111,8.899999618530273,66.0,3380.777777777778,5423.0,2021-05-06 12:00:09
806413,44.75936508178711,38.68162040710449,17290.5,9.399999618530272,61.0,3360.7,5006.5,2021-05-06 12:10:04
806465,47.57175521850586,34.629740142822264,25575.8,9.399999618530272,57.0,3508.2,5354.4,2021-05-06 12:20:05
806517,52.15136947631836,31.873502922058105,2029.8,9.399999618530272,57.0,5202.4,7714.7,2021-05-06 12:30:07
806569,55.63371573554145,29.3281790415446,0.0,9.699999809265137,59.0,6864.333333333333,9802.222222222224,2021-05-06 12:40:05
806616,57.82822113037109,27.407339668273927,3559.3,9.5,53.0,7914.7,10530.3,2021-05-06 12:50:02
806668,52.62481918334961,27.817502212524413,11136.5,9.5,53.0,5298.5,5709.7,2021-05-06 13:00:06
806720,46.65556526184082,30.088655090332036,14874.2,10.300000190734863,52.0,3537.9,4439.9,2021-05-06 13:10:06
806772,44.64056523640951,31.22233221266005,7845.333333333333,10.100000381469728,54.0,3179.0,4156.555555555556,2021-05-06 13:20:06
806819,44.67231254577637,31.639123916625977,15152.3,10.100000381469728,54.0,3192.3,4250.0,2021-05-06 13:30:04
806871,43.34916458129883,31.613489151000977,10172.8,10.399999618530272,53.0,3071.9,3981.4,2021-05-06 13:40:05
806923,44.36575927734375,32.3134204864502,21348.0,11.5,53.0,3431.8,4605.7,2021-05-06 13:50:05
806975,44.87881808810764,32.10209952460395,23177.777777777777,11.5,53.0,3677.222222222222,4677.222222222223,2021-05-06 14:00:09
807022,46.07316627502441,30.87602024078369,28425.8,10.300000190734863,52.0,3452.9,4513.1,2021-05-06 14:10:06
807074,46.32871704101562,30.59632263183594,18770.0,10.0,52.0,3346.1,4366.5,2021-05-06 14:20:06
807126,43.06477432250976,31.286182975769044,13606.4,10.0,52.0,2962.7,3651.9,2021-05-06 14:30:07
807178,38.454302893744575,32.719073401557075,6263.555555555556,10.199999809265137,50.0,2442.555555555556,2756.777777777778,2021-05-06 14:40:07
807225,34.622262954711914,34.49393501281738,6367.7,10.5,54.0,2079.1,2241.9,2021-05-06 14:50:06
807277,31.022125434875488,36.570687484741214,3547.8,10.5,54.0,1740.1,1747.6,2021-05-06 15:00:08
807329,28.31280975341797,39.1709774017334,3917.4,10.300000190734863,54.0,1590.8,1589.4,2021-05-06 15:10:07
807381,27.08404329087999,40.21803453233507,6643.111111111111,10.100000381469728,50.0,1493.4444444444443,1558.7777777777778,2021-05-06 15:20:07
807428,28.02761878967285,40.59723739624023,12856.8,10.100000381469728,50.0,1680.6,1874.5,2021-05-06 15:30:07
807480,28.776645851135253,41.453116989135744,10519.5,10.800000190734863,46.0,1859.5,2172.3,2021-05-06 15:40:06
807532,28.724574661254884,41.949645614624025,7793.7,10.699999809265137,45.0,1895.9,2217.0,2021-05-06 15:50:05
807584,28.00352668762207,42.35294087727865,6161.444444444444,10.699999809265137,45.0,1828.2222222222224,2090.6666666666665,2021-05-06 16:00:06
807631,27.599298095703126,42.420081329345706,7150.7,10.699999809265137,46.0,1761.7,1993.8,2021-05-06 16:10:04
807683,26.85881576538086,43.36736145019531,3790.9,10.800000190734863,46.0,1731.0,1951.3,2021-05-06 16:20:04
807735,25.410964012146,43.99023399353028,2210.5,10.800000190734863,46.0,1627.7,1740.1,2021-05-06 16:30:05
807787,24.16448402404785,45.19467968410916,1480.6666666666667,11.100000381469728,45.0,1506.0,1572.4444444444443,2021-05-06 16:40:04
807834,22.868543434143067,47.71328315734864,1169.4,10.600000381469728,58.0,1402.5,1529.1,2021-05-06 16:50:04
807886,22.407912254333496,49.96124153137207,4452.4,10.300000190734863,62.0,1364.7,1545.2,2021-05-06 17:00:06
807938,22.407911682128905,50.61661720275879,4769.8,9.899999618530272,65.0,1474.7,1690.5,2021-05-06 17:10:05
807990,22.694022708468967,50.79050233629015,5332.0,9.399999618530272,68.0,1610.6666666666667,1896.0,2021-05-06 17:20:03
808037,22.70111389160156,51.29091300964355,4229.2,9.399999618530272,68.0,1577.6,1845.9,2021-05-06 17:30:05
808089,22.90459289550781,51.27611236572265,4816.2,8.600000381469727,67.0,1575.3,1866.3,2021-05-06 17:40:05
808141,22.74517421722412,51.1975284576416,3245.6,8.399999618530273,69.0,1612.0,1876.9,2021-05-06 17:50:04
813654,42.04764633178711,43.741054153442384,20082.2,10.100000381469728,59.0,3039.9,4666.2,2021-05-07 12:00:08
813706,40.95402823554145,45.25825924343533,12401.222222222224,9.100000381469728,59.0,3079.4444444444443,4638.777777777777,2021-05-07 12:10:05
813753,47.145036697387695,40.244296646118165,14502.8,9.699999809265137,57.0,3633.3,6207.3,2021-05-07 12:20:05
813805,54.90115525987413,36.70795101589627,0.0,9.699999809265137,57.0,7086.333333333333,12217.666666666666,2021-05-07 12:30:06
813852,60.18859243392944,33.36976480484009,0.0,10.100000381469728,57.0,10348.125,16386.25,2021-05-07 12:40:05
813894,62.63962059020996,31.52071418762207,1985.4,11.0,52.0,12130.3,18113.4,2021-05-07 12:50:04
813946,61.64972915649414,31.91302356719971,8434.7,11.0,52.0,11905.8,17026.4,2021-05-07 13:00:06
813998,55.73842239379883,35.03669738769531,21130.8,10.5,54.0,9773.1,12737.9,2021-05-07 13:10:04
814050,54.617803785536026,36.49517186482748,16003.888888888889,10.5,52.0,8244.222222222223,10928.222222222224,2021-05-07 13:20:04
814097,57.5219352722168,33.84832496643067,0.0,10.5,52.0,8623.3,12053.4,2021-05-07 13:30:06
814149,59.50091552734375,32.55527591705322,3391.9,10.600000381469728,50.0,10423.1,14338.7,2021-05-07 13:40:06
814201,55.07484588623047,34.01419105529785,23255.5,11.5,48.0,9017.7,11237.6,2021-05-07 13:50:05
814253,54.58961741129557,34.996736738416885,31496.555555555555,11.5,48.0,8554.222222222223,10666.111111111111,2021-05-07 14:00:07
814300,55.53414192199707,35.22423095703125,15167.8,11.399999618530272,55.0,8654.1,11180.4,2021-05-07 14:10:04
814352,57.68615951538086,33.82009658813477,3864.1,12.0,54.0,8681.7,11462.0,2021-05-07 14:20:06
814404,57.84344291687012,32.1895170211792,3313.2,12.0,54.0,7938.4,10090.8,2021-05-07 14:30:08
814456,60.359308030870224,29.801378462049698,4043.555555555556,11.399999618530272,52.0,8506.444444444445,10709.555555555557,2021-05-07 14:40:05
814503,59.20130424499512,28.80949115753174,1676.3,12.0,55.0,7750.2,9063.1,2021-05-07 14:50:03
814555,57.866407775878905,28.581826210021973,6282.6,12.0,55.0,6980.1,7577.7,2021-05-07 15:00:08
814607,55.36404190063477,28.62043209075928,5815.4,12.0,51.0,5192.3,5228.2,2021-05-07 15:10:07
814659,57.83911005655924,27.172587712605797,0.0,11.300000190734863,49.0,5431.444444444444,5566.888888888889,2021-05-07 15:20:05
814706,49.74273300170898,30.03341751098633,10470.8,11.300000190734863,49.0,3385.3,3864.5,2021-05-07 15:30:02
814758,41.5627140045166,35.129930114746095,8103.0,11.600000381469728,52.0,2491.6,2684.0,2021-05-07 15:40:05
814810,36.49336242675781,39.591515731811526,6784.7,12.800000190734863,51.0,2146.2,2193.2,2021-05-07 15:50:05
814862,33.114832136366104,42.72203996446397,4871.666666666667,12.800000190734863,51.0,1924.0,1871.7777777777776,2021-05-07 16:00:05
814909,30.3259708404541,44.92408599853516,3514.9,12.100000381469728,51.0,1702.5,1571.0,2021-05-07 16:10:02
814961,28.45193405151367,47.115281677246095,4370.7,12.100000381469728,50.0,1565.5,1503.1,2021-05-07 16:20:04
815013,27.024375915527344,48.89936714172363,3175.5,12.100000381469728,50.0,1486.0,1475.5,2021-05-07 16:30:06
815065,25.8209777408176,50.26304796006944,2773.6666666666665,11.899999618530272,52.0,1392.111111111111,1432.6666666666667,2021-05-07 16:40:04
815112,24.82455940246582,51.52483367919922,2438.6,11.899999618530272,52.0,1324.9,1410.7,2021-05-07 16:50:01
815164,23.99649028778076,52.64454193115235,2212.4,11.899999618530272,52.0,1249.5,1388.0,2021-05-07 17:00:05
815216,23.3823148727417,53.86343193054199,2117.0,12.699999809265137,52.0,1195.2,1369.3,2021-05-07 17:10:04
815268,22.94889047410753,54.88025919596354,2220.8888888888887,12.199999809265137,54.0,1138.4444444444443,1356.6666666666667,2021-05-07 17:20:05
815315,22.56225681304932,55.1708251953125,2018.4,11.800000190734863,49.0,1163.6,1365.5,2021-05-07 17:30:00
815367,22.07385368347168,55.50469207763672,1922.1,11.600000381469728,50.0,1145.2,1357.6,2021-05-07 17:40:05
815419,21.662890243530278,55.96948204040528,1911.3,12.0,47.0,1116.1,1346.2,2021-05-07 17:50:04
819593,21.635919952392577,68.92256088256836,3757.5,11.300000190734863,67.0,0.0,641.8,2021-05-08 12:30:06
819645,22.644473181830516,65.44560665554471,5197.333333333333,11.399999618530272,72.0,0.0,718.8888888888889,2021-05-08 12:40:04
819692,23.20367012023926,63.45113220214844,4334.6,11.199999809265137,73.0,0.0,759.5,2021-05-08 12:50:05
819744,23.235980987548828,62.11901969909668,3904.8,11.199999809265137,73.0,0.0,770.4,2021-05-08 13:00:05
819796,23.24233012729221,61.00811258951823,4345.888888888889,11.100000381469728,75.0,0.0,796.1111111111111,2021-05-08 13:10:04
819843,23.23571376800537,60.24414443969727,4233.9,11.0,75.0,0.0,816.7,2021-05-08 13:20:05
819895,22.930762100219727,59.96124153137207,3299.9,11.0,75.0,0.0,834.1,2021-05-08 13:30:06
819947,22.75051498413086,59.52773323059082,3808.2,10.899999618530272,77.0,0.0,859.0,2021-05-08 13:40:05
819999,22.97678099738227,59.22772428724501,4936.0,10.899999618530272,77.0,0.0,889.2222222222222,2021-05-08 13:50:04
820046,23.151835759480797,59.2324710422092,4507.777777777777,10.899999618530272,77.0,0.0,917.3333333333334,2021-05-08 14:00:07
820093,23.5697717666626,58.910506057739255,6036.7,10.899999618530272,80.0,0.0,957.9,2021-05-08 14:10:05
820145,24.27990129258897,58.453414069281685,6423.111111111111,11.100000381469728,79.0,0.0,1021.3333333333334,2021-05-08 14:20:06
820192,25.136720848083492,57.80056495666504,9054.9,11.100000381469728,79.0,0.0,1083.0,2021-05-08 14:30:06
820244,26.15011043548584,57.6209659576416,7098.5,11.600000381469728,80.0,0.0,1194.2,2021-05-08 14:40:05
820296,26.411268711090088,57.28351259231568,6690.125,11.5,78.0,0.0,1193.25,2021-05-08 14:50:06
820338,25.965591049194337,57.32738151550293,3461.0,11.5,78.0,0.0,1167.2,2021-05-08 15:00:08
820390,25.032311058044435,57.35179595947265,2639.1,12.300000190734863,74.0,0.0,1109.2,2021-05-08 15:10:05
820442,24.494121551513672,57.414613511827255,4126.444444444444,12.300000190734863,73.0,0.0,1086.3333333333333,2021-05-08 15:20:06
820489,25.01815814971924,57.26649894714355,6995.4,12.300000190734863,73.0,0.0,1134.3,2021-05-08 15:30:05
820541,26.376703050401478,56.9821039835612,9410.777777777776,12.699999809265137,74.0,0.0,1298.2222222222222,2021-05-08 15:40:05
820588,27.537702136569557,57.20285161336263,7985.111111111111,12.600000381469728,76.0,0.0,1388.0,2021-05-08 15:50:04
820635,28.07755393981933,56.43930778503418,6626.3,12.600000381469728,76.0,0.0,1445.5,2021-05-08 16:00:05
820687,28.91588889227973,56.13760248819987,9356.777777777776,13.199999809265137,76.0,0.0,1469.111111111111,2021-05-08 16:10:05
820734,29.872756746080185,56.12030877007378,9745.444444444443,13.600000381469728,73.0,0.0,1525.3333333333333,2021-05-08 16:20:04
820781,30.95750389099121,55.84634170532227,10199.0,13.600000381469728,73.0,0.0,1703.3,2021-05-08 16:30:06
820833,31.575417709350585,55.66155471801758,8147.2,14.0,73.0,0.0,1840.0,2021-05-08 16:40:04
820885,31.788976907730103,55.32616138458252,8344.125,14.5,73.0,0.0,1843.0,2021-05-08 16:50:05
820927,32.09933662414551,54.99565124511719,7689.0,15.199999809265137,70.0,12.9,1915.4,2021-05-08 17:00:07
820979,31.936980056762696,54.94758605957031,6853.7,15.899999618530272,68.0,8.3,1863.0,2021-05-08 17:10:04
821031,31.77996501922608,55.15724411010742,6437.5,16.200000762939453,69.0,1.5,1806.3,2021-05-08 17:20:03
821083,31.34173435635037,55.38940175374349,4658.222222222223,16.200000762939453,69.0,0.3333333333333333,1728.888888888889,2021-05-08 17:30:06
821130,31.139085578918458,55.29732246398926,6301.0,16.899999618530273,67.0,3.1,1701.5,2021-05-08 17:40:05
821182,31.27853626675076,55.46451059977213,6565.111111111111,17.100000381469727,65.0,17.77777777777778,1807.888888888889,2021-05-08 17:50:03
826625,41.435873667399086,38.3825437757704,5301.666666666667,22.5,57.0,585.7777777777778,3374.777777777778,2021-05-09 12:00:05
826672,37.9484245300293,40.32776374816895,3352.5,22.0,55.0,489.1,2682.2,2021-05-09 12:10:03
826724,34.93362341986762,42.92430623372396,2190.555555555556,22.0,55.0,422.1111111111111,2276.4444444444443,2021-05-09 12:20:04
826771,33.16613235473633,45.72945785522461,4623.8,22.0,55.0,401.9,2232.7,2021-05-09 12:30:04
826823,36.34542617797852,44.55481796264648,11847.5,22.600000381469727,53.0,469.1,2950.0,2021-05-09 12:40:05
826875,39.78641166687012,42.61982154846192,15216.6,22.899999618530277,54.0,582.6,3660.6,2021-05-09 12:50:02
826927,38.834083557128906,42.814611223008896,9675.0,22.899999618530277,54.0,569.8888888888889,3422.0,2021-05-09 13:00:06
826974,36.763332748413085,43.10048065185547,5060.6,21.899999618530277,55.0,485.3,2764.0,2021-05-09 13:10:03
827026,37.513427734375,42.84916458129883,13474.7,21.799999237060547,58.0,478.3,2889.7,2021-05-09 13:20:03
827078,40.036621517605255,41.13204998440213,10711.222222222224,21.799999237060547,58.0,533.5555555555555,3314.777777777778,2021-05-09 13:30:04
827125,39.16689643859864,41.26039505004883,16899.9,21.399999618530277,57.0,548.4,3249.0,2021-05-09 13:40:04
827177,40.21847152709961,41.05699234008789,21855.2,19.700000762939453,68.0,583.3,3531.8,2021-05-09 13:50:04
827229,41.97973081800673,39.35403484768338,19456.222222222223,19.700000762939453,68.0,611.5555555555555,3681.6666666666665,2021-05-09 14:00:07
827276,43.954261016845706,37.54680709838867,24530.9,18.200000762939453,79.0,629.6,3818.5,2021-05-09 14:10:03
827328,48.57766876220703,34.46677360534668,6877.6,18.5,79.0,740.0,4377.9,2021-05-09 14:20:05
827380,51.88338724772135,31.55870903862847,0.0,18.5,79.0,1035.3333333333333,4820.444444444444,2021-05-09 14:30:06
827427,54.77202987670898,30.082398986816408,0.0,21.600000381469727,64.0,1388.7,5456.2,2021-05-09 14:40:04
827479,58.39753532409668,28.23544635772705,3261.7,22.200000762939453,63.0,1737.1,6996.5,2021-05-09 14:50:04
827531,61.01531812879775,26.43659422132704,0.0,22.200000762939453,63.0,2055.8888888888887,8127.111111111111,2021-05-09 15:00:06
827578,62.65323905944824,24.52918281555176,0.0,23.799999237060547,60.0,2138.5,7878.6,2021-05-09 15:10:00
827630,63.2770278930664,23.820553970336917,0.0,23.5,59.0,2241.1,7925.3,2021-05-09 15:20:04
827682,58.087510681152345,25.28496208190918,9495.5,23.5,59.0,1742.9,5283.7,2021-05-09 15:30:05
827734,48.45438808865018,29.857497533162437,7295.0,24.700000762939453,51.0,815.4444444444445,3529.777777777778,2021-05-09 15:40:05
827781,43.00632434421115,33.57103559705946,6400.222222222223,24.700000762939453,49.0,602.8888888888889,2941.555555555556,2021-05-09 15:50:04
827828,39.44834823608399,36.94789047241211,5617.6,24.700000762939453,49.0,549.2,2680.7,2021-05-09 16:00:07
827880,37.30220455593533,39.47627597384982,5282.888888888889,24.5,48.0,539.2222222222222,2610.6666666666665,2021-05-09 16:10:04
827927,36.11203918457032,40.77744674682617,5919.9,25.100000381469727,50.0,557.0,2659.8,2021-05-09 16:20:03
827979,35.62630615234375,41.76653709411621,6261.0,25.100000381469727,50.0,552.5,2680.9,2021-05-09 16:30:04
828031,35.73044967651367,42.3436336517334,7130.3,25.399999618530277,47.0,542.4,2729.4,2021-05-09 16:40:03
828083,35.84387159347534,42.62626838684082,6742.25,25.399999618530277,49.0,104.125,625.375,2021-05-09 16:50:03
828125,36.7254135131836,42.218508911132815,6993.9,26.0,48.0,14.1,475.8,2021-05-09 17:00:05
828177,37.56469802856445,40.61463317871094,5397.7,25.299999237060547,43.0,0.0,400.1,2021-05-09 17:10:04
828229,37.75642738342285,39.37209091186524,6274.6,25.200000762939453,45.0,0.0,400.0,2021-05-09 17:20:04
828281,38.19468858506944,40.11223814222548,6060.777777777777,25.200000762939453,45.0,0.0,400.0,2021-05-09 17:30:05
828328,38.00209846496582,40.218508911132815,4417.3,25.0,46.0,0.0,400.0,2021-05-09 17:40:04
828380,38.06431655883789,39.611962890625,5830.4,25.0,46.0,0.0,400.0,2021-05-09 17:50:03
833838,29.65171265602112,52.55703067779541,7016.5,14.0,87.0,98.875,400.0,2021-05-10 12:00:06
833880,31.735103416442872,51.38506088256836,16979.5,13.199999809265137,91.0,149.7,405.8,2021-05-10 12:10:03
833932,35.10025138854981,49.74685287475586,15887.2,12.899999618530272,91.0,252.3,515.3,2021-05-10 12:20:04
833984,39.04622565375434,46.34758292304145,20849.555555555555,12.899999618530272,91.0,346.44444444444446,709.4444444444445,2021-05-10 12:30:05
834031,46.71457977294922,41.5321590423584,32540.9,13.199999809265137,86.0,570.4,1211.6,2021-05-10 12:40:03
834083,52.19222526550293,37.3179214477539,21294.1,14.0,88.0,848.0,1483.4,2021-05-10 12:50:02
834135,54.76054763793945,30.957809066772462,6577.8,14.0,88.0,705.7,1272.9,2021-05-10 13:00:07
834187,50.79567337036133,30.65334065755208,16930.88888888889,15.699999809265137,83.0,608.6666666666666,994.0,2021-05-10 13:10:04
834234,48.22304878234864,32.83878784179687,17129.0,15.800000190734863,81.0,587.3,982.4,2021-05-10 13:20:05
834286,46.68360366821289,34.90577583312988,14069.4,15.800000190734863,81.0,552.7,916.7,2021-05-10 13:30:04
834338,50.45838127136231,33.66155433654785,9686.4,16.100000381469727,77.0,802.6,1259.6,2021-05-10 13:40:06
834390,53.01708984375,32.89217885335287,15528.444444444443,16.600000381469727,75.0,1176.888888888889,1420.4444444444443,2021-05-10 13:50:04
834437,53.472648239135744,31.94155788421631,24680.8,16.200000762939453,75.0,1000.9,1292.3,2021-05-10 14:00:07
834489,51.862439727783205,30.85908298492432,22114.6,16.700000762939453,72.0,686.0,1040.3,2021-05-10 14:10:04
834541,52.63202896118164,29.72838954925537,13693.0,17.299999237060547,69.0,673.6,1006.6,2021-05-10 14:20:05
834593,52.77586958143446,29.72423553466797,19081.777777777777,17.299999237060547,69.0,756.0,1082.2222222222222,2021-05-10 14:30:07
834640,52.059777450561526,29.80956745147705,12513.1,18.399999618530277,58.0,660.6,990.2,2021-05-10 14:40:04
834692,54.32101135253906,28.561531829833985,1012.6,19.0,53.0,731.3,1070.2,2021-05-10 14:50:04
834744,53.82673416137696,27.683527755737305,8367.5,19.0,53.0,696.4,935.9,2021-05-10 15:00:07
834796,50.83928892347548,28.900757047865127,14399.555555555557,18.799999237060547,53.0,582.1111111111111,800.0,2021-05-10 15:10:06
834843,49.08262710571289,29.395895195007324,19709.1,18.5,51.0,538.9,723.3,2021-05-10 15:20:06
834895,51.36255416870117,28.30319709777832,10340.1,18.5,51.0,521.4,722.6,2021-05-10 15:30:04
834947,45.97543292575412,31.461729685465496,10046.333333333334,19.200000762939453,51.0,405.6666666666667,510.8888888888889,2021-05-10 15:40:04
834994,42.73979530334473,33.771572494506835,10342.5,19.700000762939453,49.0,379.5,469.4,2021-05-10 15:50:04
835046,40.2101927863227,36.13421122233073,4795.0,19.700000762939453,49.0,358.55555555555554,439.6666666666667,2021-05-10 16:00:05
835093,37.45055601331923,38.89711125691732,4222.555555555556,19.899999618530277,50.0,305.0,400.0,2021-05-10 16:10:04
835140,36.85225448608399,41.04219131469726,8775.1,19.600000381469727,49.0,266.7,400.0,2021-05-10 16:20:02
835192,36.06317253112793,42.471503829956056,7841.9,19.600000381469727,49.0,242.0,400.0,2021-05-10 16:30:05
835244,35.53551597595215,42.34714241027832,5505.8,19.399999618530277,48.0,224.5,400.0,2021-05-10 16:40:03
835296,35.12292014227973,42.8878542582194,5739.111111111111,19.5,47.0,215.33333333333331,400.0,2021-05-10 16:50:03
835343,34.33093032836914,43.68490104675293,4560.6,20.100000381469727,47.0,196.1,400.0,2021-05-10 17:00:04
835395,34.04440422058106,43.974212646484375,4788.6,20.100000381469727,45.0,203.8,400.0,2021-05-10 17:10:04
835447,33.52903022766113,44.593728637695314,3920.8,19.399999618530277,47.0,185.1,400.0,2021-05-10 17:20:04
835499,33.144121987479075,44.7577634538923,3032.285714285714,19.399999618530277,47.0,199.57142857142856,400.0,2021-05-10 17:30:04
835536,32.59334716796875,44.4234375,2891.7,20.200000762939453,44.0,221.7,400.0,2021-05-10 17:40:04
835588,32.181048202514646,44.35202598571777,2821.5,19.799999237060547,44.0,213.2,400.0,2021-05-10 17:50:04
841021,38.92069091796875,37.90005378723144,14456.2,16.0,66.0,554.1,753.9,2021-05-11 12:00:06
841073,40.11566352844238,36.24856910705567,17192.1,16.0,64.0,529.9,716.0,2021-05-11 12:10:03
841125,40.83705282211304,36.59819173812866,16608.5,16.399999618530273,65.0,540.375,746.5,2021-05-11 12:20:02
841167,41.1829948425293,35.00480613708496,15656.9,16.399999618530273,65.0,506.3,665.1,2021-05-11 12:30:19
841219,41.38593940734863,34.25207939147949,15986.4,17.0,64.0,445.0,554.4,2021-05-11 12:40:02
841271,42.05865393744575,33.63173166910807,19156.0,17.100000381469727,62.0,452.22222222222223,575.5555555555555,2021-05-11 12:50:05
841318,43.016114976671005,32.23688846164279,20889.88888888889,17.100000381469727,62.0,452.44444444444446,591.8888888888889,2021-05-11 13:00:05
841365,44.44560165405274,31.283893966674803,22997.7,17.799999237060547,59.0,498.0,678.1,2021-05-11 13:10:03
841417,44.65735855102539,31.39482727050781,17481.4,18.100000381469727,58.0,528.0,710.1,2021-05-11 13:20:04
841469,42.83156500922309,32.244517432318794,11533.333333333334,18.100000381469727,58.0,489.6666666666667,636.8888888888889,2021-05-11 13:30:05
841516,41.42385711669922,33.427023315429686,13272.1,17.700000762939453,57.0,475.2,621.4,2021-05-11 13:40:04
841568,41.17524948120117,33.523918533325194,14708.6,18.399999618530277,60.0,458.3,590.7,2021-05-11 13:50:04
841620,40.284695053100585,33.76745262145996,11664.1,18.399999618530277,60.0,443.7,553.2,2021-05-11 14:00:07
841672,39.93455590142144,35.200528886583115,14141.777777777776,18.399999618530277,60.0,468.22222222222223,610.5555555555555,2021-05-11 14:10:04
841719,40.07053413391113,34.95597801208496,14010.4,18.399999618530277,60.0,473.5,616.1,2021-05-11 14:20:04
841771,39.550622177124026,35.87335014343262,10872.8,18.399999618530277,60.0,481.4,623.7,2021-05-11 14:30:04
841823,39.00528123643663,36.44210518731011,10997.888888888889,18.399999618530277,60.0,473.77777777777777,601.5555555555555,2021-05-11 14:40:03
841870,38.61600685119629,36.83741493225098,10683.6,18.399999618530277,60.0,466.7,587.0,2021-05-11 14:50:04
841922,38.105706787109376,37.08659553527832,8875.8,18.399999618530277,60.0,467.3,573.8,2021-05-11 15:00:05
841974,37.395369635687935,37.66757329305013,8103.111111111111,18.299999237060547,54.0,448.22222222222223,546.0,2021-05-11 15:10:04
842021,36.6372932434082,38.228427505493165,6522.3,18.200000762939453,54.0,436.0,514.2,2021-05-11 15:20:00
842073,35.350996017456055,38.863660430908205,3604.5,18.200000762939453,54.0,416.3,463.5,2021-05-11 15:30:04
842125,33.84976662529839,40.9769164191352,2165.0,17.899999618530273,56.0,375.0,408.0,2021-05-11 15:40:04
842172,32.5211296081543,43.01094436645508,1686.2222222222222,17.899999618530273,56.0,339.44444444444446,402.77777777777777,2021-05-11 15:50:03
842219,31.227740859985357,43.9586483001709,2307.4,17.899999618530273,56.0,276.2,400.0,2021-05-11 16:00:05
842271,30.22672356499566,45.93084250556098,2782.555555555556,17.600000381469727,57.0,278.8888888888889,400.0,2021-05-11 16:10:02
842318,29.44550429450141,47.143256717258026,2054.555555555556,17.700000762939453,56.0,244.88888888888889,400.0,2021-05-11 16:20:03
842365,28.55313949584961,47.90936088562012,1460.2,17.700000762939453,56.0,251.7,400.0,2021-05-11 16:30:02
842417,27.70904884338379,49.37010726928711,1246.0,17.600000381469727,57.0,239.3,400.0,2021-05-11 16:40:03
842469,26.933051109313965,50.28259773254395,1126.8,17.5,56.0,202.7,400.0,2021-05-11 16:50:03
842521,26.444648106892902,50.97479756673177,1457.111111111111,17.5,56.0,219.77777777777777,400.0,2021-05-11 17:00:05
842568,26.30632438659668,51.44808120727539,2021.1,17.600000381469727,56.0,222.3,400.0,2021-05-11 17:10:03
842620,26.41474018096924,51.89883270263672,2473.2,17.0,59.0,235.6,400.0,2021-05-11 17:20:04
842672,26.74075762430827,51.92424689398872,3392.222222222222,17.0,59.0,238.44444444444449,400.0,2021-05-11 17:30:04
842719,27.172164069281685,51.72181150648329,3806.222222222222,15.300000190734863,70.0,247.88888888888889,400.0,2021-05-11 17:40:03
842766,27.51841651068793,51.51513671875,3731.3333333333335,15.199999809265137,71.0,249.33333333333331,400.0,2021-05-11 17:50:03
848224,58.38124656677246,21.232776260375974,18006.5,14.399999618530272,56.0,1064.2,1010.7,2021-05-12 12:00:04
848276,60.735141372680665,20.56534690856933,31181.0,14.800000190734863,57.0,1544.9,1198.3,2021-05-12 12:10:02
848328,57.91687660217285,20.804455757141117,14873.2,14.899999618530272,57.0,1225.3,979.8,2021-05-12 12:20:03
848380,55.30229822794596,21.510134590996635,11522.111111111111,14.899999618530272,57.0,904.6666666666666,863.8888888888889,2021-05-12 12:30:04
848427,51.60528717041016,22.493934440612797,10636.8,14.899999618530272,58.0,677.7,687.9,2021-05-12 12:40:03
848479,47.32715377807617,26.998702812194825,14438.8,15.199999809265137,57.0,589.3,681.8,2021-05-12 12:50:03
848531,47.89513244628906,33.018540382385254,10334.5,15.199999809265137,57.0,935.4,1058.5,2021-05-12 13:00:04
848583,47.25689400566949,35.148817698160805,19732.222222222223,15.100000381469728,57.0,1092.2222222222222,1115.3333333333333,2021-05-12 13:10:03
848630,45.61173439025879,36.37628746032715,11047.3,14.800000190734863,57.0,825.1,948.4,2021-05-12 13:20:03
848682,44.7118335723877,36.38467979431152,14528.3,14.899999618530272,57.0,700.5,864.4,2021-05-12 13:30:05
848734,48.85345374213325,36.59130308363173,2629.555555555556,15.0,55.0,1441.888888888889,1322.3333333333333,2021-05-12 13:40:03
848781,51.30086975097656,35.97039794921875,13140.4,15.699999809265137,55.0,1768.0,1440.0,2021-05-12 13:50:03
848833,48.865530014038086,35.128252029418945,15264.4,15.699999809265137,55.0,1068.0,1033.1,2021-05-12 14:00:05
848885,46.45368881225586,35.792934799194335,15928.0,16.299999237060547,53.0,710.6,849.8,2021-05-12 14:10:04
848937,45.781685723198784,36.390224032931854,18584.666666666668,15.800000190734863,53.0,680.7777777777778,831.0,2021-05-12 14:20:04
848984,52.609330368042,33.67345657348633,5798.6,15.800000190734863,53.0,1395.9,1271.5,2021-05-12 14:30:07
849036,56.25432968139648,31.48485565185547,5574.9,16.600000381469727,50.0,1775.3,1437.2,2021-05-12 14:40:04
849088,62.65484046936035,27.98779296875,0.0,16.399999618530273,48.0,2530.4,2180.5,2021-05-12 14:50:03
849140,66.20228407118056,25.707213083903,0.0,16.200000762939453,47.0,2894.777777777778,2600.4444444444443,2021-05-12 15:00:05
849187,67.98374862670899,24.30624847412109,0.0,16.5,50.0,3058.2,2675.7,2021-05-12 15:10:03
849239,68.25369177924262,23.24949349297417,2514.222222222222,16.600000381469727,51.0,2995.1111111111118,2343.0,2021-05-12 15:20:04
849286,58.40789116753472,24.92662959628635,12548.777777777776,16.600000381469727,51.0,1697.5555555555557,1036.6666666666667,2021-05-12 15:30:04
849333,49.110398864746095,27.29320240020752,6657.3,17.0,53.0,666.1,490.1,2021-05-12 15:40:03
849385,42.24311447143555,30.87220573425293,3309.0,16.0,57.0,474.9,400.0,2021-05-12 15:50:04
849437,37.54493789672851,35.00190658569336,2900.1,16.0,57.0,402.9,400.0,2021-05-12 16:00:06
849489,34.23370022243924,38.09160486857096,2992.333333333333,15.699999809265137,54.0,343.3333333333333,400.0,2021-05-12 16:10:02
849536,31.829098510742188,41.08232231140137,2954.6,14.800000190734863,58.0,313.9,400.0,2021-05-12 16:20:02
849588,30.17696685791016,43.25505485534668,3037.0,14.800000190734863,58.0,308.2,400.0,2021-05-12 16:30:03
849640,29.19538307189941,44.88746473524306,3405.4444444444443,13.699999809265137,63.0,290.44444444444446,400.0,2021-05-12 16:40:03
849687,28.595063972473145,45.9771110534668,3505.6,13.199999809265137,67.0,284.0,400.0,2021-05-12 16:50:00
849739,28.67410526275635,46.58182640075684,5905.4,13.199999809265137,67.0,294.9,400.0,2021-05-12 17:00:04
849791,29.29121856689453,46.498816680908206,6887.1,12.699999809265137,76.0,320.1,400.0,2021-05-12 17:10:02
849843,29.949899461534287,46.07783762613932,7626.666666666667,12.699999809265137,76.0,335.77777777777777,400.0,2021-05-12 17:20:03
849890,30.384450721740723,45.67193069458008,6550.8,12.699999809265137,76.0,345.3,400.0,2021-05-12 17:30:01
849942,30.36762828826904,46.97413558959961,5248.0,13.199999809265137,75.0,347.3,400.0,2021-05-12 17:40:03
849994,30.557221603393558,48.52994613647461,5104.8,13.300000190734863,72.0,336.1,400.0,2021-05-12 17:50:03
855457,55.76966514587402,25.70305938720703,13327.5,17.399999618530273,50.0,1497.6,1128.5,2021-05-13 12:00:01
855509,55.81078834533692,24.855115699768067,25039.2,17.5,50.0,1543.1,1086.7,2021-05-13 12:10:02
855561,52.0747314453125,25.39177532196045,18621.3,17.600000381469727,48.0,1104.5,842.0,2021-05-13 12:20:02
855613,50.700134701199005,25.536990483601887,25116.11111111111,17.600000381469727,48.0,938.1111111111112,772.5555555555555,2021-05-13 12:30:03
855660,53.12069892883301,25.02159175872803,30173.2,17.799999237060547,48.0,1328.4,962.8,2021-05-13 12:40:01
855712,55.61718902587891,23.613946533203126,33000.1,17.700000762939453,48.0,1535.8,1039.1,2021-05-13 12:50:02
855764,57.54489974975586,23.289540100097657,10108.8,17.700000762939453,48.0,1751.8,1136.2,2021-05-13 13:00:05
855816,54.55757353040907,23.92139943440755,22204.444444444445,18.299999237060547,45.0,1419.2222222222222,938.5555555555557,2021-05-13 13:10:02
855863,51.37003135681152,25.418173599243165,19622.6,18.5,45.0,1184.1,826.7,2021-05-13 13:20:02
855915,49.83939895629883,26.05569534301758,20084.3,18.5,45.0,1062.3,792.1,2021-05-13 13:30:04
855967,47.942664337158206,27.02342281341553,16467.1,18.600000381469727,41.0,920.0,703.2,2021-05-13 13:40:02
856019,45.89561971028646,28.28971820407444,17740.444444444445,18.600000381469727,47.0,695.2222222222222,614.4444444444445,2021-05-13 13:50:04
856066,46.85693783230252,28.17561403910319,25918.33333333333,18.600000381469727,47.0,775.7777777777778,665.5555555555555,2021-05-13 14:00:08
856113,49.57103080749512,25.68566436767578,12308.5,19.100000381469727,43.0,964.7,704.9,2021-05-13 14:10:04
856165,45.188279469807945,28.56353272332085,6696.0,18.899999618530277,42.0,678.6666666666666,565.4444444444445,2021-05-13 14:20:03
856212,41.72480354309082,29.97741680145264,8253.9,18.899999618530277,42.0,558.4,410.6,2021-05-13 14:30:03
856264,40.0077823638916,31.47142734527588,10348.0,19.0,43.0,525.5,400.3,2021-05-13 14:40:03
856316,40.14313803778754,32.508667416042755,15092.444444444443,19.299999237060547,41.0,564.0,445.44444444444446,2021-05-13 14:50:03
856363,42.16309356689453,31.98274103800456,19406.11111111111,19.299999237060547,41.0,622.1111111111111,555.2222222222222,2021-05-13 15:00:05
856410,47.50820159912109,28.477912690904404,11477.555555555557,19.299999237060547,42.0,820.7777777777778,715.0,2021-05-13 15:10:04
856457,45.62321662902832,28.6260778427124,17603.4,19.5,42.0,680.1,595.4,2021-05-13 15:20:02
856509,48.2695125579834,26.21133728027344,17952.2,19.5,42.0,635.2,542.1,2021-05-13 15:30:05
856561,45.29598236083984,28.610326766967773,12012.666666666666,18.799999237060547,39.0,647.5555555555555,573.7777777777778,2021-05-13 15:40:02
856608,42.81162757873536,30.60639362335205,12021.6,19.100000381469727,40.0,609.0,514.2,2021-05-13 15:50:01
856660,40.64732551574707,32.29129447937012,8408.1,19.100000381469727,40.0,574.8,453.4,2021-05-13 16:00:05
856712,38.68356590270996,33.90905609130859,7710.7,18.399999618530277,43.0,537.0,403.6,2021-05-13 16:10:02
856764,36.95832655164931,35.04522577921549,3623.6666666666665,15.899999618530272,67.0,493.44444444444446,400.0,2021-05-13 16:20:02
856811,34.736019134521484,36.81300048828125,1092.3,15.899999618530272,67.0,464.6,400.0,2021-05-13 16:30:04
856863,32.874799728393555,39.28084259033203,1254.0,15.600000381469728,67.0,462.3,400.0,2021-05-13 16:40:01
856915,31.253910064697266,41.30052604675293,1158.6,15.699999809265137,60.0,385.7,400.0,2021-05-13 16:50:01
856967,30.004196166992188,43.32155058119032,1399.888888888889,15.300000190734863,64.0,372.44444444444446,400.0,2021-05-13 17:00:04
857014,28.98065910339356,45.47142753601074,1509.3,14.300000190734863,74.0,371.6,400.0,2021-05-13 17:10:02
857066,28.222552871704103,46.95185775756836,1917.5,13.800000190734863,78.0,367.4,400.0,2021-05-13 17:20:02
857118,27.661249542236327,48.226749420166016,1812.3,13.800000190734863,78.0,369.1,400.0,2021-05-13 17:30:03
857170,27.29614901542664,49.01884508132935,1955.25,13.300000190734863,79.0,370.0,400.0,2021-05-13 17:40:01
857212,27.160295486450195,49.473869705200194,2734.7,13.100000381469728,80.0,364.4,400.0,2021-05-13 17:50:02
862745,47.86816177368164,28.907301139831542,20967.0,15.399999618530272,53.0,850.6,744.9,2021-05-14 12:00:04
862797,52.462996292114255,28.211032104492187,32546.6,15.5,55.0,1467.5,1073.0,2021-05-14 12:10:01
862849,59.49679183959961,24.53701612684462,36489.333333333336,15.899999618530272,52.0,1950.6666666666667,1280.4444444444443,2021-05-14 12:20:02
862896,59.35751876831055,23.294422721862794,17672.0,16.100000381469727,52.0,1863.8,1192.7,2021-05-14 12:30:02
862948,59.612535095214845,23.870603561401367,7072.6,15.300000190734863,54.0,2180.4,1327.8,2021-05-14 12:40:02
863000,58.62798538208008,23.36202030181885,7260.8,16.0,48.0,1915.8,1135.4,2021-05-14 12:50:02
863052,49.11663013034397,26.09157117207845,6581.666666666667,16.0,48.0,737.6666666666666,592.5555555555555,2021-05-14 13:00:04
863099,43.94010848999024,29.22362098693848,10894.1,17.0,43.0,635.2,501.3,2021-05-14 13:10:02
863151,43.55104064941406,30.671702003479005,17979.2,16.899999618530273,45.0,712.3,602.5,2021-05-14 13:20:02
863203,49.567826461792,29.803616333007813,0.0,16.899999618530273,45.0,1448.1,1046.9,2021-05-14 13:30:03
863255,53.4330677456326,27.61086103651259,3010.0,16.799999237060547,52.0,1946.0,1218.0,2021-05-14 13:40:02
863302,50.31898994445801,26.76691875457764,9995.6,16.799999237060547,51.0,1226.7,788.3,2021-05-14 13:50:02
863354,44.79301147460937,28.18539695739746,6707.0,16.799999237060547,51.0,616.3,451.7,2021-05-14 14:00:04
863406,40.79659767150879,31.07255706787109,6398.9,16.200000762939453,53.0,558.5,406.1,2021-05-14 14:10:02
863458,38.28455209732056,32.78934907913208,6524.375,16.100000381469727,50.0,532.25,400.0,2021-05-14 14:20:03
863500,36.98443603515625,34.045471572875975,8776.9,16.100000381469727,50.0,510.7,400.0,2021-05-14 14:30:05
863552,36.72594718933105,33.34508285522461,9847.5,16.200000762939453,51.0,483.2,400.0,2021-05-14 14:40:02
863604,35.72137031555176,34.006256103515625,6308.4,16.299999237060547,54.0,468.9,400.0,2021-05-14 14:50:01
863656,34.444359673394096,34.99470223320855,4051.444444444444,16.299999237060547,54.0,440.77777777777777,400.0,2021-05-14 15:00:04
863703,33.307125854492185,36.57282371520997,3336.0,15.199999809265137,63.0,453.0,400.0,2021-05-14 15:10:04
863755,32.216029739379884,37.15220909118652,2792.0,14.300000190734863,67.0,422.6,400.0,2021-05-14 15:20:02
863807,31.34123001098633,38.912794494628905,2260.4,14.300000190734863,67.0,428.0,400.0,2021-05-14 15:30:03
863859,30.23770183987088,41.2030889723036,999.4444444444443,13.800000190734863,69.0,431.44444444444446,400.0,2021-05-14 15:40:02
863906,28.980391693115237,43.47509002685547,735.4,13.699999809265137,70.0,427.7,400.0,2021-05-14 15:50:01
863958,27.70691204071045,44.56168441772461,614.7,13.699999809265137,70.0,392.5,400.0,2021-05-14 16:00:04
864010,26.68310832977295,45.99801635742188,943.5,12.600000381469728,75.0,372.4,400.0,2021-05-14 16:10:01
864062,26.006120469835068,47.47369893391927,1130.3333333333333,12.0,81.0,370.8888888888889,400.0,2021-05-14 16:20:02
864109,25.60109100341797,48.49118766784668,1639.3,12.0,81.0,372.6,400.0,2021-05-14 16:30:04
864161,25.456626892089844,49.571984481811526,1857.8,12.199999809265137,83.0,377.1,400.0,2021-05-14 16:40:02
864213,25.76691856384277,49.84115333557129,3726.9,13.100000381469728,79.0,393.8,400.0,2021-05-14 16:50:05
864265,26.952900568644207,49.364123026529946,7277.444444444444,13.100000381469728,79.0,424.6666666666667,400.0,2021-05-14 17:00:03
864312,28.06820755004883,48.86656036376953,7158.4,14.100000381469728,70.0,456.4,400.0,2021-05-14 17:10:01
864364,29.140611839294436,48.17074890136719,7957.3,13.600000381469728,77.0,486.2,400.0,2021-05-14 17:20:02
864416,29.923284912109374,48.001220703125,6790.3,13.5,72.0,493.1,400.0,2021-05-14 17:30:03
864468,30.0083499484592,47.52303738064237,5689.777777777777,13.899999618530272,70.0,489.3333333333333,400.0,2021-05-14 17:40:01
864515,29.85038528442383,47.24986610412598,4767.9,13.899999618530272,69.0,475.3,400.0,2021-05-14 17:50:01
870033,31.95273494720459,44.59739074707032,9780.5,12.600000381469728,74.0,465.5,400.0,2021-05-15 12:00:03
870085,32.000712076822914,44.55210452609592,6737.666666666667,12.0,78.0,465.55555555555554,400.0,2021-05-15 12:10:02
870132,32.94182472229004,44.09216384887695,14248.4,11.399999618530272,86.0,477.9,418.8,2021-05-15 12:20:03
870184,37.97672996520996,41.39269104003906,26233.6,11.399999618530272,86.0,595.9,662.2,2021-05-15 12:30:02
870236,42.49279022216797,38.10116729736328,16081.5,12.0,87.0,706.9,821.4,2021-05-15 12:40:02
870288,43.4142541885376,36.45838117599487,14904.0,12.300000190734863,79.0,687.625,772.125,2021-05-15 12:50:02
870330,41.11009407043457,36.48950958251953,11692.2,12.300000190734863,79.0,599.6,590.7,2021-05-15 13:00:04
870382,39.434729766845706,37.25947914123535,11284.6,12.699999809265137,77.0,573.3,527.7,2021-05-15 13:10:01
870434,38.09499571058485,38.21079423692491,10940.111111111111,13.199999809265137,77.0,551.5555555555555,488.3333333333333,2021-05-15 13:20:02
870481,38.22960968017578,38.12466621398926,17556.8,13.199999809265137,77.0,557.7,504.0,2021-05-15 13:30:01
870533,38.91988983154297,37.91287078857422,14903.4,13.399999618530272,74.0,577.6,546.4,2021-05-15 13:40:02
870585,37.96391220092774,38.55817527770997,9462.7,13.5,71.0,552.8,491.2,2021-05-15 13:50:02
870637,36.57023832533095,39.5322257147895,7615.111111111111,13.800000190734863,69.0,522.6666666666666,434.1111111111111,2021-05-15 14:00:04
870684,34.01583137512207,41.28664016723633,2038.5,14.100000381469728,68.0,467.5,400.0,2021-05-15 14:10:02
870736,32.23872756958008,42.51911163330078,7787.3,13.699999809265137,66.0,432.4,400.0,2021-05-15 14:20:02
870788,32.9661247253418,42.99809265136719,13181.1,13.699999809265137,66.0,469.3,400.0,2021-05-15 14:30:06
870840,33.873799641927086,43.58146201239692,13326.888888888889,10.399999618530272,85.0,498.77777777777777,423.3333333333333,2021-05-15 14:40:02
870887,35.58758659362793,42.517280960083006,16098.6,10.5,88.0,530.9,493.5,2021-05-15 14:50:02
870939,37.302472305297854,40.0376895904541,23104.1,10.5,88.0,551.2,516.5,2021-05-15 15:00:04
870991,38.60826263427735,38.77958374023437,12296.3,11.5,87.0,586.7,559.9,2021-05-15 15:10:01
871043,35.88871086968316,40.24956978691949,4957.888888888889,11.800000190734863,84.0,506.0,408.8888888888889,2021-05-15 15:20:02
871090,35.93499641418457,40.52750473022461,16593.5,11.800000190734863,84.0,508.9,440.6,2021-05-15 15:30:04
871142,36.50457801818848,40.7281608581543,11792.3,12.399999618530272,81.0,540.6,486.7,2021-05-15 15:40:02
871194,35.870374298095705,40.35385665893555,9070.3,12.199999809265137,83.0,524.1,424.8,2021-05-15 15:50:01
871246,34.880550384521484,40.78374195098877,8723.125,12.199999809265137,82.0,489.75,400.0,2021-05-15 16:00:04
871288,33.31887550354004,42.00824012756348,4252.1,13.0,83.0,463.5,400.0,2021-05-15 16:10:01
871340,31.810940551757813,43.49660530090332,5761.9,12.899999618530272,82.0,433.6,400.0,2021-05-15 16:20:02
871392,32.58159713745117,43.512321853637694,11061.3,12.899999618530272,82.0,474.6,400.0,2021-05-15 16:30:02
871444,32.858777364095054,43.7654185824924,8991.111111111111,12.600000381469728,80.0,479.6666666666667,400.0,2021-05-15 16:40:01
871491,33.7936595916748,43.051041793823245,11480.9,12.399999618530272,79.0,500.8,407.2,2021-05-15 16:50:01
871543,33.628367233276364,43.19356079101563,6292.3,12.600000381469728,81.0,482.9,400.9,2021-05-15 17:00:04
871595,33.11245841979981,43.472343063354494,8414.3,11.699999809265137,85.0,473.9,400.0,2021-05-15 17:10:02
871647,33.18930519951714,43.59994252522787,8645.222222222223,12.0,85.0,486.44444444444446,400.0,2021-05-15 17:20:01
871694,32.86438522338867,43.89623832702637,8149.4,12.0,85.0,477.8,400.0,2021-05-15 17:30:04
871746,32.52285041809082,44.21942481994629,5520.3,12.600000381469728,82.0,474.3,400.0,2021-05-15 17:40:01
871798,31.89567926194933,44.78777270846896,5853.666666666667,12.800000190734863,81.0,452.44444444444446,400.0,2021-05-15 17:50:01
877331,37.811051262749565,41.38602786593967,8716.333333333334,14.0,64.0,563.6666666666666,541.7777777777778,2021-05-16 12:00:04
877378,38.991188049316406,41.00312767028809,15359.3,14.199999809265137,65.0,599.8,640.4,2021-05-16 12:10:01
877430,44.82932815551758,40.91889839172363,23864.7,14.100000381469728,69.0,1032.6,1079.4,2021-05-16 12:20:02
877482,47.77630233764648,36.7731746673584,18816.3,14.100000381469728,69.0,1176.3,1046.5,2021-05-16 12:30:02
877534,48.57781643337674,29.727118174235027,11645.222222222224,14.100000381469728,65.0,746.3333333333334,718.4444444444445,2021-05-16 12:40:01
877581,43.6941707611084,32.5781644821167,6875.7,14.600000381469728,67.0,598.5,530.4,2021-05-16 12:50:02
877633,39.58133087158203,35.722591400146484,6056.7,14.600000381469728,67.0,536.8,445.1,2021-05-16 13:00:03
877685,35.34672317504883,38.05630531311035,1573.6,15.300000190734863,66.0,445.8,400.0,2021-05-16 13:10:02
877737,32.67571173773872,40.33603752983941,5664.111111111111,14.699999809265137,58.0,404.44444444444446,400.0,2021-05-16 13:20:02
877784,31.32787799835205,42.43671379089356,6372.6,14.699999809265137,58.0,415.8,400.0,2021-05-16 13:30:04
877836,30.39326343536377,43.97756881713868,7381.6,13.800000190734863,61.0,408.1,400.0,2021-05-16 13:40:01
877888,30.38178081512451,44.82154502868652,8238.1,11.800000190734863,74.0,426.0,400.0,2021-05-16 13:50:01
877940,31.150360955132378,44.673499213324654,14364.777777777776,11.300000190734863,76.0,448.6666666666667,400.0,2021-05-16 14:00:07
877987,34.431868362426755,42.8479434967041,21600.5,11.300000190734863,80.0,526.4,480.7,2021-05-16 14:10:03
878039,35.6604866027832,41.69710807800293,13410.2,10.399999618530272,81.0,535.1,489.6,2021-05-16 14:20:02
878091,35.55527572631836,41.01747131347656,12630.4,10.399999618530272,81.0,512.1,432.3,2021-05-16 14:30:04
878143,36.235074043273926,40.57908058166504,15301.875,10.300000190734863,90.0,523.875,467.625,2021-05-16 14:40:02
878185,39.85503921508789,38.3521785736084,19792.3,11.399999618530272,90.0,580.6,613.5,2021-05-16 14:50:02
878237,41.08365745544434,36.82352905273437,15828.2,11.800000190734863,82.0,612.4,624.8,2021-05-16 15:00:04
878289,38.63096046447754,37.782711791992185,8619.6,11.800000190734863,82.0,551.5,493.3,2021-05-16 15:10:02
878341,36.396667056613495,38.79708099365234,7656.555555555556,12.5,84.0,506.0,404.3333333333333,2021-05-16 15:20:02
878388,34.90905609130859,40.13748321533203,6198.5,12.5,84.0,497.2,401.5,2021-05-16 15:30:03
878440,33.390974044799805,41.48241348266602,6166.1,13.199999809265137,79.0,478.6,400.0,2021-05-16 15:40:02
878492,34.37700737847222,41.4906374613444,15305.444444444443,13.0,74.0,523.3333333333334,448.55555555555554,2021-05-16 15:50:01
878539,35.47035937839084,41.16155073377821,13201.444444444443,13.0,74.0,568.0,533.3333333333334,2021-05-16 16:00:03
878586,36.30937690734864,39.6166934967041,14000.7,12.899999618530272,73.0,551.9,480.8,2021-05-16 16:10:01
878638,35.661822128295896,39.91454887390137,7015.7,12.399999618530272,76.0,549.6,460.8,2021-05-16 16:20:02
878690,34.826276016235354,40.21149024963379,9309.4,12.399999618530272,76.0,567.8,481.0,2021-05-16 16:30:02
878742,34.62653562757704,42.891414642333984,8805.666666666666,12.0,79.0,579.7777777777778,546.4444444444445,2021-05-16 16:40:02
878789,34.15976219177246,44.036011123657225,6146.6,11.600000381469728,84.0,641.9,605.9,2021-05-16 16:50:02
878841,33.241969680786134,44.88944816589356,4832.5,11.0,89.0,603.5,526.3,2021-05-16 17:00:04
878893,32.83581275939942,45.736018371582034,5980.4,10.899999618530272,90.0,528.0,425.7,2021-05-16 17:10:01
878945,32.61607445610894,45.89049106174045,5845.0,12.399999618530272,81.0,527.3333333333334,430.55555555555554,2021-05-16 17:20:01
878992,32.14259567260742,45.49874114990234,4864.5,12.399999618530272,81.0,569.5,473.8,2021-05-16 17:30:02
879044,31.46059341430664,46.57251853942872,4112.7,13.5,75.0,549.2,439.3,2021-05-16 17:40:01
879096,30.933173921373157,46.65751139322917,4036.1111111111113,13.0,73.0,510.3333333333333,400.0,2021-05-16 17:50:01
884534,42.57195027669271,43.81339899698893,12579.0,11.0,99.0,791.8888888888889,958.8888888888888,2021-05-17 12:00:04
884581,41.15786361694336,41.94722027248807,15649.777777777776,11.5,95.0,625.2222222222222,726.5555555555555,2021-05-17 12:10:01
884628,41.052948760986325,41.587701416015626,14297.3,12.800000190734863,92.0,621.0,711.2,2021-05-17 12:20:01
884680,38.539635467529294,42.281071472167966,7058.4,12.800000190734863,92.0,550.9,544.9,2021-05-17 12:30:02
884732,37.09872550964356,42.97627258300781,13775.8,12.800000190734863,86.0,497.3,462.6,2021-05-17 12:40:03
884784,38.96548557281494,42.31937122344971,24368.25,12.5,91.0,557.75,622.375,2021-05-17 12:50:02
884826,42.51655616760254,41.00877380371094,20689.3,12.5,91.0,691.3,855.2,2021-05-17 13:00:04
884878,42.21427459716797,41.2109561920166,10204.5,13.600000381469728,86.0,684.0,804.1,2021-05-17 13:10:02
884930,38.0570182800293,41.47334331936307,4487.333333333333,13.399999618530272,84.0,525.3333333333334,473.77777777777777,2021-05-17 13:20:01
884977,35.6476692199707,43.30403633117676,8791.9,13.199999809265137,83.0,466.5,400.6,2021-05-17 13:30:03
885029,34.5637825012207,44.79469032287598,8340.7,13.399999618530272,82.0,469.4,401.0,2021-05-17 13:40:01
885081,33.403821309407554,45.893033769395615,6363.222222222223,14.300000190734863,82.0,457.6666666666667,400.0,2021-05-17 13:50:02
885128,32.14164564344618,46.86147350735135,3706.3333333333335,14.300000190734863,82.0,432.3333333333333,400.0,2021-05-17 14:00:02
885175,31.09449157714844,47.43984184265137,4735.8,12.699999809265137,86.0,415.7,400.0,2021-05-17 14:10:01
885227,30.366826820373536,48.14419822692871,5334.2,12.699999809265137,90.0,406.5,400.0,2021-05-17 14:20:01
885279,31.259784698486328,47.78377990722656,13932.4,12.699999809265137,90.0,434.4,400.7,2021-05-17 14:30:02
885331,35.46976555718316,45.23282708062066,14817.555555555557,13.199999809265137,81.0,525.3333333333334,542.7777777777778,2021-05-17 14:40:08
885378,42.53177680969238,40.06271476745606,3949.6,13.100000381469728,79.0,714.7,871.2,2021-05-17 14:50:02
885430,50.10079405042861,34.24904420640733,1152.0,13.100000381469728,79.0,1205.3333333333333,1129.111111111111,2021-05-17 15:00:03
885477,51.7831314086914,32.04516677856445,5335.8,13.199999809265137,80.0,1264.9,1109.7,2021-05-17 15:10:01
885529,57.36586888631185,29.07182778252496,9282.222222222224,13.199999809265137,78.0,1852.0,1387.888888888889,2021-05-17 15:20:02
885576,52.37594451904297,30.22217140197754,18245.3,13.199999809265137,78.0,1308.4,1032.6,2021-05-17 15:30:03
885628,46.64221420288086,32.71824188232422,12932.2,14.0,76.0,731.7,716.6,2021-05-17 15:40:02
885680,42.29245630900065,35.6581293741862,11920.111111111111,14.300000190734863,76.0,590.0,550.3333333333334,2021-05-17 15:50:02
885727,39.57358627319336,37.84084777832031,11898.1,14.300000190734863,76.0,547.5,477.7,2021-05-17 16:00:03
885779,37.71450347900391,39.67666130065918,9863.3,14.0,71.0,519.9,430.6,2021-05-17 16:10:03
885831,36.23888053894043,40.96559104919434,9721.5,13.699999809265137,75.0,494.2,401.6,2021-05-17 16:20:02
885883,35.821655697292755,42.10761006673177,10377.111111111111,13.699999809265137,75.0,501.55555555555554,413.0,2021-05-17 16:30:02
885930,34.79530067443848,42.82658119201661,7526.4,15.0,73.0,492.5,401.0,2021-05-17 16:40:01
885982,33.858371310763886,43.69997321234809,6856.0,14.399999618530272,74.0,475.6666666666667,400.0,2021-05-17 16:50:01
886029,32.57127253214518,44.716902838812935,3857.3333333333335,14.399999618530272,74.0,450.3333333333333,400.0,2021-05-17 17:00:03
886076,31.682230758666996,45.27031326293945,5909.2,14.600000381469728,72.0,432.1,400.0,2021-05-17 17:10:01
886128,31.504327562120224,45.7314584520128,5854.0,14.100000381469728,65.0,437.1111111111111,400.0,2021-05-17 17:20:02
886175,30.89104228549533,46.47728559705946,4598.666666666667,14.100000381469728,65.0,421.1111111111111,400.0,2021-05-17 17:30:02
886222,30.39673466152615,46.905894385443794,4189.333333333333,13.699999809265137,66.0,409.44444444444446,400.0,2021-05-17 17:40:01
886269,30.047989654541016,47.05607681274414,5190.4,14.0,67.0,406.1,400.0,2021-05-17 17:50:02
891732,50.41678322686089,37.75370322333442,19211.33333333333,13.399999618530272,79.0,1669.6666666666667,1304.5555555555557,2021-05-18 12:00:03
891779,49.17341918945313,37.01731872558594,6740.9,13.699999809265137,76.0,1414.3,1078.6,2021-05-18 12:10:02
891831,44.03825759887695,37.64705827501085,4750.888888888889,13.699999809265137,66.0,683.0,624.6666666666666,2021-05-18 12:20:01
891878,40.08795166015625,39.59190622965495,3812.1111111111113,13.699999809265137,66.0,555.8888888888889,446.3333333333333,2021-05-18 12:30:02
891925,37.64133682250976,41.01777687072754,7857.0,14.5,64.0,509.4,400.0,2021-05-18 12:40:02
891977,39.8168529510498,40.88944816589356,15368.8,15.199999809265137,59.0,601.2,581.8,2021-05-18 12:50:02
892029,37.88193321228027,42.195468521118165,4625.2,14.800000190734863,56.0,546.2,455.2,2021-05-18 13:00:02
892081,35.57628207736545,43.02959399753146,4510.222222222223,15.300000190734863,57.0,478.0,400.0,2021-05-18 13:10:04
892128,34.92347602844238,43.87411346435547,9320.4,15.100000381469728,58.0,477.3,400.0,2021-05-18 13:20:03
892180,36.27599754333496,44.81956176757812,9180.9,15.100000381469728,58.0,546.1,507.2,2021-05-18 13:30:03
892232,35.6423282623291,44.38696823120117,4429.0,15.100000381469728,60.0,524.1,429.1,2021-05-18 13:40:02
892284,37.55558861626519,42.16237301296658,21651.88888888889,14.199999809265137,64.0,543.8888888888889,506.22222222222223,2021-05-18 13:50:02
892331,45.15617637634277,38.94178657531738,8207.9,14.199999809265137,64.0,973.4,962.7,2021-05-18 14:00:03
892383,50.24321153428819,36.15387895372179,3110.1111111111118,14.899999618530272,62.0,1614.5555555555557,1273.7777777777778,2021-05-18 14:10:02
892430,56.54014375474718,32.57919841342502,10374.222222222224,14.5,63.0,2220.6666666666665,1612.2222222222222,2021-05-18 14:20:03
892477,60.09666557312012,30.186617851257324,6134.1,14.5,63.0,2604.6,2025.6,2021-05-18 14:30:02
892529,63.24845581054687,27.61486206054688,0.0,15.5,58.0,2834.6,2268.2,2021-05-18 14:40:01
892581,67.08010940551758,25.875638961791992,0.0,15.100000381469728,59.0,3380.6,3010.5,2021-05-18 14:50:01
892633,68.16675567626953,24.42952495151096,0.0,15.100000381469728,59.0,3351.0,2732.4444444444443,2021-05-18 15:00:04
892680,68.37174606323242,23.60463848114013,0.0,14.300000190734863,61.0,3275.4,2437.1,2021-05-18 15:10:02
892732,67.66758193969727,23.32921333312988,3100.0,14.899999618530272,61.0,3274.8,2272.5,2021-05-18 15:20:03
892784,62.59796257019043,23.802243041992188,2411.1,14.899999618530272,61.0,2290.4,1236.0,2021-05-18 15:30:03
892836,58.22575759887695,24.824248995099747,9724.857142857143,15.699999809265137,57.0,1612.428571428571,904.4285714285714,2021-05-18 15:40:03
892873,46.681201171875,30.553444480896,5129.3,15.800000190734863,54.0,647.9,443.2,2021-05-18 15:50:02
892925,40.49752082824707,35.2365909576416,3434.7,15.800000190734863,54.0,527.0,400.0,2021-05-18 16:00:03
892977,36.56813125610351,38.70069427490235,2963.3,15.5,53.0,466.8,400.0,2021-05-18 16:10:02
893029,34.12926059299045,40.74633577134874,2749.4444444444443,15.5,50.0,454.55555555555554,400.0,2021-05-18 16:20:03
893076,32.48012523651123,42.429236221313474,2705.9,15.5,50.0,437.0,400.0,2021-05-18 16:30:01
893128,31.27073307037353,43.88616790771484,2596.9,15.800000190734863,54.0,419.5,400.0,2021-05-18 16:40:01
893180,30.444503784179688,44.739791022406685,2610.222222222222,15.300000190734863,55.0,412.77777777777777,400.0,2021-05-18 16:50:01
893227,29.8306245803833,45.47157974243164,2532.8,15.300000190734863,50.0,405.6,400.0,2021-05-18 17:00:03
893279,29.33421039581299,46.10421943664551,2513.9,15.300000190734863,50.0,396.3,400.0,2021-05-18 17:10:01
893331,29.023592207166885,46.8965687221951,2333.0,15.899999618530272,54.0,394.77777777777777,400.0,2021-05-18 17:20:02
893378,28.71656379699707,47.119095993042,2180.7,15.899999618530272,54.0,386.4,400.0,2021-05-18 17:30:02
893430,28.410009808010525,47.64629660712348,2116.333333333333,15.199999809265137,55.0,378.8888888888889,400.0,2021-05-18 17:40:01
893477,28.207954830593533,47.929435306125214,2134.777777777778,15.899999618530272,53.0,375.3333333333333,400.0,2021-05-18 17:50:02
898930,27.48714427947998,50.856641387939455,3784.5,12.0,82.0,330.2,400.0,2021-05-19 12:00:03
898982,27.236251831054688,50.907149420844185,7300.111111111111,12.5,80.0,330.44444444444446,400.0,2021-05-19 12:10:02
899029,27.55876859029134,51.44511413574219,6573.0,10.0,86.0,337.1111111111111,400.0,2021-05-19 12:20:02
899076,29.794308280944826,50.26566009521484,16911.4,10.0,86.0,378.6,408.9,2021-05-19 12:30:02
899128,34.41210784912109,48.39444580078125,13954.2,10.100000381469728,91.0,489.4,547.3,2021-05-19 12:40:02
899180,42.64119338989258,43.91412973403931,14550.5,10.5,90.0,776.375,1016.75,2021-05-19 12:50:01
899222,45.2867546081543,42.26703300476074,21627.4,10.600000381469728,90.0,1004.5,1119.8,2021-05-19 13:00:02
899274,45.34016151428223,41.587396240234376,22276.5,10.300000190734863,87.0,968.5,1080.1,2021-05-19 13:10:04
899326,47.47215270996094,42.58381042480469,25566.5,10.399999618530272,89.0,1362.0,1317.1,2021-05-19 13:20:01
899378,48.35795974731445,40.328916761610245,17761.222222222223,10.699999809265137,89.0,1424.4444444444443,1262.111111111111,2021-05-19 13:30:02
899425,48.86793327331543,38.453955841064456,23456.8,11.300000190734863,87.0,1413.0,1211.2,2021-05-19 13:40:01
899477,47.37735595703125,38.0753791809082,16396.1,11.699999809265137,82.0,1155.1,1024.2,2021-05-19 13:50:01
899529,45.88891410827637,38.13504219055176,15702.3,11.699999809265137,82.0,867.5,886.1,2021-05-19 14:00:02
899581,46.25077311197917,38.19672266642253,20351.444444444445,11.800000190734863,81.0,904.5555555555557,931.1111111111112,2021-05-19 14:10:02
899628,50.09628448486328,36.09384384155273,9562.0,12.399999618530272,84.0,1349.6,1168.9,2021-05-19 14:20:02
899680,53.371442794799805,34.7037467956543,7179.4,12.399999618530272,84.0,1806.9,1371.9,2021-05-19 14:30:04
899732,47.8796443939209,36.196536254882815,6794.3,13.100000381469728,77.0,1109.4,916.5,2021-05-19 14:40:01
899784,47.5761472913954,35.85751512315538,10845.333333333334,12.899999618530272,76.0,949.7777777777778,879.7777777777778,2021-05-19 14:50:04
899831,44.20233497619629,37.75341453552246,10195.9,12.899999618530272,76.0,679.5,700.4,2021-05-19 15:00:04
899883,41.57579956054688,38.96131820678711,9489.3,13.100000381469728,76.0,594.9,558.0,2021-05-19 15:10:01
899935,39.4895011054145,40.93673451741537,7893.555555555556,14.300000190734863,73.0,558.0,490.8888888888889,2021-05-19 15:20:02
899982,37.29745695326064,42.4811159769694,6343.333333333333,14.300000190734863,73.0,502.6666666666667,408.3333333333333,2021-05-19 15:30:03
900029,38.80533294677734,41.31715888977051,11549.2,14.0,72.0,522.8,463.9,2021-05-19 15:40:02
900081,36.6439682006836,43.58510665893554,6979.3,14.899999618530272,63.0,492.3,404.9,2021-05-19 15:50:02
900133,35.191309452056885,44.59239292144776,4203.375,14.899999618530272,63.0,468.375,400.0,2021-05-19 16:00:02
900175,34.2072940826416,45.32356758117676,8020.9,14.399999618530272,61.0,447.1,400.0,2021-05-19 16:10:02
900227,34.219844818115234,45.19966430664063,8809.9,14.0,66.0,462.8,400.0,2021-05-19 16:20:03
900279,33.699663925170896,45.72533721923829,5736.1,14.0,66.0,456.5,400.0,2021-05-19 16:30:03
900331,32.686986711290146,46.45863511827257,4151.666666666667,14.0,66.0,430.22222222222223,400.0,2021-05-19 16:40:02
900378,31.97703514099121,46.97657737731934,4253.8,14.100000381469728,67.0,418.1,400.0,2021-05-19 16:50:03
900430,31.21198616027832,47.52605438232422,3733.0,14.800000190734863,63.0,408.6,400.0,2021-05-19 17:00:02
900482,30.953053368462456,47.78939141167535,5328.0,14.300000190734863,64.0,406.44444444444446,400.0,2021-05-19 17:10:01
900529,30.6130313873291,48.30746955871582,3717.0,14.199999809265137,64.0,403.7,400.0,2021-05-19 17:20:01
900581,29.91874580383301,48.60624122619629,2884.0,14.199999809265137,64.0,393.8,400.0,2021-05-19 17:30:03
900633,29.36038017272949,49.31715888977051,3358.5,13.699999809265137,68.0,381.6,400.0,2021-05-19 17:40:01
900685,29.253833770751957,49.59792455037435,2893.222222222222,13.800000190734863,68.0,381.0,400.0,2021-05-19 17:50:02
906113,54.35706100463867,35.727322006225585,21984.0,14.300000190734863,68.0,2752.8,2113.6,2021-05-20 12:00:03
906165,54.8732647365994,35.32548353407118,19266.555555555555,14.800000190734863,69.0,2780.1111111111118,2089.6666666666665,2021-05-20 12:10:01
906212,53.08678550720215,34.868085861206055,16826.5,15.100000381469728,61.0,2502.3,1532.5,2021-05-20 12:20:00
906264,51.85015640258789,35.49172248840332,17974.3,15.100000381469728,61.0,2378.4,1473.0,2021-05-20 12:30:04
906316,49.843671798706055,36.05584754943848,16675.9,15.699999809265137,56.0,1932.2,1234.4,2021-05-20 12:40:02
906368,47.7787954542372,36.912251790364586,11320.222222222224,15.399999618530272,57.0,1525.5555555555557,1025.888888888889,2021-05-20 12:50:01
906415,44.548942947387694,38.29404144287109,9096.3,15.399999618530272,57.0,1070.8,805.6,2021-05-20 13:00:03
906467,43.187876510620114,39.59136352539063,13596.5,15.600000381469728,56.0,956.2,779.8,2021-05-20 13:10:01
906519,43.99671936035156,39.81093978881836,18596.5,15.600000381469728,53.0,1020.2,842.2,2021-05-20 13:20:02
906571,45.031323750813804,39.58529281616211,19629.88888888889,15.600000381469728,53.0,1117.888888888889,890.0,2021-05-20 13:30:02
906618,45.45124702453613,39.53597297668457,17039.4,16.100000381469727,56.0,1100.7,892.9,2021-05-20 13:40:02
906670,44.98233757019043,39.177233123779295,14698.4,16.0,55.0,973.7,810.2,2021-05-20 13:50:02
906722,43.636224365234376,39.130846405029295,11895.6,16.0,55.0,763.0,701.9,2021-05-20 14:00:04
906774,43.797631157769096,38.72332890828451,19691.777777777777,16.0,54.0,802.2222222222222,728.8888888888889,2021-05-20 14:10:02
906821,44.13824653625488,39.03349304199219,15897.8,15.800000190734863,54.0,846.5,761.9,2021-05-20 14:20:01
906873,42.92378120422363,39.75280418395996,11825.0,15.800000190734863,54.0,699.4,682.0,2021-05-20 14:30:03
906925,41.8099868774414,40.12939643859863,11019.7,16.100000381469727,54.0,660.1,614.4,2021-05-20 14:40:01
906977,40.46357769436307,40.9647093878852,8714.444444444445,15.800000190734863,53.0,624.6666666666666,553.6666666666666,2021-05-20 14:50:03
907024,39.1658275604248,41.7299144744873,7821.8,15.800000190734863,53.0,601.9,510.1,2021-05-20 15:00:03
907076,38.02159118652344,41.91622848510743,7483.6,15.800000190734863,51.0,570.3,442.1,2021-05-20 15:10:02
907128,37.28404693603515,42.24444923400879,8462.2,15.800000190734863,51.0,553.4,412.1,2021-05-20 15:20:01
907180,36.63759019639757,42.709663814968536,7061.777777777777,15.800000190734863,51.0,546.1111111111111,406.44444444444446,2021-05-20 15:30:02
907227,35.90962867736816,43.27122917175293,6535.2,15.699999809265137,47.0,524.3,400.0,2021-05-20 15:40:03
907279,35.2663459777832,43.91317596435547,6335.7,15.399999618530272,51.0,514.0,400.0,2021-05-20 15:50:02
907331,34.73441696166992,44.26047134399414,6086.1,15.399999618530272,51.0,509.4,400.0,2021-05-20 16:00:02
907383,34.54434797498915,44.41494369506836,7257.888888888889,15.300000190734863,50.0,509.1111111111111,400.0,2021-05-20 16:10:01
907430,34.49942779541016,44.37216758728027,6871.3,15.199999809265137,55.0,503.8,400.0,2021-05-20 16:20:01
907482,34.55149917602539,43.958953094482425,7891.6,15.199999809265137,57.0,500.1,400.0,2021-05-20 16:30:02
907534,34.67380142211914,44.023804092407225,7542.5,15.199999809265137,57.0,501.1,400.0,2021-05-20 16:40:02
907586,34.60784233940972,43.79356214735243,7388.333333333333,15.199999809265137,57.0,495.3333333333333,400.0,2021-05-20 16:50:02
907633,34.41184043884277,43.804684448242185,6490.7,15.199999809265137,55.0,484.5,400.0,2021-05-20 17:00:03
907685,33.89812935723199,44.009053548177086,5133.444444444444,14.899999618530272,56.0,468.8888888888889,400.0,2021-05-20 17:10:03
907732,33.954799228244354,44.27964740329318,8219.555555555555,14.699999809265137,56.0,469.1111111111111,400.0,2021-05-20 17:20:01
907779,34.254469553629555,44.53379440307617,6875.666666666667,14.699999809265137,56.0,478.55555555555554,400.0,2021-05-20 17:30:02
907826,34.46364479064941,43.41817321777344,7807.7,14.800000190734863,54.0,485.6,400.0,2021-05-20 17:40:03
907878,34.16338178846571,43.38970692952474,5110.555555555556,14.899999618530272,54.0,474.55555555555554,400.0,2021-05-20 17:50:02
913356,38.124666425916885,36.64589691162109,10152.222222222224,13.699999809265137,60.0,582.8888888888889,493.44444444444446,2021-05-21 12:00:02
913403,36.93850631713868,37.56832275390625,12403.0,14.0,65.0,547.3,441.2,2021-05-21 12:10:02
913455,36.53208160400391,38.20447006225586,8469.8,13.600000381469728,62.0,552.4,447.1,2021-05-21 12:20:01
913507,34.66035927666558,38.53801642523872,6681.0,13.600000381469728,62.0,497.22222222222223,400.0,2021-05-21 12:30:02
913554,33.384535471598305,40.09901385837131,7193.777777777777,14.0,58.0,484.0,400.0,2021-05-21 12:40:00
913601,36.66987113952637,39.6762035369873,24742.0,12.699999809265137,67.0,570.4,571.9,2021-05-21 12:50:03
913653,44.35694656372071,37.03013610839844,9248.9,12.699999809265137,67.0,1051.4,985.9,2021-05-21 13:00:03
913705,45.67301797866821,36.52094268798828,11881.25,11.399999618530272,78.0,1408.125,1114.0,2021-05-21 13:10:03
913747,45.76848220825195,35.86511001586914,16626.2,12.199999809265137,76.0,1368.1,1039.5,2021-05-21 13:20:03
913799,43.15876998901367,34.270847702026366,7135.7,12.199999809265137,76.0,792.9,678.1,2021-05-21 13:30:02
913851,38.89639129638672,35.63820838928223,4739.8,13.5,72.0,579.5,438.9,2021-05-21 13:40:02
913903,35.35353183746338,38.04074144363403,4708.375,14.800000190734863,61.0,502.625,400.0,2021-05-21 13:50:03
913945,33.638780975341795,39.79293518066406,8029.6,14.800000190734863,61.0,483.5,400.0,2021-05-21 14:00:02
913997,35.1197452545166,39.78866271972656,17356.3,14.199999809265137,58.0,564.8,481.0,2021-05-21 14:10:02
914049,35.485194736056854,39.67243915134006,10419.888888888889,14.199999809265137,57.0,574.6666666666666,472.3333333333333,2021-05-21 14:20:03
914096,38.689440155029295,37.53353157043457,8273.0,14.199999809265137,57.0,621.3,580.8,2021-05-21 14:30:04
914148,50.949187469482425,31.509117126464844,0.0,13.399999618530272,59.0,1501.7,1172.4,2021-05-21 14:40:03
914200,58.5649658203125,27.067978858947757,0.0,14.199999809265137,60.0,2234.3,1462.9,2021-05-21 14:50:03
914252,62.530877855088974,24.56176906161838,0.0,13.5,66.0,2650.333333333333,1684.2222222222222,2021-05-21 15:00:02
914299,62.20382232666016,23.58251323699951,3131.9,13.5,66.0,2562.4,1468.4,2021-05-21 15:10:01
914351,64.65197982788087,21.858090972900392,0.0,12.199999809265137,73.0,2726.4,1503.2,2021-05-21 15:20:02
914403,61.196573638916014,21.574273109436035,5690.3,12.199999809265137,73.0,2239.7,1180.0,2021-05-21 15:30:02
914455,53.82649697197808,23.32256719801161,7486.777777777777,14.5,59.0,1254.0,729.6666666666666,2021-05-21 15:40:02
914502,46.99977111816406,26.36514835357666,13791.8,15.199999809265137,55.0,724.4,515.2,2021-05-21 15:50:01
914554,42.63832321166992,29.22209491729736,11603.7,15.199999809265137,55.0,628.3,438.4,2021-05-21 16:00:03
914606,39.60189247131348,31.42931270599365,7622.7,16.399999618530273,51.0,576.4,400.5,2021-05-21 16:10:01
914658,36.55658976236979,33.66496319240994,3330.333333333333,15.899999618530272,50.0,520.3333333333334,400.0,2021-05-21 16:20:02
914705,34.25349082946777,35.17830200195313,3888.2,15.899999618530272,50.0,476.0,400.0,2021-05-21 16:30:02
914757,33.12954940795898,36.33554649353027,4846.3,15.300000190734863,50.0,471.0,400.0,2021-05-21 16:40:02
914809,32.60925081041124,36.73846944173177,5492.555555555556,13.5,65.0,465.1111111111111,400.0,2021-05-21 16:50:01
914856,32.29346942901611,37.28770866394043,4273.4,14.600000381469728,63.0,461.5,400.0,2021-05-21 17:00:03
914908,31.42107276916504,38.0436408996582,3190.8,15.399999618530272,55.0,441.2,400.0,2021-05-21 17:10:01
914960,31.02930556403266,37.87526533338759,3619.0,15.899999618530272,52.0,436.0,400.0,2021-05-21 17:20:02
915007,30.56149387359619,38.49347686767578,4061.5,15.899999618530272,52.0,424.5,400.0,2021-05-21 17:30:02
915059,30.922255325317384,37.76836814880371,5143.6,15.600000381469728,50.0,431.8,400.0,2021-05-21 17:40:01
915111,31.4338903427124,38.26398086547852,5976.9,16.399999618530273,41.0,456.7,400.0,2021-05-21 17:50:05
920559,27.12261475457085,51.58329349093967,3734.555555555556,10.5,92.0,431.3333333333333,400.0,2021-05-22 12:00:02
920606,27.27698917388916,51.17616500854492,5540.1,10.600000381469728,94.0,421.3,400.0,2021-05-22 12:10:01
920658,26.644922256469727,51.582818603515626,2821.6,10.800000190734863,92.0,402.0,400.0,2021-05-22 12:20:01
920710,27.157358360290527,50.97871360778809,8162.0,10.800000190734863,92.0,414.8,400.0,2021-05-22 12:30:02
920762,28.54649331834581,50.384781731499565,10458.222222222224,10.899999618530272,93.0,452.22222222222223,400.0,2021-05-22 12:40:02
920809,29.42393398284912,49.83733940124512,8520.7,10.5,96.0,463.8,400.0,2021-05-22 12:50:00
920861,28.676775550842287,49.80148010253906,3562.5,10.5,96.0,444.7,400.0,2021-05-22 13:00:02
920913,28.45540561676025,49.48729705810547,6973.0,10.5,98.0,437.0,400.0,2021-05-22 13:10:01
920965,28.83488867017958,49.30206934611002,9811.444444444443,10.899999618530272,94.0,442.6666666666667,400.0,2021-05-22 13:20:01
921012,28.50762536790636,49.91717741224501,3054.8888888888887,10.899999618530272,94.0,427.0,400.0,2021-05-22 13:30:01
921059,27.580872535705566,49.84100074768067,5560.8,10.800000190734863,92.0,409.2,400.0,2021-05-22 13:40:01
921111,28.949082612991333,49.38906669616699,8964.75,11.0,93.0,439.25,400.0,2021-05-22 13:50:02
921153,28.49931738111708,49.474835289849175,4956.444444444444,11.0,93.0,434.55555555555554,400.0,2021-05-22 14:00:02
921200,27.86021889580621,49.77425172593858,3766.0,10.899999618530272,93.0,412.77777777777777,400.0,2021-05-22 14:10:01
921247,27.965845108032227,49.65913094414605,7674.777777777777,10.899999618530272,93.0,420.6666666666667,400.0,2021-05-22 14:20:02
921294,28.5873197555542,49.60265502929688,6973.8,10.899999618530272,93.0,435.5,400.0,2021-05-22 14:30:02
921346,28.64206142425537,49.24681510925293,7484.8,11.300000190734863,90.0,430.6,400.0,2021-05-22 14:40:01
921398,33.52784305148654,45.88744015163846,16381.333333333334,11.100000381469728,89.0,527.3333333333334,559.1111111111111,2021-05-22 14:50:03
921445,34.97795104980469,45.01014747619629,10481.1,11.100000381469728,89.0,576.2,588.6,2021-05-22 15:00:03
921497,33.23075485229492,45.00938491821289,5771.1,11.399999618530272,86.0,513.2,437.8,2021-05-22 15:10:02
921549,31.436561012268065,45.66872673034668,4227.5,11.5,87.0,467.4,400.0,2021-05-22 15:20:02
921601,30.487525463104248,46.192111015319824,6646.375,11.5,87.0,454.125,400.0,2021-05-22 15:30:02
921643,30.209811782836915,46.74830284118652,8080.4,11.300000190734863,86.0,449.4,400.0,2021-05-22 15:40:02
921695,31.170863151550293,46.75944137573242,10932.7,12.399999618530272,81.0,471.2,400.7,2021-05-22 15:50:01
921747,32.46891021728516,46.24818801879883,12034.875,12.399999618530272,81.0,498.875,439.5,2021-05-22 16:00:02
921789,32.164225006103514,46.47974395751953,6930.4,12.5,79.0,497.3,415.5,2021-05-22 16:10:02
921841,32.38185691833496,45.80834617614746,8034.7,12.600000381469728,76.0,503.9,417.7,2021-05-22 16:20:02
921893,31.890931871202252,46.17668236626519,5831.777777777777,12.600000381469728,76.0,483.8888888888889,400.0,2021-05-22 16:30:02
921940,31.429618072509765,46.61478576660157,6729.1,12.100000381469728,75.0,469.9,400.0,2021-05-22 16:40:01
921992,31.56019687652588,46.52292709350586,7365.8,13.0,73.0,478.5,400.0,2021-05-22 16:50:02
922044,31.161516761779787,46.75288009643555,5660.9,13.0,73.0,470.6,400.0,2021-05-22 17:00:01
922096,30.850393719143337,47.27024586995443,6223.777777777777,12.5,75.0,457.6666666666667,400.0,2021-05-22 17:10:01
922143,30.733463096618653,47.25948028564453,5985.9,13.100000381469728,71.0,462.8,400.0,2021-05-22 17:20:00
922195,30.59300365447998,47.21614418029785,5405.2,13.100000381469728,71.0,463.1,400.0,2021-05-22 17:30:01
922247,30.297398567199707,47.60189132690429,5253.0,13.300000190734863,71.0,457.4,400.0,2021-05-22 17:40:01
922299,30.45310825771756,47.37638092041016,5961.222222222223,12.800000190734863,72.0,464.1111111111111,400.0,2021-05-22 17:50:02
927777,47.486572265625,33.94369468688965,15756.6,11.600000381469728,58.0,1211.0,1000.7,2021-05-23 12:00:01
927829,49.48477897644043,35.02265968322754,14676.5,12.199999809265137,55.0,1621.7,1236.4,2021-05-23 12:10:03
927881,50.18238788180881,33.30145857069228,15838.555555555557,12.600000381469728,52.0,1652.3333333333333,1183.2222222222222,2021-05-23 12:20:02
927928,53.38426055908203,32.30960636138916,21747.2,12.600000381469728,52.0,1898.1,1350.6,2021-05-23 12:30:01
927980,57.67761497497558,30.580910873413085,28452.0,12.5,53.0,2482.9,1769.1,2021-05-23 12:40:01
928032,56.48210906982422,29.371023178100582,21801.8,12.899999618530272,47.0,2322.3,1453.2,2021-05-23 12:50:01
928084,55.17501280042861,29.54010984632704,14089.666666666666,13.399999618530272,48.0,2121.0,1329.0,2021-05-23 13:00:01
928131,51.85576400756836,31.25932712554932,13483.4,13.600000381469728,50.0,1736.6,1107.0,2021-05-23 13:10:01
928183,46.8900203704834,32.55008735656738,13315.6,13.199999809265137,49.0,1001.2,749.0,2021-05-23 13:20:01
928235,46.254333919949005,34.51946809556749,18422.11111111111,13.199999809265137,49.0,1247.111111111111,917.4444444444443,2021-05-23 13:30:01
928282,44.70791710747613,34.70138931274414,15949.888888888889,13.300000190734863,48.0,989.2222222222222,770.1111111111111,2021-05-23 13:40:02
928329,44.82291870117187,34.513924026489256,17311.5,13.300000190734863,51.0,1011.9,784.4,2021-05-23 13:50:02
928381,45.63122787475586,33.9812313079834,28334.0,13.300000190734863,51.0,1368.0,955.3,2021-05-23 14:00:01
928433,44.52752134535048,33.71548695034451,11772.222222222224,13.699999809265137,50.0,1026.6666666666667,749.1111111111111,2021-05-23 14:10:01
928480,44.6125636100769,28.03501963615417,10691.0,14.199999809265137,48.0,651.625,455.0,2021-05-23 14:20:01
928522,46.88735008239746,26.215762615203857,6416.75,14.199999809265137,48.0,740.25,538.75,2021-05-23 14:30:02
928564,45.90166473388672,25.60673689842224,7057.625,14.0,48.0,639.125,432.625,2021-05-23 14:40:00
928606,45.4795524597168,25.210803413391112,8017.9,13.699999809265137,50.0,622.6,434.7,2021-05-23 14:50:01
928658,47.160168965657554,24.91052288479275,3230.777777777778,13.699999809265137,50.0,668.1111111111111,517.7777777777778,2021-05-23 15:00:02
928705,49.91336708068848,23.53948268890381,2346.5,14.600000381469728,49.0,854.1,626.8,2021-05-23 15:10:01
928757,51.04211502075195,22.4214542388916,2382.5,14.199999809265137,49.0,808.8,590.6,2021-05-23 15:20:02
928809,51.82051544189453,21.76195945739746,2288.0,14.199999809265137,49.0,832.6,601.3,2021-05-23 15:30:01
928861,48.3075197007921,23.12131733364529,13698.666666666666,14.600000381469728,50.0,656.8888888888889,492.44444444444446,2021-05-23 15:40:02
928908,42.18062896728516,27.488670349121094,8925.0,15.0,49.0,578.6,411.3,2021-05-23 15:50:02
928960,39.71164245605469,30.05462703704834,12150.9,15.0,49.0,566.7,410.5,2021-05-23 16:00:02
929012,38.18688468933105,31.99404888153076,10390.2,15.300000190734863,47.0,564.6,403.9,2021-05-23 16:10:01
929064,37.18352381388346,33.430820888943146,10014.222222222224,14.699999809265137,48.0,567.2222222222222,411.44444444444446,2021-05-23 16:20:01
929111,36.22472724914551,33.782406616210935,8093.2,14.699999809265137,48.0,538.9,400.0,2021-05-23 16:30:02
929163,35.731784439086915,34.613259887695314,8391.6,14.5,48.0,540.5,400.0,2021-05-23 16:40:01
929215,35.38838005065918,35.400931167602536,9214.2,14.800000190734863,48.0,541.3,400.0,2021-05-23 16:50:02
929267,35.35731548733182,35.992980533175995,8086.111111111111,14.800000190734863,48.0,568.7777777777778,418.6666666666667,2021-05-23 17:00:02
929314,34.948844528198244,36.65186538696289,7663.1,14.800000190734863,49.0,577.4,435.2,2021-05-23 17:10:01
929366,34.6692611694336,36.08148345947266,7580.5,15.399999618530272,50.0,535.1,400.0,2021-05-23 17:20:02
929418,34.499961853027344,36.62012634277344,7166.6,15.399999618530272,50.0,543.8,400.0,2021-05-23 17:30:02
929470,33.984654903411865,37.062828540802,6227.0,15.100000381469728,47.0,525.0,400.0,2021-05-23 17:40:01
929512,33.698862838745114,37.53627815246582,6239.9,15.0,50.0,542.3,400.0,2021-05-23 17:50:01
934885,30.707085927327476,47.93638653225369,7978.555555555556,11.199999809265137,92.0,488.6666666666667,400.1111111111111,2021-05-24 12:00:02
934932,31.41493091583252,47.414816284179686,10929.3,11.5,92.0,500.4,433.6,2021-05-24 12:10:02
934984,32.13571230570475,47.28397920396593,9240.666666666666,11.600000381469728,91.0,517.3333333333334,467.77777777777777,2021-05-24 12:20:01
935031,32.12951049804688,46.95170516967774,8338.9,11.600000381469728,91.0,517.4,453.8,2021-05-24 12:30:02
935083,32.99021742078993,45.94932344224718,13332.333333333334,12.100000381469728,85.0,532.7777777777778,490.6666666666667,2021-05-24 12:40:02
935130,33.4545280456543,45.779507064819335,9162.3,12.5,83.0,545.4,506.3,2021-05-24 12:50:02
935182,32.22457408905029,45.9594108581543,3761.5,12.5,83.0,521.5,430.2,2021-05-24 13:00:01
935234,30.30594359503852,46.59596718682183,2158.555555555556,12.399999618530272,81.0,478.3333333333333,400.0,2021-05-24 13:10:03
935281,29.54543342590332,47.39848937988281,7196.9,12.399999618530272,80.0,460.1,400.0,2021-05-24 13:20:01
935333,30.02449073791504,47.72671127319336,6564.0,12.399999618530272,80.0,484.7,400.0,2021-05-24 13:30:02
935385,30.57000944349501,47.51371171739366,9645.666666666666,12.5,78.0,498.0,407.77777777777777,2021-05-24 13:40:01
935432,31.453850984573364,47.17555522918701,7797.5,12.600000381469728,78.0,520.875,441.75,2021-05-24 13:50:01
935474,30.30831676059299,47.41910595364041,3797.0,12.600000381469728,78.0,484.6666666666667,400.0,2021-05-24 14:00:01
935521,30.767108917236328,47.26085243225098,9614.1,13.5,79.0,509.6,416.0,2021-05-24 14:10:01
935573,34.43041483561198,45.56767823961046,8656.888888888889,13.100000381469728,75.0,562.8888888888889,577.3333333333334,2021-05-24 14:20:01
935620,36.99725341796875,44.74998092651367,18286.3,13.100000381469728,75.0,636.6,724.0,2021-05-24 14:30:02
935672,40.69913024902344,41.87792816162109,18537.5,12.100000381469728,81.0,742.6,867.1,2021-05-24 14:40:02
935724,49.276493072509766,36.21286277770996,2165.6,12.300000190734863,82.0,1446.2,1263.9,2021-05-24 14:50:01
935776,54.73233116997613,32.3147087097168,10042.777777777776,12.300000190734863,82.0,1999.6666666666667,1477.7777777777778,2021-05-24 15:00:02
935823,54.83398170471192,30.773327445983888,13197.2,13.800000190734863,80.0,1877.3,1334.5,2021-05-24 15:10:02
935875,49.75848808288574,32.33569889068603,5812.4,14.600000381469728,80.0,1245.2,993.5,2021-05-24 15:20:01
935927,44.64204872979058,35.30056042141385,8569.888888888889,14.600000381469728,80.0,770.1111111111111,751.1111111111111,2021-05-24 15:30:01
935974,40.0515754699707,38.48416862487793,5349.8,14.5,68.0,616.4,579.3,2021-05-24 15:40:01
936026,36.107232666015626,40.86991691589356,2334.9,14.699999809265137,68.0,541.6,431.8,2021-05-24 15:50:02
936078,34.37166765001085,41.84430694580078,10156.888888888889,14.699999809265137,68.0,511.22222222222223,403.0,2021-05-24 16:00:02
936125,34.27992668151855,43.57991943359375,8786.4,16.100000381469727,65.0,542.2,451.5,2021-05-24 16:10:01
936177,33.63317362467448,44.83541488647461,6534.0,15.399999618530272,57.0,534.4444444444445,443.77777777777777,2021-05-24 16:20:01
936224,33.441799587673614,45.54309378729926,8162.777777777777,15.399999618530272,57.0,518.4444444444445,432.3333333333333,2021-05-24 16:30:01
936271,33.240634536743165,46.13748397827148,6594.4,16.399999618530273,58.0,514.5,434.5,2021-05-24 16:40:01
936323,33.22488021850586,46.014953994750975,5849.7,15.600000381469728,58.0,534.9,455.6,2021-05-24 16:50:01
936375,31.458190536499025,46.94438095092774,2579.9,15.600000381469728,58.0,484.1,400.0,2021-05-24 17:00:01
936427,30.075998730129665,47.55168957180448,2415.0,16.200000762939453,53.0,450.8888888888889,400.0,2021-05-24 17:10:02
936474,29.060086568196613,48.491646236843536,2229.8888888888887,15.800000190734863,57.0,440.55555555555554,400.0,2021-05-24 17:20:01
936521,28.427367210388184,49.46478986740112,2975.25,15.800000190734863,57.0,422.75,400.0,2021-05-24 17:30:03
936563,28.160779105292427,50.349347008599175,2093.4444444444443,16.899999618530273,53.0,411.55555555555554,400.0,2021-05-24 17:40:01
936610,27.5328067779541,50.28549652099609,535.9,16.200000762939453,52.0,415.3,400.0,2021-05-24 17:50:01
941733,50.87192535400391,34.35467020670573,21779.555555555555,12.899999618530272,71.0,1752.4444444444443,1314.111111111111,2021-05-25 12:00:01
941780,53.01441955566406,33.335113525390625,23268.0,12.699999809265137,71.0,2115.5,1488.6666666666667,2021-05-25 12:10:02
941812,55.060485415988495,31.901528040568035,22509.666666666668,14.199999809265137,67.0,2419.333333333333,1709.2222222222222,2021-05-25 12:20:02
941859,55.53521050347222,30.80067465040419,17839.0,14.199999809265137,67.0,2318.333333333333,1621.0,2021-05-25 12:30:01
941906,49.56402111053467,31.21766996383667,8834.625,11.600000381469728,73.0,1241.625,882.25,2021-05-25 12:40:02
941948,44.01511467827691,34.122903188069664,8391.333333333334,11.300000190734863,74.0,699.0,626.8888888888889,2021-05-25 12:50:01
941995,39.32925148010254,37.52880172729492,3180.6,11.300000190734863,74.0,585.1,467.5,2021-05-25 13:00:01
942047,37.59831534491645,39.04495493570963,16104.222222222224,13.5,76.0,570.2222222222222,472.44444444444446,2021-05-25 13:10:04
942094,38.56099853515625,39.91729507446289,12228.2,9.800000190734863,80.0,644.6,620.6,2021-05-25 13:20:01
942121,35.70623779296875,41.81684112548828,8468.0,9.800000190734863,80.0,545.3333333333334,439.3333333333333,2021-05-25 13:30:02
942138,34.66659069061279,42.8233003616333,7318.25,12.100000381469728,80.0,533.0,420.0,2021-05-25 13:40:01
942160,33.8392333984375,43.340454737345375,12314.166666666666,13.0,71.0,512.5,403.6666666666667,2021-05-25 13:50:01
942192,35.51193945748465,42.32830865042551,16953.0,13.0,71.0,573.1428571428571,498.1428571428572,2021-05-25 14:00:01
942229,34.662775312151226,42.94956861223493,5676.0,13.100000381469728,68.0,540.5714285714286,431.1428571428572,2021-05-25 14:10:03
942266,32.6754150390625,43.60774103800456,4159.0,12.899999618530272,66.0,482.6666666666667,400.0,2021-05-25 14:20:02
942283,31.4918363571167,44.250859069824216,5057.2,12.899999618530272,66.0,455.0,400.0,2021-05-25 14:30:02
942335,30.666141298082135,44.9501961602105,7610.666666666667,12.899999618530272,67.0,448.6666666666667,400.0,2021-05-25 14:40:02
942382,38.08728218078613,40.05035400390625,14092.0,13.5,67.0,598.5,629.0,2021-05-25 14:50:02
942394,36.65224685668945,42.05417022705078,8711.0,13.5,67.0,615.8,607.8,2021-05-25 15:00:02
942421,43.5009282430013,36.82332611083984,10042.5,13.5,61.0,909.1666666666666,855.1666666666666,2021-05-25 15:10:02
942453,40.514610290527344,37.34950637817383,6523.0,12.699999809265137,71.0,645.0,605.0,2021-05-25 15:20:02
942460,34.53307342529297,40.86823654174805,1615.0,12.699999809265137,71.0,504.0,400.0,2021-05-25 15:30:02
942467,32.25261306762695,42.04928588867188,6519.0,13.5,70.0,467.0,400.0,2021-05-25 15:40:04
942474,33.23796463012695,44.92408752441406,10798.0,14.100000381469728,62.0,511.0,426.0,2021-05-25 15:50:01
942481,32.95170516967774,45.00678939819336,7223.4,14.100000381469728,62.0,514.4,418.6,2021-05-25 16:00:03
942508,32.95624542236328,44.54108619689941,10133.5,13.699999809265137,61.0,507.5,402.5,2021-05-25 16:10:02
942520,32.69944763183594,44.39307149251302,5603.666666666667,13.100000381469728,70.0,504.0,400.0,2021-05-25 16:20:03
942537,32.31669998168945,44.7531852722168,4790.5,13.100000381469728,70.0,492.5,400.0,2021-05-25 16:30:03
942551,30.529917001724243,45.8655686378479,6799.5,10.5,82.0,444.625,400.0,2021-05-25 16:50:02
942593,30.69314193725586,45.9365234375,7267.5,10.899999618530272,83.0,466.5,400.0,2021-05-25 17:00:03
942605,30.00038174220494,46.779801504952566,5427.0,11.5,82.0,440.8571428571428,400.0,2021-05-25 17:10:02
942642,30.205806096394856,47.08552614847819,6444.166666666667,11.699999809265137,78.0,446.6666666666667,400.0,2021-05-25 17:20:03
942674,30.330739157540457,46.94285474504744,5459.714285714285,11.699999809265137,78.0,451.0,400.0,2021-05-25 17:30:01
942711,30.19312191009521,46.50873565673828,6307.0,11.300000190734863,81.0,449.5,400.0,2021-05-25 17:40:04
942733,29.81994318962097,47.1465630531311,3631.25,11.300000190734863,83.0,433.875,400.0,2021-05-25 17:50:02
946056,44.86404190063477,28.409857177734374,9110.0,13.800000190734863,71.0,609.6,521.8,2021-05-26 12:00:01
946083,38.96804555257162,31.95671494801839,4256.666666666667,13.800000190734863,65.0,493.5,400.0,2021-05-26 12:10:02
946115,35.983731269836426,35.876630783081055,11851.75,13.600000381469728,63.0,494.5,409.25,2021-05-26 12:20:01
946137,39.43134689331055,35.52071444193522,16726.333333333332,13.600000381469728,63.0,623.1666666666666,666.1666666666666,2021-05-26 12:30:03
946169,42.79240131378174,32.84275579452515,16579.625,10.399999618530272,79.0,727.0,762.0,2021-05-26 12:40:02
946211,45.22329076131185,31.380687713623047,20902.33333333333,10.0,82.0,884.3333333333334,845.3333333333334,2021-05-26 12:50:02
946228,37.77378540039062,35.01991348266601,2763.3,10.0,82.0,508.0,423.0,2021-05-26 13:00:02
946280,34.32639083862305,38.14251937866211,9399.4,11.899999618530272,78.0,480.7,405.4,2021-05-26 13:10:03
946332,34.710501776801216,38.66805691189237,15268.333333333334,13.199999809265137,72.0,520.4444444444445,450.6666666666667,2021-05-26 13:20:02
946379,35.2464968363444,38.7495231628418,16312.5,13.199999809265137,72.0,530.1666666666666,477.0,2021-05-26 13:30:02
946411,43.425270080566406,34.64561080932617,30662.0,11.699999809265137,75.0,845.0,881.0,2021-05-26 13:40:01
946418,44.43198299407959,33.66865062713623,16024.0,12.100000381469728,72.0,997.0,900.5,2021-05-26 13:50:02
946440,41.52799987792969,32.84351921081543,12013.5,12.100000381469728,72.0,610.5,571.5,2021-05-26 14:00:03
946452,36.96574401855469,34.21530532836914,10650.0,10.0,86.0,481.0,400.0,2021-05-26 14:10:02
946459,36.042476654052734,34.79629230499268,10721.0,10.300000190734863,86.0,471.25,400.0,2021-05-26 14:20:01
946481,38.192091941833496,34.07759189605713,10627.75,10.300000190734863,86.0,545.5,452.25,2021-05-26 14:30:01
946503,51.12471771240234,27.07662582397461,0.0,11.5,81.0,1087.6666666666667,955.3333333333334,2021-05-26 14:40:03
946520,53.9686164855957,25.557336171468098,0.0,12.300000190734863,80.0,1300.3333333333333,1040.0,2021-05-26 14:50:02
946537,50.67053890228272,24.81689167022705,7087.75,12.300000190734863,80.0,826.5,736.5,2021-05-26 15:00:02
946561,48.78995895385742,24.628061294555664,0.0,13.100000381469728,73.0,620.0,590.0,2021-05-26 15:20:02
946570,45.23441696166992,26.42328453063965,17436.0,13.5,69.0,585.5,501.5,2021-05-26 15:40:04
946582,44.34786796569824,27.01533603668213,12292.5,14.100000381469728,66.0,565.5,499.0,2021-05-26 15:50:01
946596,34.91493225097656,33.59426212310791,6585.5,14.199999809265137,66.0,443.5,400.0,2021-05-26 16:10:01
946608,32.71368980407715,36.27171198527018,5142.0,13.899999618530272,64.0,452.3333333333333,400.0,2021-05-26 16:20:01
946625,31.649118900299072,37.865644454956055,6843.75,13.899999618530272,64.0,454.25,400.0,2021-05-26 16:30:02
946647,31.564669847488403,38.00965118408203,5957.625,13.5,65.0,456.125,400.0,2021-05-26 16:40:01
946689,31.542305755615235,38.04531936645508,8195.8,12.899999618530272,61.0,441.0,400.0,2021-05-26 16:50:03
946716,31.84405279159546,37.87479972839356,7188.875,13.899999618530272,60.0,456.375,400.0,2021-05-26 17:00:02
946758,31.63233402797154,37.97316523960659,7719.714285714285,14.100000381469728,60.0,458.0,400.0,2021-05-26 17:10:03
946795,32.04432678222656,38.14450454711914,8729.0,13.899999618530272,56.0,487.0,400.0,2021-05-26 17:20:02
946802,31.32600975036621,38.41001129150391,5710.0,13.899999618530272,56.0,437.0,400.0,2021-05-26 17:30:02
946811,30.159074783325195,39.91607666015625,7932.0,12.899999618530272,62.0,447.0,400.0,2021-05-26 17:50:01
949119,26.806032180786133,51.891866048177086,8599.333333333334,11.0,80.0,422.3333333333333,400.0,2021-05-27 12:00:02
949136,27.79797019958496,50.96757431030274,6415.4,11.300000190734863,80.0,427.2,400.0,2021-05-27 12:10:03
949163,28.001449584960938,50.645456314086914,6865.5,11.100000381469728,81.0,425.0,400.0,2021-05-27 12:20:03
949175,28.964102745056152,49.97978210449219,6451.25,11.100000381469728,81.0,448.0,400.0,2021-05-27 12:30:03
949197,28.97230475289481,49.24347904750279,5143.571428571428,11.800000190734863,79.0,447.0,400.0,2021-05-27 12:40:02
949234,28.799343872070317,48.64347267150879,5624.6,11.600000381469728,79.0,439.4,400.0,2021-05-27 12:50:01
949286,28.673704862594604,48.71442747116089,5136.0,11.600000381469728,79.0,431.75,400.0,2021-05-27 13:00:01
949328,28.593075858222115,48.87227333916558,6762.0,11.600000381469728,78.0,423.55555555555554,400.0,2021-05-27 13:10:03
949375,29.191081047058105,48.39742136001587,7504.5,11.699999809265137,77.0,443.875,400.0,2021-05-27 13:20:02
949417,29.763421376546223,47.9705499013265,9606.666666666666,11.699999809265137,77.0,452.8333333333333,400.1666666666667,2021-05-27 13:30:01
949449,31.735459327697757,47.765570958455406,11070.5,11.399999618530272,79.0,500.6666666666667,482.6666666666667,2021-05-27 13:40:01
949481,31.65674836294992,47.384930746895925,6292.571428571428,11.399999618530272,79.0,484.2857142857143,434.4285714285714,2021-05-27 13:50:02
949518,30.87739414638943,47.35433917575412,5076.888888888889,11.399999618530272,79.0,463.77777777777777,400.77777777777777,2021-05-27 14:00:01
949565,29.900053448147244,47.48268593682183,4407.333333333333,12.100000381469728,77.0,440.3333333333333,400.0,2021-05-27 14:10:00
949612,28.87651634216309,48.18997421264648,3933.4,13.0,74.0,414.7,400.0,2021-05-27 14:20:03
949664,28.249027524675643,48.920860290527344,4174.285714285715,13.0,74.0,408.0,400.0,2021-05-27 14:30:01
949701,28.23376808166504,49.17250366210938,6881.1,11.800000190734863,76.0,414.1,400.0,2021-05-27 14:40:01
949753,29.42153034210205,48.8284122467041,7470.7,11.699999809265137,78.0,450.7,400.0,2021-05-27 14:50:05
949805,29.3165864944458,49.06538467407226,5295.3,11.699999809265137,78.0,439.6,400.0,2021-05-27 15:00:01
949857,29.883697748184204,48.6423282623291,8513.0,11.100000381469728,81.0,450.5,404.75,2021-05-27 15:10:02
949899,30.64040231704712,48.45788526535034,6642.625,11.600000381469728,81.0,469.125,410.25,2021-05-27 15:20:03
949941,29.861905779157365,48.70636149815151,3606.428571428572,11.600000381469728,81.0,435.7142857142857,400.0,2021-05-27 15:30:02
949978,29.054004351298016,48.9756113688151,3077.1666666666665,11.699999809265137,81.0,421.3333333333333,400.0,2021-05-27 15:40:02
950010,28.54552936553955,49.356069564819336,4565.25,12.0,80.0,402.0,400.0,2021-05-27 15:50:01
950032,28.268185721503365,49.91395611233182,4281.666666666667,12.0,80.0,407.8888888888889,400.0,2021-05-27 16:00:01
950079,28.35081736246745,50.19556935628256,4841.833333333333,11.5,80.0,415.6666666666667,400.0,2021-05-27 16:10:02
950111,28.98870849609375,49.89961678641183,5575.857142857143,11.600000381469728,81.0,431.7142857142857,400.0,2021-05-27 16:20:01
950148,28.33479595184326,50.12029202779134,2952.333333333333,11.600000381469728,81.0,406.8333333333333,400.0,2021-05-27 16:30:02
950180,27.836890697479248,50.12245321273804,2513.625,11.600000381469728,83.0,400.625,400.0,2021-05-27 16:40:02
950222,27.100213527679443,50.30746936798096,1397.375,12.199999809265137,80.0,388.75,400.0,2021-05-27 16:50:02
950264,26.741588592529297,50.560921859741214,3405.8,12.100000381469728,77.0,385.2,400.0,2021-05-27 17:00:03
950316,27.0302129473005,50.96295329502651,4459.0,11.899999618530272,77.0,393.7142857142857,400.0,2021-05-27 17:10:03
950353,27.41902118259006,50.90765719943576,4863.888888888889,12.199999809265137,76.0,408.0,400.0,2021-05-27 17:20:03
950400,28.070544242858887,50.260547161102295,5847.0,12.199999809265137,76.0,426.875,400.0,2021-05-27 17:30:02
950442,28.812561511993408,49.89127969741821,5915.875,12.5,76.0,438.0,400.0,2021-05-27 17:40:01
950484,29.418949445088703,49.39523442586263,6401.333333333333,12.300000190734863,75.0,444.3333333333333,400.0,2021-05-27 17:50:01
953483,50.31638622283936,28.558594465255737,19414.625,14.899999618530272,69.0,1336.375,968.5,2021-05-28 12:00:03
953525,50.410849253336586,28.55471611022949,20106.0,15.100000381469728,67.0,1511.6666666666667,1038.0,2021-05-28 12:10:02
953542,52.95077768961588,27.599501927693684,23845.166666666668,14.699999809265137,65.0,1899.3333333333333,1193.6666666666667,2021-05-28 12:20:02
953574,55.23045921325684,26.820591926574707,24793.0,14.699999809265137,65.0,2269.875,1358.25,2021-05-28 12:30:02
953616,57.26638450622559,25.686121940612797,27117.6,15.399999618530272,61.0,2533.2,1459.8,2021-05-28 12:40:01
953668,58.96480221218533,24.900349934895832,31593.777777777777,16.100000381469727,60.0,2817.1111111111118,1654.7777777777778,2021-05-28 12:50:03
953715,58.55034589767456,24.96299695968628,19517.875,15.899999618530272,61.0,2706.125,1535.875,2021-05-28 13:00:04
953757,55.76405792236328,26.103456115722658,13953.1,16.100000381469727,61.0,2338.0,1293.6,2021-05-28 13:10:03
953809,53.06858880179269,26.95440810067313,16569.571428571428,16.299999237060547,58.0,2111.0,1147.7142857142858,2021-05-28 13:20:02
953846,53.27711343765259,27.559128522872925,21758.5,16.299999237060547,58.0,2247.5,1236.0,2021-05-28 13:30:02
953888,55.6031129019601,26.58012635367257,26765.85714285714,16.299999237060547,58.0,2452.285714285714,1322.142857142857,2021-05-28 13:40:01
953925,61.15091171264648,23.586175155639648,10302.9,16.299999237060547,58.0,2715.3,1417.2,2021-05-28 13:50:02
953977,62.83915328979492,22.441273795233837,0.0,16.299999237060547,58.0,2986.555555555556,1593.3333333333333,2021-05-28 14:00:01
954024,63.26521852281358,22.57148445977105,8086.555555555556,16.299999237060547,58.0,3304.4444444444443,1948.111111111111,2021-05-28 14:10:01
954071,63.94941626654731,21.908225377400715,0.0,16.299999237060547,58.0,3174.8888888888887,1643.0,2021-05-28 14:20:03
954118,61.60139694213867,21.650263404846196,0.0,16.299999237060547,58.0,2819.8,1365.6,2021-05-28 14:30:02
954170,61.83451588948568,21.77360661824544,0.0,16.299999237060547,58.0,2762.8888888888887,1377.111111111111,2021-05-28 14:40:06
954217,62.27206802368164,21.43347631181989,0.0,16.299999237060547,58.0,2804.0,1383.7142857142858,2021-05-28 14:50:03
954254,62.304197523329,20.829073588053387,0.0,16.299999237060547,58.0,2684.4444444444443,1300.888888888889,2021-05-28 15:00:02
954301,60.67452507019043,21.282520866394044,1822.8,16.299999237060547,58.0,2554.4,1231.3,2021-05-28 15:10:02
954353,60.19546813964844,21.31670093536377,0.0,16.299999237060547,58.0,2433.5,1173.9,2021-05-28 15:20:02
954405,59.65078014797635,21.50335248311361,0.0,16.299999237060547,58.0,2334.4444444444443,1144.0,2021-05-28 15:30:02
954452,59.040350914001465,21.509498596191406,0.0,18.0,52.0,2115.375,1035.875,2021-05-28 15:40:02
954494,51.5468074798584,24.09552135467529,13545.8,18.399999618530277,50.0,1317.8,684.1,2021-05-28 15:50:02
954546,44.56994967990451,27.901969061957463,8804.333333333334,18.399999618530277,50.0,795.7777777777778,497.0,2021-05-28 16:00:02
954593,40.39101300920759,31.128622600010463,8395.142857142857,18.399999618530277,51.0,667.8571428571429,425.2857142857143,2021-05-28 16:10:01
954630,38.712472438812256,32.31097865104675,9250.125,18.299999237060547,50.0,646.75,400.5,2021-05-28 16:20:01
954672,37.57686723981585,33.51491601126535,8822.857142857143,18.299999237060547,50.0,637.8571428571429,400.0,2021-05-28 16:30:01
954709,36.20176239013672,34.413824462890624,6866.4,18.600000381469727,51.0,617.6,400.0,2021-05-28 16:40:01
954761,35.1039310031467,36.047234853108726,5909.222222222223,17.899999618530273,56.0,603.5555555555555,400.0,2021-05-28 16:50:01
954808,34.29114189147949,36.7946891784668,5649.3,18.5,53.0,594.3,400.0,2021-05-28 17:00:02
954860,33.783512878417966,38.3680477142334,5575.6,18.5,50.0,583.1,400.0,2021-05-28 17:10:03
954912,33.660545349121094,39.31792163848877,5932.125,18.5,53.0,579.5,400.0,2021-05-28 17:20:03
954954,33.60303660801479,40.72371346609933,5362.857142857143,18.200000762939453,52.0,578.2857142857143,400.0,2021-05-28 17:30:01
954991,33.39985466003418,42.08514451980591,4905.75,18.5,50.0,569.625,400.0,2021-05-28 17:40:02
955033,33.35652656555176,42.18402366638183,4972.3,17.799999237060547,51.0,578.3,400.0,2021-05-28 17:50:02
960301,52.43308868408203,25.974364852905275,20252.4,17.700000762939453,57.0,1806.0,1063.6,2021-05-29 12:00:02
960353,53.08533181084527,25.872349633110893,20846.222222222223,17.5,59.0,2004.4444444444443,1141.888888888889,2021-05-29 12:10:02
960400,53.82085838317871,25.1886775970459,22818.6,17.899999618530273,58.0,2097.9,1170.8,2021-05-29 12:20:01
960452,54.65480270385742,24.731669998168947,23190.6,17.899999618530273,58.0,2187.1,1223.7,2021-05-29 12:30:02
960504,55.8936275906033,24.715715832180447,26111.555555555555,18.299999237060547,56.0,2565.4444444444443,1392.6666666666667,2021-05-29 12:40:01
960551,56.915235900878905,24.05294895172119,28535.7,18.200000762939453,58.0,2607.1,1395.1,2021-05-29 12:50:01
960603,55.07778244018554,23.777981185913085,14533.5,18.200000762939453,58.0,2124.3,1136.9,2021-05-29 13:00:03
960655,52.102354261610245,25.4327203962538,19136.222222222223,18.399999618530277,56.0,1854.555555555556,1018.3333333333334,2021-05-29 13:10:02
960702,49.74166488647461,27.55489444732666,13409.2,18.399999618530277,54.0,1908.3,1061.0,2021-05-29 13:20:02
960754,49.81910362243652,27.41252746582031,17746.7,18.399999618530277,54.0,1802.0,1005.3,2021-05-29 13:30:02
960806,52.553253936767575,26.158694076538087,25724.0,18.5,55.0,2048.9,1112.6,2021-05-29 13:40:01
960858,56.67243719100952,24.02399492263794,11267.625,18.600000381469727,56.0,2330.875,1219.625,2021-05-29 13:50:01
960900,60.28919677734375,22.38773174285889,1350.0,18.600000381469727,56.0,2680.0,1382.5,2021-05-29 14:00:02
960952,59.81788368225098,22.338445281982423,11394.9,19.100000381469727,55.0,2722.7,1373.0,2021-05-29 14:10:02
961004,63.51385709974501,21.07338735792372,0.0,18.5,51.0,2997.222222222222,1527.7777777777778,2021-05-29 14:20:01
961051,66.36739883422851,20.477149772644044,0.0,18.5,51.0,3631.5,2147.9,2021-05-29 14:30:02
961103,62.95071334838868,20.89723033905029,8951.0,19.0,53.0,3130.4,1556.5,2021-05-29 14:40:02
961155,56.95876235961914,22.152285003662108,4048.7,18.899999618530277,52.0,2072.0,993.5,2021-05-29 14:50:01
961207,58.174682193332245,21.973161061604817,4799.444444444444,18.899999618530277,52.0,2271.333333333333,1100.888888888889,2021-05-29 15:00:02
961254,56.63885765075683,22.551918983459476,1522.5,19.5,50.0,2201.9,1087.6,2021-05-29 15:10:02
961306,58.51075744628906,22.0413516998291,6001.1,19.100000381469727,53.0,2603.8,1250.1,2021-05-29 15:20:01
961358,59.59351687961154,21.84769799974229,1054.888888888889,19.399999618530277,50.0,2715.4444444444443,1292.4444444444443,2021-05-29 15:30:01
961405,61.85187301635742,20.59143943786621,520.7,19.399999618530277,48.0,2764.9,1289.8,2021-05-29 15:40:01
961457,52.13347816467285,23.730983543396,8558.6,19.200000762939453,51.0,1767.1,816.4,2021-05-29 15:50:01
961509,45.39923519558377,27.82567405700684,8783.444444444445,19.700000762939453,54.0,1115.4444444444443,602.0,2021-05-29 16:00:01
961556,41.31116981506348,31.04631118774414,6276.3,19.299999237060547,53.0,932.8,536.8,2021-05-29 16:10:02
961608,38.27687496609158,33.931317223442925,6114.555555555556,19.299999237060547,56.0,745.1111111111111,468.44444444444446,2021-05-29 16:20:01
961655,36.39251285129123,35.81173790825738,4513.888888888889,18.0,58.0,685.4444444444445,440.6666666666667,2021-05-29 16:30:02
961702,34.95112864176432,37.00448481241862,4538.666666666667,18.0,58.0,711.5555555555555,442.77777777777777,2021-05-29 16:40:01
961749,34.19127197265625,37.68001823425293,6060.5,18.100000381469727,59.0,681.3,420.2,2021-05-29 16:50:01
961801,33.86495819091797,38.65476493835449,4344.9,18.700000762939453,56.0,648.2,400.8,2021-05-29 17:00:01
961853,33.2234255472819,39.69007237752279,3958.6666666666665,18.600000381469727,55.0,637.8888888888889,400.3333333333333,2021-05-29 17:10:02
961900,32.69161529541016,40.39658203125,3738.1,19.0,54.0,618.5,400.0,2021-05-29 17:20:01
961952,32.17410545349121,41.19050903320313,3420.7,19.0,54.0,608.1,400.0,2021-05-29 17:30:01
962004,31.86087589263916,41.21568603515625,3385.9,18.299999237060547,56.0,602.8,400.0,2021-05-29 17:40:01
962056,31.456261740790477,42.54808680216471,2832.222222222222,18.0,56.0,590.8888888888889,400.0,2021-05-29 17:50:02
967404,52.03734664916992,26.62821407318115,21221.2,17.200000762939453,62.0,1846.0,1122.3,2021-05-30 12:00:02
967456,53.005073928833006,26.27084770202637,23839.3,17.0,57.0,1997.2,1177.6,2021-05-30 12:10:01
967508,53.95671224594116,25.724040746688843,26744.875,18.200000762939453,57.0,2193.5,1251.625,2021-05-30 12:20:01
967550,55.14080238342285,25.18532085418701,25447.7,18.200000762939453,57.0,2386.6,1329.6,2021-05-30 12:30:02
967602,56.49839782714844,24.386663818359374,28117.5,18.100000381469727,54.0,2561.8,1399.9,2021-05-30 12:40:02
967654,57.3000301361084,23.797665214538576,29838.6,18.5,55.0,2677.7,1434.7,2021-05-30 12:50:01
967706,55.660048484802246,24.06977224349976,17188.375,18.5,55.0,2341.5,1235.125,2021-05-30 13:00:02
967748,52.88505638970269,25.109568277994796,20650.555555555555,19.200000762939453,50.0,2021.111111111111,1085.5555555555557,2021-05-30 13:10:02
967795,50.593914879692925,26.496104770236546,14278.777777777776,19.200000762939453,53.0,2005.6666666666667,1074.2222222222222,2021-05-30 13:20:02
967842,50.73983421325684,26.702525329589843,19726.7,19.200000762939453,53.0,1931.9,1056.7,2021-05-30 13:30:01
967894,53.02421061197917,25.532074186537,26963.33333333333,19.799999237060547,49.0,2029.111111111111,1094.111111111111,2021-05-30 13:40:02
967941,57.89044062296549,23.4031007554796,7485.111111111111,19.799999237060547,47.0,2424.1111111111118,1271.4444444444443,2021-05-30 13:50:02
967988,60.91859321594238,21.87762279510498,0.0,19.799999237060547,47.0,2756.3,1406.2,2021-05-30 14:00:01
968040,61.1493091583252,23.22148494720459,10597.2,20.399999618530277,41.0,2962.6,1632.5,2021-05-30 14:10:01
968092,62.65134048461914,22.97550921969944,0.0,20.299999237060547,45.0,3054.8888888888887,1666.4444444444443,2021-05-30 14:20:02
968139,64.50644721984864,21.82055377960205,0.0,20.299999237060547,45.0,3279.5,1921.3,2021-05-30 14:30:02
968191,66.0445556640625,20.980544662475587,0.0,20.899999618530277,39.0,3612.3,2207.6,2021-05-30 14:40:01
968243,67.32471237182617,20.040131187438966,0.0,21.399999618530277,42.0,3866.7,2209.1,2021-05-30 14:50:02
968295,67.09209781222873,19.731780158148872,1422.3333333333333,21.399999618530277,42.0,3689.222222222222,1992.555555555556,2021-05-30 15:00:02
968342,68.09910837809245,19.323347303602432,0.0,21.200000762939453,39.0,4199.888888888889,2208.777777777778,2021-05-30 15:10:01
968389,68.6208885192871,19.05470371246338,0.0,21.700000762939453,37.0,4212.3,2136.9,2021-05-30 15:20:01
968441,68.51182132297092,18.647033479478623,0.0,21.700000762939453,37.0,3816.444444444444,1868.0,2021-05-30 15:30:02
968488,67.41897354125976,18.24963760375977,0.0,21.799999237060547,37.0,3194.7,1426.5,2021-05-30 15:40:01
968540,59.59597892761231,19.46150894165039,8767.7,21.600000381469727,37.0,2155.8,902.6,2021-05-30 15:50:01
968592,48.76218795776367,23.582818222045898,4875.4,21.600000381469727,37.0,1216.3,541.9,2021-05-30 16:00:01
968644,43.16298294067383,26.466603808932835,3613.3333333333335,21.899999618530277,35.0,878.2222222222222,423.6666666666667,2021-05-30 16:10:02
968691,39.67505950927735,28.347905731201173,3249.8,21.899999618530277,33.0,669.3,400.0,2021-05-30 16:20:01
968743,37.4856559753418,30.478370094299315,2989.0,21.899999618530277,33.0,650.4,400.0,2021-05-30 16:30:02
968795,36.242677476671005,31.6602660285102,2767.1111111111118,22.0,36.0,626.3333333333334,400.0,2021-05-30 16:40:01
968842,35.34084815979004,31.532158279418944,2680.5,21.899999618530277,36.0,609.4,400.0,2021-05-30 16:50:00
968894,34.69676513671875,32.25909824371338,2574.5,21.899999618530277,34.0,605.7,400.0,2021-05-30 17:00:02
968946,34.20542411804199,32.307316589355466,2471.4,22.399999618530277,33.0,824.0,426.5,2021-05-30 17:10:02
968998,33.87183332443237,32.694743633270264,2338.5,22.100000381469727,34.0,749.0,400.0,2021-05-30 17:20:01
969040,33.59044761657715,33.35408592224121,2245.6,22.100000381469727,34.0,645.7,400.0,2021-05-30 17:30:02
969092,33.390974044799805,33.45326881408691,2162.1,22.0,34.0,643.4,400.0,2021-05-30 17:40:01
969144,33.24004152086046,33.667844984266495,2040.2222222222224,22.299999237060547,34.0,622.0,400.0,2021-05-30 17:50:01
974542,56.9062762790256,23.85459836324056,22009.33333333333,21.399999618530277,44.0,2469.333333333333,1300.5555555555557,2021-05-31 12:00:02
974589,57.96387434005737,23.052376747131348,22442.875,21.600000381469727,43.0,2686.0,1363.375,2021-05-31 12:10:03
974631,58.7524227142334,22.3364616394043,24897.8,21.899999618530277,41.0,2812.4,1394.7,2021-05-31 12:20:01
974683,59.58716697692872,21.97253398895264,24837.3,21.899999618530277,41.0,2954.8,1463.4,2021-05-31 12:30:02
974735,60.46730762057834,21.4065424601237,27564.11111111111,21.600000381469727,41.0,3081.8888888888887,1507.5555555555557,2021-05-31 12:40:01
974782,61.06305809020997,21.015335273742675,29771.7,22.100000381469727,40.0,3229.7,1578.7,2021-05-31 12:50:02
974834,60.22510833740235,21.113145637512208,17910.4,22.100000381469727,40.0,3002.5,1419.3,2021-05-31 13:00:02
974886,57.59937413533529,21.91466840108236,16860.666666666668,22.299999237060547,41.0,2655.8888888888887,1229.111111111111,2021-05-31 13:10:01
974933,54.67296142578125,23.30815601348877,12774.0,22.5,40.0,2473.9,1139.0,2021-05-31 13:20:02
974985,53.93354682922363,23.50621795654297,17170.3,22.5,40.0,2314.0,1081.5,2021-05-31 13:30:02
975037,56.3728035820855,22.503497017754448,25176.88888888889,23.100000381469727,41.0,2442.222222222222,1129.2222222222222,2021-05-31 13:40:01
975084,61.43263092041016,20.715800857543947,10131.0,22.5,42.0,2802.8,1311.5,2021-05-31 13:50:01
975136,64.77347984313965,19.596856689453126,0.0,22.5,42.0,3288.4,1575.1,2021-05-31 14:00:01
975188,65.1673829820421,19.4213441212972,12171.444444444443,22.799999237060547,45.0,3685.777777777778,1884.888888888889,2021-05-31 14:10:02
975235,67.48374430338542,18.58514955308702,0.0,22.100000381469727,41.0,3776.1111111111113,1805.888888888889,2021-05-31 14:20:02
975282,69.31437454223632,17.899443054199217,0.0,22.100000381469727,41.0,4711.2,2185.9,2021-05-31 14:30:01
975334,70.7033462524414,17.43381428718567,0.0,22.700000762939453,44.0,5157.25,2324.0,2021-05-31 14:40:01
975376,71.58281860351562,17.14549446105957,0.0,22.899999618530277,40.0,6004.1,2654.3,2021-05-31 14:50:02
975428,72.34012451171876,16.924238777160646,0.0,22.899999618530277,40.0,6393.8,2755.1,2021-05-31 15:00:02
975480,72.6076889038086,16.779125785827638,0.0,23.100000381469727,37.0,6568.3,2746.7,2021-05-31 15:10:02
975532,72.40189700656467,16.606223636203342,0.0,23.200000762939453,41.0,5992.333333333333,2455.6666666666665,2021-05-31 15:20:02
975579,71.43286387125652,16.609614902072483,0.0,23.200000762939453,41.0,5243.444444444444,2102.8888888888887,2021-05-31 15:30:01
975626,69.67341444227431,16.89292377895779,0.0,23.399999618530277,36.0,4187.666666666667,1653.888888888889,2021-05-31 15:40:03
975673,62.81799812316895,18.32333869934082,8889.7,23.600000381469727,38.0,2783.3,1102.1,2021-05-31 15:50:00
975725,51.59086685180664,21.553215789794923,6687.2,23.600000381469727,38.0,1626.0,610.2,2021-05-31 16:00:02
975777,45.54996066623264,24.45783848232693,5485.333333333333,23.100000381469727,39.0,1167.4444444444443,442.77777777777777,2021-05-31 16:10:02
975824,41.99370574951172,26.645151329040527,4677.9,24.100000381469727,40.0,927.2,400.2,2021-05-31 16:20:01
975876,39.56812710232205,28.18527857462565,4757.444444444444,24.100000381469727,40.0,746.7777777777778,400.0,2021-05-31 16:30:01
975923,38.077787187364365,29.539601431952583,4254.222222222223,22.600000381469727,41.0,690.7777777777778,400.0,2021-05-31 16:40:01
975970,37.145456314086914,30.655832862854005,4090.9,23.399999618530277,41.0,681.0,400.0,2021-05-31 16:50:01
976022,36.42099666595459,30.95902967453003,3863.125,23.899999618530277,41.0,668.625,400.0,2021-05-31 17:00:02
976064,35.9240478515625,31.700923728942872,3796.4,22.600000381469727,44.0,655.6,400.0,2021-05-31 17:10:01
976116,35.56530507405599,32.6005613538954,3655.222222222222,23.700000762939453,41.0,659.7777777777778,400.0,2021-05-31 17:20:01
976163,35.27275505065918,33.07621879577637,3465.0,23.700000762939453,41.0,660.5,400.0,2021-05-31 17:30:01
976215,35.111051347520615,33.551876068115234,3514.1111111111118,22.200000762939453,43.0,657.7777777777778,400.0,2021-05-31 17:40:02
976262,34.975547790527344,33.77035140991211,3347.9,23.399999618530277,41.0,657.3,400.0,2021-05-31 17:50:01
981716,60.09399528503418,20.10803394317627,20175.3,22.799999237060547,35.0,2901.0,1336.5,2021-06-01 12:00:02
981768,60.772911919487846,20.045607884724934,24161.0,23.299999237060547,33.0,3102.0,1417.2222222222222,2021-06-01 12:10:01
981815,61.52983131408691,19.7976655960083,24746.7,23.0,32.0,3313.3,1499.9,2021-06-01 12:20:01
981867,62.29034080505371,19.412069892883306,24247.8,23.0,32.0,3590.5,1631.7,2021-06-01 12:30:02
981919,62.97504297892253,18.981375376383465,26679.777777777777,23.299999237060547,31.0,4034.8888888888887,1792.6666666666667,2021-06-01 12:40:02
981966,63.45451524522569,18.79555469089084,28894.222222222223,23.799999237060547,34.0,4548.333333333333,1931.111111111111,2021-06-01 12:50:01
982013,62.4954216003418,18.813305854797363,30120.5,23.799999237060547,34.0,3819.4,1569.5,2021-06-01 13:00:02
982065,59.67635612487793,19.72243843078613,15064.1,23.700000762939453,33.0,3115.5,1289.3,2021-06-01 13:10:02
982117,56.53539699978299,20.657833735148117,11411.555555555557,23.899999618530277,32.0,2877.4444444444443,1165.2222222222222,2021-06-01 13:20:01
982164,55.49841859605577,20.83212513393826,15096.333333333334,23.899999618530277,32.0,2538.8888888888887,1044.2222222222222,2021-06-01 13:30:01
982211,58.29873352050781,19.93301277160645,24854.9,23.799999237060547,32.0,2699.9,1116.2,2021-06-01 13:40:02
982263,63.5990104675293,18.531404071384006,7398.777777777777,24.399999618530277,32.0,3120.4444444444443,1331.0,2021-06-01 13:50:02
982310,66.98985290527344,17.750972938537597,0.0,24.399999618530277,32.0,4253.3,1765.1,2021-06-01 14:00:02
982362,67.57732391357422,17.404135513305665,10949.9,24.0,30.0,5132.4,2062.1,2021-06-01 14:10:02
982414,69.98008651733399,16.82261390686035,0.0,24.299999237060547,31.0,5417.6,2093.0,2021-06-01 14:20:02
982466,71.6720085144043,16.551206906636555,0.0,24.299999237060547,31.0,6411.0,2565.6666666666665,2021-06-01 14:30:01
982498,73.26411692301433,16.217797385321724,0.0,24.700000762939453,32.0,7416.0,2987.555555555556,2021-06-01 14:40:02
982545,74.21445804172092,15.881928973727756,0.0,24.600000381469727,31.0,7932.777777777777,3151.4444444444443,2021-06-01 14:50:01
982592,74.8587776184082,15.818112564086912,0.0,24.600000381469727,31.0,8424.2,3309.3,2021-06-01 15:00:02
982644,75.09723663330078,15.573815536499025,0.0,24.799999237060547,29.0,8097.7,3115.8,2021-06-01 15:10:02
982696,74.8742660522461,15.577630233764648,0.0,24.799999237060547,30.0,7784.7,2938.4,2021-06-01 15:20:01
982748,74.03406185574002,15.609301249186196,0.0,24.799999237060547,30.0,7212.666666666667,2618.1111111111118,2021-06-01 15:30:01
982795,72.19031829833985,15.650873565673828,0.0,24.899999618530277,29.0,5690.4,1891.7,2021-06-01 15:40:02
982847,65.23250999450684,16.65735855102539,8851.9,25.299999237060547,32.0,3212.0,1129.5,2021-06-01 15:50:02
982899,53.97573757171631,19.381818771362305,5075.0,25.299999237060547,32.0,1915.375,624.0,2021-06-01 16:00:01
982941,47.36667442321777,21.872663259506226,3613.0,25.399999618530277,29.0,1336.125,425.375,2021-06-01 16:10:02
982983,43.09361381530762,24.274051856994628,3105.6,24.899999618530277,30.0,1041.3,400.0,2021-06-01 16:20:01
983035,40.78104994032118,25.7841862572564,2970.6666666666665,24.899999618530277,30.0,892.6666666666666,400.0,2021-06-01 16:30:01
983082,39.17944602966308,26.648966598510743,2875.8,25.299999237060547,30.0,761.6,400.0,2021-06-01 16:40:01
983134,38.0723274230957,27.48592357635498,2804.7,25.0,29.0,710.9,400.0,2021-06-01 16:50:02
983186,37.379644605848526,27.51049084133572,2887.1111111111118,25.100000381469727,30.0,656.4444444444445,400.0,2021-06-01 17:00:02
983233,36.826886367797854,28.08056774139404,2709.5,25.0,29.0,667.9,400.0,2021-06-01 17:10:02
983285,36.518463134765625,28.90836963653565,2583.8,25.5,32.0,663.3,400.0,2021-06-01 17:20:02
983337,36.28854827880859,29.62920570373535,2487.6,25.5,32.0,668.5,400.0,2021-06-01 17:30:02
983389,36.10411665174696,29.79713948567708,2370.777777777778,25.399999618530277,30.0,675.0,400.0,2021-06-01 17:40:03
983436,35.982261657714844,32.392156982421874,2252.5,25.399999618530277,31.0,779.2,400.0,2021-06-01 17:50:02
988494,61.31083509657118,20.269406424628365,19862.777777777777,25.100000381469727,34.0,3110.777777777778,1400.7777777777778,2021-06-02 12:00:03
988541,61.733636644151474,20.111051983303494,23668.777777777777,25.600000381469727,37.0,3215.333333333333,1449.0,2021-06-02 12:10:02
988588,62.25455894470215,20.05951042175293,24272.1,25.799999237060547,33.0,3401.1,1548.6,2021-06-02 12:20:01
988640,62.92801513671875,19.78332176208496,24239.8,25.799999237060547,33.0,3933.7,1742.4,2021-06-02 12:30:02
988692,63.69974060058594,19.57763042449951,25832.7,25.899999618530277,31.0,4853.4,2052.8,2021-06-02 12:40:02
988744,63.12250476413303,19.612590154012043,26146.555555555555,26.299999237060547,32.0,4607.888888888889,1869.6666666666667,2021-06-02 12:50:02
988791,62.32665748596192,20.029144859313966,26904.0,26.299999237060547,32.0,4169.2,1684.7,2021-06-02 13:00:02
988843,60.29560470581055,20.47318229675293,15252.9,26.200000762939453,29.0,3377.9,1403.8,2021-06-02 13:10:02
988895,57.60382419162326,21.19766362508138,12692.555555555557,26.700000762939453,30.0,3105.555555555556,1263.111111111111,2021-06-02 13:20:02
988942,56.87491416931152,21.81918087005615,15752.1,26.700000762939453,30.0,2726.0,1157.4,2021-06-02 13:30:03
988994,59.876630783081055,20.4390022277832,25215.4,26.700000762939453,31.0,2982.1,1246.6,2021-06-02 13:40:02
989046,65.14245944552951,19.19635836283366,3542.6666666666665,27.200000762939453,30.0,3643.1111111111113,1580.0,2021-06-02 13:50:01
989093,68.56107482910156,18.35629806518555,0.0,26.799999237060547,28.0,5501.4,2332.4,2021-06-02 14:00:00
989145,69.176318359375,18.085450744628908,10949.2,26.799999237060547,27.0,6525.9,2689.9,2021-06-02 14:10:03
989197,71.68509140014649,17.315480422973632,0.0,27.299999237060547,28.0,6519.6,2569.0,2021-06-02 14:20:03
989249,73.45478534698486,16.827649116516113,0.0,27.299999237060547,28.0,7675.625,3113.25,2021-06-02 14:30:02
989291,74.80083084106445,16.46585807800293,0.0,27.399999618530277,26.0,8194.6,3303.0,2021-06-02 14:40:02
989343,76.20836181640625,16.15472650527954,0.0,27.299999237060547,27.0,9287.4,3722.9,2021-06-02 14:50:02
989395,77.19050903320313,15.828641319274904,0.0,27.299999237060547,25.0,9630.9,3821.8,2021-06-02 15:00:02
989447,77.56631215413411,15.408051596747503,0.0,27.600000381469727,29.0,9330.555555555557,3588.333333333333,2021-06-02 15:10:01
989494,77.30373077392578,15.454795169830325,0.0,27.700000762939453,27.0,9082.9,3433.2,2021-06-02 15:20:02
989546,76.35576400756835,15.31395444869995,0.0,27.600000381469727,27.0,8013.9,2862.9,2021-06-02 15:30:02
989598,74.44944508870442,15.409916559855144,0.0,28.0,28.0,6857.444444444444,2294.222222222222,2021-06-02 15:40:04
989645,68.4678798675537,16.032196521759033,8471.2,28.100000381469727,27.0,3898.3,1269.3,2021-06-02 15:50:01
989697,56.22869491577149,18.66666660308838,5559.2,28.0,23.0,2137.2,684.3,2021-06-02 16:00:02
989749,49.31307716369629,21.38017864227295,4204.2,27.899999618530277,23.0,1546.3,468.8,2021-06-02 16:10:03
989801,45.47904798719618,23.829675250583225,3686.8888888888887,28.0,23.0,1254.888888888889,400.44444444444446,2021-06-02 16:20:02
989848,43.14844428168403,25.16195763481988,3431.6666666666665,28.0,23.0,1121.2222222222222,400.0,2021-06-02 16:30:02
989895,41.23506507873535,25.86404228210449,3363.2,28.299999237060547,25.0,904.8,400.0,2021-06-02 16:40:03
989947,40.1234073638916,27.35542058944702,3306.5,28.100000381469727,26.0,954.5,400.0,2021-06-02 16:50:03
989989,39.50762939453125,27.600518798828126,3200.5,28.200000762939453,26.0,877.4,400.0,2021-06-02 17:00:02
990041,39.072098922729495,28.35767154693604,3052.8,28.0,25.0,894.9,400.0,2021-06-02 17:10:01
990093,38.76228205362956,28.940091451009117,2872.777777777778,28.399999618530277,25.0,848.0,400.0,2021-06-02 17:20:02
990140,38.53162384033203,29.90371589660645,2862.0,28.5,24.0,902.1,400.0,2021-06-02 17:30:00
990192,38.34603614807129,30.308995056152344,2871.7,28.700000762939453,26.0,947.4,400.0,2021-06-02 17:40:03
990244,38.19350221421983,29.885981029934356,2864.777777777778,28.600000381469727,27.0,936.3333333333334,400.0,2021-06-02 17:50:02
995402,43.67984051174588,37.55024846394857,7058.0,22.700000762939453,75.0,1204.2222222222222,869.7777777777778,2021-06-03 12:00:01
995449,41.75197410583496,39.269665241241455,7755.25,22.700000762939453,75.0,1044.125,795.75,2021-06-03 12:10:05
995491,41.49835968017578,39.86251564025879,11103.4,22.700000762939453,74.0,1091.6,832.5,2021-06-03 12:20:05
995543,41.49551094902886,39.75789048936632,12099.0,22.700000762939453,74.0,1039.6666666666667,802.8888888888889,2021-06-03 12:30:02
995590,44.36869621276856,38.01800537109375,25472.9,24.200000762939453,69.0,1397.8,990.5,2021-06-03 12:40:02
995642,50.36278305053711,32.499885368347165,28771.9,24.600000381469727,69.0,1700.5,1103.3,2021-06-03 12:50:02
995694,52.45445213317871,30.721904373168947,28959.9,24.600000381469727,69.0,1906.0,1194.6,2021-06-03 13:00:02
995746,51.75769662857056,30.569161891937256,13867.875,23.5,68.0,1685.625,1062.0,2021-06-03 13:10:03
995788,48.87247276306152,32.32822113037109,14017.2,22.899999618530277,71.0,1344.1,915.6,2021-06-03 13:20:02
995840,45.77969818115234,34.618142700195314,6415.1,22.899999618530277,71.0,1072.4,794.1,2021-06-03 13:30:01
995892,42.56364271375868,37.47480180528429,6264.666666666667,21.200000762939453,85.0,829.7777777777778,704.2222222222222,2021-06-03 13:40:04
995939,41.15175094604492,38.872663497924805,8364.6,21.100000381469727,85.0,759.3,675.0,2021-06-03 13:50:02
995991,42.75314712524414,37.82696228027344,15936.0,21.100000381469727,85.0,843.8,742.1,2021-06-03 14:00:02
996043,42.50500679016113,37.82749700546265,13267.625,21.299999237060547,84.0,823.75,717.625,2021-06-03 14:10:01
996085,46.71351165771485,34.78706016540527,16924.1,21.700000762939453,84.0,1239.4,920.5,2021-06-03 14:20:02
996137,45.826161575317386,34.55786972045898,12277.6,21.700000762939453,84.0,1081.8,806.2,2021-06-03 14:30:02
996189,46.27985000610352,34.338521003723145,15454.875,22.799999237060547,78.0,1079.0,827.875,2021-06-03 14:40:02
996231,53.14823235405816,30.063833448621963,0.0,23.700000762939453,72.0,1742.6666666666667,1155.111111111111,2021-06-03 14:50:02
996278,54.93011360168457,27.88082695007324,11907.4,23.700000762939453,72.0,1624.0,1061.8,2021-06-03 15:00:03
996330,56.23456916809082,26.963302421569825,8573.2,23.700000762939453,69.0,1677.9,1098.9,2021-06-03 15:10:02
996382,55.03318786621094,27.415884733200077,14181.875,23.600000381469727,71.0,1641.5,1071.125,2021-06-03 15:20:01
996424,56.452735137939456,26.741130828857425,1928.0,23.600000381469727,71.0,1858.8,1147.4,2021-06-03 15:30:01
996476,58.754024505615234,25.12382698059082,0.0,23.200000762939453,71.0,1958.9,1174.0,2021-06-03 15:40:03
996528,54.41129896375868,26.81179682413737,20170.11111111111,23.200000762939453,70.0,1406.4444444444443,918.6666666666666,2021-06-03 15:50:01
996575,48.98088836669922,30.223544883728028,14182.6,23.200000762939453,70.0,1054.6,776.4,2021-06-03 16:00:01
996627,44.7537579536438,33.44377040863037,9935.875,23.299999237060547,71.0,706.25,617.125,2021-06-03 16:10:02
996669,41.86770357404436,36.13510731288365,8423.714285714286,23.0,71.0,650.7142857142857,555.8571428571429,2021-06-03 16:20:01
996706,40.02407112121582,37.75249862670898,7084.6,23.0,71.0,637.7,526.9,2021-06-03 16:30:02
996758,38.481689453125,39.2959487915039,6542.1,23.5,68.0,603.8,477.4,2021-06-03 16:40:02
996810,37.48705122205946,40.74769168429904,6754.111111111111,23.600000381469727,67.0,604.2222222222222,482.22222222222223,2021-06-03 16:50:01
996857,36.95185775756836,41.84328994750977,6528.3,23.299999237060547,69.0,623.9,518.6,2021-06-03 17:00:02
996909,36.70405112372504,42.51502566867404,5768.666666666667,24.299999237060547,66.0,630.7777777777778,529.7777777777778,2021-06-03 17:10:02
996956,36.39043596055773,42.95092561509874,5242.222222222223,24.399999618530277,65.0,621.6666666666666,516.3333333333334,2021-06-03 17:20:02
997003,36.0247200012207,43.33501205444336,4914.9,24.399999618530277,65.0,608.5,499.6,2021-06-03 17:30:02
997055,35.75222735934787,43.526868184407554,4985.888888888889,24.0,64.0,601.5555555555555,486.0,2021-06-03 17:40:03
997102,35.45255703396268,43.75761837429471,4323.222222222223,23.600000381469727,63.0,590.5555555555555,464.77777777777777,2021-06-03 17:50:02
1002485,61.18295631408692,23.75295639038086,25217.5,24.200000762939453,52.0,3174.0,1732.6,2021-06-04 12:00:01
1002537,61.24467002020942,23.656909518771705,26167.88888888889,24.299999237060547,48.0,3278.4444444444443,1812.3333333333333,2021-06-04 12:10:01
1002584,61.357326889038085,23.652704811096196,26053.0,24.100000381469727,49.0,3340.6,1929.1,2021-06-04 12:20:01
1002636,61.37388381958008,23.1691463470459,25199.6,24.100000381469727,49.0,3291.0,1771.3,2021-06-04 12:30:01
1002688,61.07821994357639,22.864287906222877,25886.88888888889,24.899999618530277,50.0,3173.4444444444443,1583.111111111111,2021-06-04 12:40:03
1002735,61.006446838378906,22.89539947509765,28783.5,24.799999237060547,52.0,3122.5,1594.8,2021-06-04 12:50:02
1002787,60.75543594360352,23.4012357711792,26131.3,24.799999237060547,52.0,3211.2,1658.2,2021-06-04 13:00:02
1002839,58.90160497029623,24.083484225802952,20153.222222222223,25.600000381469727,49.0,2794.4444444444443,1357.6666666666667,2021-06-04 13:10:03
1002886,56.7537701924642,25.42882113986545,18502.555555555555,25.299999237060547,53.0,2923.333333333333,1405.0,2021-06-04 13:20:01
1002933,55.9594955444336,25.64617707994249,20004.222222222223,25.299999237060547,53.0,2676.8888888888887,1297.2222222222222,2021-06-04 13:30:01
1002980,58.45815162658691,24.37201499938965,27623.8,25.299999237060547,50.0,2784.8,1358.8,2021-06-04 13:40:02
1003032,62.58131790161133,22.60505443149143,0.0,25.299999237060547,51.0,3181.0,1625.888888888889,2021-06-04 13:50:01
1003079,64.91933949788411,21.421801461113823,0.0,25.299999237060547,51.0,3407.6666666666665,1864.0,2021-06-04 14:00:02
1003126,65.0527961730957,21.35332260131836,14828.1,26.100000381469727,51.0,3969.5,2194.1,2021-06-04 14:10:03
1003178,67.11879984537761,20.51524607340495,0.0,26.0,50.0,4327.222222222223,2249.6666666666665,2021-06-04 14:20:02
1003225,68.77924041748047,19.95193386077881,0.0,26.0,50.0,4806.7,2473.8,2021-06-04 14:30:01
1003277,70.25079854329427,19.53578673468696,0.0,26.799999237060547,49.0,5894.222222222223,2893.555555555556,2021-06-04 14:40:02
1003324,67.89562911987305,19.54192447662353,7394.6,26.399999618530277,50.0,3989.5,1828.1,2021-06-04 14:50:01
1003376,69.70424194335938,19.50301342010498,0.0,26.399999618530277,50.0,5558.2,2693.7,2021-06-04 15:00:02
1003428,64.28347358703613,20.61493854522705,13610.8,25.799999237060547,51.0,3682.8,1628.8,2021-06-04 15:10:02
1003480,64.057373046875,20.806330817086355,0.0,26.200000762939453,48.0,3353.5714285714284,1530.0,2021-06-04 15:20:02
1003517,58.33985633850098,22.6254674911499,16284.9,26.200000762939453,48.0,2834.9,1235.5,2021-06-04 15:30:01
1003569,55.80224266052246,24.13504238128662,18418.8,27.100000381469727,46.0,2497.2,1120.8,2021-06-04 15:40:01
1003621,52.92956288655599,25.47425863477919,13168.444444444443,26.299999237060547,46.0,2176.777777777778,951.6666666666666,2021-06-04 15:50:02
1003668,48.72747383117676,27.90691967010498,9519.2,25.700000762939453,50.0,1786.4,809.4,2021-06-04 16:00:03
1003720,45.83598285251193,31.272008895874023,8256.888888888889,25.700000762939453,50.0,1628.5555555555557,803.3333333333334,2021-06-04 16:10:03
1003767,43.670939445495605,35.35496282577515,7180.0,25.299999237060547,50.0,1613.625,838.875,2021-06-04 16:20:02
1003809,42.03562965393066,35.84573173522949,5884.8,25.299999237060547,50.0,1369.2,715.8,2021-06-04 16:30:02
1003861,40.60154469807943,37.17267354329427,4796.555555555556,25.299999237060547,52.0,1273.111111111111,674.0,2021-06-04 16:40:02
1003908,39.19873174031576,38.812169816758896,2657.1111111111118,25.299999237060547,51.0,1153.5555555555557,637.125,2021-06-04 16:50:01
1003954,37.93566640218099,40.55797153049045,1506.5555555555557,25.299999237060547,51.0,1065.2222222222222,615.0,2021-06-04 17:00:00
1004002,37.03813934326172,44.50090238783095,1053.888888888889,24.899999618530277,52.0,1055.888888888889,664.4444444444445,2021-06-04 17:10:02
1004049,36.40363883972168,46.527640448676216,983.3333333333334,24.700000762939453,52.0,1055.111111111111,675.2222222222222,2021-06-04 17:20:05
1004097,35.84039088657924,48.06649208068848,891.125,24.5,53.0,1035.0,673.0,2021-06-04 17:30:00
1004138,35.057348039415146,50.25321494208442,645.3333333333334,24.299999237060547,56.0,946.2222222222222,647.5555555555555,2021-06-04 17:40:05
1004185,34.484474182128906,51.93179206848144,672.8,24.200000762939453,53.0,863.2,624.0,2021-06-04 17:50:01
1009633,32.81931601630317,47.97402572631836,9381.0,16.899999618530273,88.0,586.1111111111111,572.7777777777778,2021-06-05 12:00:01
1009680,32.6416805267334,47.9783317565918,7617.4,17.200000762939453,87.0,599.6,595.8,2021-06-05 12:10:01
1009732,33.01425001356337,47.54456922743056,10679.666666666666,17.0,87.0,627.7777777777778,640.2222222222222,2021-06-05 12:20:04
1009779,34.22117919921875,46.28213958740234,13813.7,17.0,87.0,624.2,637.9,2021-06-05 12:30:01
1009831,35.337110137939455,44.76188278198242,13222.2,16.799999237060547,86.0,603.3,591.9,2021-06-05 12:40:02
1009883,37.006465911865234,43.10368490219116,14747.625,16.799999237060547,86.0,641.375,666.375,2021-06-05 12:50:01
1009925,36.47940969467163,42.74757766723633,10059.125,16.799999237060547,86.0,630.5,633.25,2021-06-05 13:00:01
1009967,35.35793876647949,43.56252365112304,8525.0,16.799999237060547,86.0,555.1,503.6,2021-06-05 13:10:02
1010019,34.141536712646484,44.91760110855103,7806.375,17.200000762939453,85.0,534.25,480.375,2021-06-05 13:20:03
1010061,33.678234577178955,45.52357482910156,8832.875,17.200000762939453,85.0,519.75,447.25,2021-06-05 13:30:02
1010103,33.11139106750488,46.17273216247558,7989.4,17.200000762939453,84.0,487.9,421.2,2021-06-05 13:40:01
1010155,32.70990705490112,46.817158222198486,7439.375,17.399999618530273,83.0,500.875,438.375,2021-06-05 13:50:01
1010197,32.06969566345215,47.31136016845703,6239.7,17.399999618530273,83.0,470.9,401.7,2021-06-05 14:00:02
1010249,31.236552874247234,48.608123143514,5361.0,17.5,84.0,488.1666666666667,412.5,2021-06-05 14:10:01
1010281,31.09784401787652,48.876003689236114,7156.111111111111,17.5,83.0,468.22222222222223,401.6666666666667,2021-06-05 14:20:01
1010328,32.13393190171983,48.17883555094401,10420.777777777776,17.5,83.0,535.3333333333334,498.44444444444446,2021-06-05 14:30:02
1010375,33.662991205851235,46.167188008626304,12297.333333333334,17.100000381469727,84.0,533.0,476.3333333333333,2021-06-05 14:40:01
1010407,35.04726070827908,44.39731089274088,13176.888888888889,17.299999237060547,83.0,567.2222222222222,538.7777777777778,2021-06-05 14:50:05
1010454,35.41754616631402,43.49160300360786,10957.222222222224,17.299999237060547,83.0,554.5555555555555,516.7777777777778,2021-06-05 15:00:02
1010501,35.05165138244629,43.819027709960935,8488.4,17.100000381469727,85.0,552.0,508.7,2021-06-05 15:10:02
1010553,34.38720703125,44.40146446228027,7660.375,17.299999237060547,84.0,539.0,489.75,2021-06-05 15:20:01
1010595,33.51805157131619,45.31234359741211,5883.666666666667,17.299999237060547,84.0,524.7777777777778,462.77777777777777,2021-06-05 15:30:02
1010642,33.08812925550673,45.66007995605469,8175.666666666667,17.399999618530273,83.0,512.5555555555555,446.22222222222223,2021-06-05 15:40:02
1010689,32.875868225097655,45.47676773071289,7641.4,17.899999618530273,80.0,497.2,429.5,2021-06-05 15:50:02
1010741,32.74769248962402,45.44197845458984,9313.3,17.899999618530273,80.0,516.2,456.5,2021-06-05 16:00:01
1010793,33.218085818820526,44.70622168646919,9638.222222222224,17.799999237060547,80.0,573.6666666666666,534.8888888888889,2021-06-05 16:10:02
1010840,33.5079345703125,45.88418350219727,10408.7,17.5,80.0,620.9,628.9,2021-06-05 16:20:01
1010892,35.28717422485352,46.911421585083005,11279.2,17.5,80.0,693.7,779.4,2021-06-05 16:30:01
1010944,35.77447976006402,46.92318810356988,9442.0,17.799999237060547,77.0,687.8888888888889,765.3333333333334,2021-06-05 16:40:01
1010991,36.58842582702637,46.31555709838867,12098.0,18.5,73.0,739.9,802.6,2021-06-05 16:50:01
1011043,37.20927772521973,46.21835594177246,9495.3,18.799999237060547,73.0,806.9,839.2,2021-06-05 17:00:01
1011095,36.39936676025391,46.26947479248047,5981.6,17.399999618530273,78.0,674.2,726.3,2021-06-05 17:10:02
1011147,35.28818384806315,46.682604471842446,6049.888888888889,17.5,78.0,640.3333333333334,657.7777777777778,2021-06-05 17:20:01
1011194,35.169146347045896,47.24727210998535,8104.1,17.5,78.0,637.2,657.8,2021-06-05 17:30:01
1011246,35.39173338148329,47.441316816541885,8670.111111111111,17.5,78.0,656.2222222222222,690.3333333333334,2021-06-05 17:40:01
1011293,35.35046119689942,47.5857177734375,7052.7,16.799999237060547,78.0,659.0,699.3,2021-06-05 17:50:01
1016776,58.79354476928711,20.740215301513672,22072.8,18.899999618530277,63.0,1944.6,1057.9,2021-06-06 12:00:01
1016828,58.19993209838867,21.857328033447267,22233.9,18.700000762939453,65.0,2476.3,1294.2,2021-06-06 12:10:01
1016880,58.30404366387261,21.46554480658637,21594.444444444445,19.5,62.0,2504.333333333333,1260.3333333333333,2021-06-06 12:20:01
1016927,58.333447265625,21.155870819091795,20871.7,19.5,62.0,2472.1,1234.3,2021-06-06 12:30:01
1016979,58.68459548950195,21.54756984710693,21945.7,19.399999618530277,62.0,2804.8,1389.2,2021-06-06 12:40:01
1017031,58.90596694946289,21.081864166259766,23340.8,19.600000381469727,59.0,2753.4,1324.1,2021-06-06 12:50:01
1017083,58.16667132907443,21.080339007907444,19155.0,19.600000381469727,59.0,2614.555555555556,1247.3333333333333,2021-06-06 13:00:02
1017130,55.70637855529785,21.673914909362797,13756.7,20.0,59.0,1996.3,976.0,2021-06-06 13:10:01
1017182,52.30384521484375,23.255512237548828,11311.0,20.200000762939453,59.0,1766.0,887.7,2021-06-06 13:20:01
1017234,50.95853385925293,23.36476669311524,14288.0,20.200000762939453,59.0,1424.1,742.8,2021-06-06 13:30:02
1017286,54.19351789686415,21.87346861097548,24841.666666666668,20.200000762939453,59.0,1586.7777777777778,828.4444444444445,2021-06-06 13:40:03
1017333,59.68463439941407,19.821164321899413,0.0,20.100000381469727,61.0,2102.6,1050.5,2021-06-06 13:50:02
1017385,63.11520614624023,18.478370475769044,0.0,20.100000381469727,61.0,2466.2,1224.8,2021-06-06 14:00:02
1017437,63.20291010538737,18.21944130791558,12283.0,21.5,58.0,2679.333333333333,1284.4444444444443,2021-06-06 14:10:01
1017484,66.22106399536133,17.670862770080568,0.0,20.799999237060547,57.0,3007.5,1431.6,2021-06-06 14:20:00
1017536,68.70847702026367,17.15968551635742,0.0,21.0,55.0,3262.1,1603.8,2021-06-06 14:30:01
1017588,70.32002029418945,17.064621925354004,0.0,21.0,55.0,4228.5,2184.3,2021-06-06 14:40:01
1017640,71.25573221842448,16.39615800645616,0.0,21.100000381469727,52.0,3391.333333333333,1602.0,2021-06-06 14:50:01
1017687,71.74143558078342,16.322067260742188,0.0,21.600000381469727,57.0,4047.777777777778,1943.555555555556,2021-06-06 15:00:02
1017734,71.5045768737793,16.092317199707033,0.0,20.399999618530277,56.0,3755.9,1719.0,2021-06-06 15:10:02
1017786,70.93018951416016,16.220493030548095,0.0,21.0,55.0,3687.7,1721.1,2021-06-06 15:20:02
1017838,69.96833801269531,16.239668104383682,0.0,21.0,55.0,3191.4444444444443,1420.4444444444443,2021-06-06 15:30:02
1017885,68.18242034912109,16.54886703491211,0.0,22.0,55.0,2788.8,1232.5,2021-06-06 15:40:00
1017937,64.65838851928712,17.728847312927247,4018.5,21.299999237060547,57.0,2720.3,1210.0,2021-06-06 15:50:01
1017989,52.69638404846192,20.761882972717284,5535.3,21.299999237060547,57.0,1224.9,567.2,2021-06-06 16:00:02
1018041,45.4416635301378,24.399514728122288,4077.777777777778,20.700000762939453,57.0,831.5555555555555,446.77777777777777,2021-06-06 16:10:01
1018088,41.31116981506348,27.07347221374512,3529.6,20.799999237060547,57.0,729.5,412.4,2021-06-06 16:20:01
1018140,38.57995681762695,29.447318267822265,3360.1,20.799999237060547,57.0,652.8,400.0,2021-06-06 16:30:02
1018192,36.8335620880127,31.254138946533203,3155.4,21.200000762939453,56.0,631.1,400.0,2021-06-06 16:40:02
1018244,35.76261223687066,32.2833432091607,2962.0,21.700000762939453,55.0,634.0,400.0,2021-06-06 16:50:01
1018291,35.00171661376953,32.70618782043457,2932.3,21.899999618530277,53.0,641.8,400.0,2021-06-06 17:00:02
1018343,34.40810279846191,33.366902923583986,2796.9,22.299999237060547,52.0,633.4,400.0,2021-06-06 17:10:01
1018395,33.996040768093536,33.98947185940213,2714.6666666666665,22.100000381469727,47.0,633.6666666666666,400.0,2021-06-06 17:20:01
1018442,33.68310813903808,34.24185562133789,2645.4,22.100000381469727,47.0,620.1,400.0,2021-06-06 17:30:00
1018494,33.4521844651964,34.92196612887912,2746.777777777778,22.0,49.0,618.3333333333334,400.0,2021-06-06 17:40:02
1018541,33.26644770304362,35.927705976698135,2570.6666666666665,22.0,47.0,634.875,400.0,2021-06-06 17:50:01
1023894,60.90417366027832,20.599832344055176,22219.7,20.0,47.0,2872.0,1379.7,2021-06-07 12:00:07
1023946,60.19947357177735,21.021438980102538,22331.5,20.399999618530277,45.0,2936.1,1402.8,2021-06-07 12:10:07
1023998,60.05126953125,21.093156242370604,21953.4,20.600000381469727,46.0,2978.3,1410.2,2021-06-07 12:20:07
1024050,60.026702880859375,21.094241248236763,21281.11111111111,20.600000381469727,46.0,3033.777777777778,1426.3333333333333,2021-06-07 12:30:08
1024097,60.13218193054199,21.211871719360357,22395.4,20.799999237060547,45.0,3120.9,1460.3,2021-06-07 12:40:06
1024149,60.11963081359863,21.046463584899904,23888.2,21.0,46.0,3181.2,1472.5,2021-06-07 12:50:05
1024201,59.44130749172635,21.238354153103295,20359.444444444445,21.0,46.0,3083.555555555556,1404.0,2021-06-07 13:00:09
1024248,57.37052764892578,21.9671932220459,14975.1,21.0,47.0,2713.9,1231.2,2021-06-07 13:10:05
1024300,54.1810863494873,22.914931106567384,12139.2,21.399999618530277,47.0,2471.3,1104.4,2021-06-07 13:20:06
1024352,52.88731231689453,23.726558113098143,14821.1,21.399999618530277,47.0,2185.5,1019.6,2021-06-07 13:30:08
1024404,55.98916583591037,22.646762000189888,23727.666666666668,21.600000381469727,46.0,2279.1111111111118,1080.2222222222222,2021-06-07 13:40:07
1024451,61.26707077026367,20.67078647613525,0.0,21.799999237060547,48.0,2781.9,1319.7,2021-06-07 13:50:05
1024503,64.74250373840331,19.626611709594727,0.0,21.799999237060547,48.0,3252.2,1610.8,2021-06-07 14:00:11
1024555,64.84851684570313,19.500267028808597,11186.1,22.700000762939453,48.0,3443.0,1760.6,2021-06-07 14:10:06
1024607,66.78619554307726,18.7670709821913,0.0,22.5,45.0,3467.6666666666665,1664.6666666666667,2021-06-07 14:20:07
1024654,68.41020050048829,18.263828086853028,0.0,22.5,45.0,3942.7,1953.0,2021-06-07 14:30:10
1024706,69.98222427368164,17.886472702026367,0.0,22.5,43.0,4908.7,2357.3,2021-06-07 14:40:07
1024758,71.10790061950684,17.519455194473267,0.0,22.200000762939453,45.0,5562.75,2571.625,2021-06-07 14:50:05
1024800,71.80926361083985,17.321126174926757,0.0,22.200000762939453,45.0,5857.1,2648.8,2021-06-07 15:00:08
1024852,71.47600479125977,17.143205833435058,0.0,22.700000762939453,43.0,5740.5,2479.3,2021-06-07 15:10:06
1024904,71.07652282714844,17.161652670966255,0.0,22.899999618530277,45.0,5347.777777777777,2281.555555555556,2021-06-07 15:20:07
1024951,70.12529415554471,17.32068549262153,0.0,22.899999618530277,45.0,4837.888888888889,2025.7777777777776,2021-06-07 15:30:07
1024998,68.39584732055664,17.639810800552368,0.0,22.799999237060547,42.0,3920.625,1637.125,2021-06-07 15:40:06
1025040,65.62074491712782,18.079228507147896,4895.444444444444,23.100000381469727,43.0,3169.555555555556,1328.888888888889,2021-06-07 15:50:07
1025087,55.02945022583008,21.231860733032228,7557.1,23.100000381469727,43.0,2041.0,811.6,2021-06-07 16:00:00
1025139,47.00944434271919,24.93629349602593,5155.888888888889,22.899999618530277,39.0,1368.7777777777778,560.0,2021-06-07 16:10:05
1025186,42.62924385070801,27.27779083251953,4726.1,23.399999618530277,42.0,1068.8,439.4,2021-06-07 16:20:06
1025238,40.0743408203125,29.20557713508606,4403.0,23.399999618530277,42.0,903.125,400.0,2021-06-07 16:30:07
1025280,38.26405715942383,30.59021911621094,3530.3,23.200000762939453,42.0,783.8,400.0,2021-06-07 16:40:05
1025332,36.95078964233399,31.911039924621583,3429.0,23.399999618530277,40.0,712.8,400.0,2021-06-07 16:50:06
1025384,36.10471047295464,33.14293501112196,3391.8888888888887,23.700000762939453,42.0,687.6666666666666,400.0,2021-06-07 17:00:09
1025431,35.43537826538086,33.802395248413085,3234.5,23.700000762939453,40.0,683.9,400.0,2021-06-07 17:10:05
1025483,34.91332893371582,34.615091705322264,2884.6,23.5,40.0,670.2,400.0,2021-06-07 17:20:06
1025535,34.52090920342339,34.98385026719835,2728.8888888888887,23.5,40.0,668.0,400.0,2021-06-07 17:30:06
1025582,34.22652015686035,35.18791542053223,2545.9,23.600000381469727,42.0,666.3,400.0,2021-06-07 17:40:02
1025634,33.972571563720706,35.56435432434082,2436.8,23.5,40.0,665.0,400.0,2021-06-07 17:50:06
1031042,62.83348617553711,20.32745876312256,22954.2,22.700000762939453,45.0,3072.5,1425.7,2021-06-08 12:00:10
1031094,61.87003135681152,20.518043518066406,23650.0,23.600000381469727,45.0,2888.1,1319.7,2021-06-08 12:10:06
1031146,61.73274654812283,21.061180114746094,24492.777777777777,23.5,44.0,3199.1111111111118,1529.6666666666667,2021-06-08 12:20:06
1031193,62.01502952575684,21.03227310180664,24158.6,23.5,44.0,3262.6,1551.3,2021-06-08 12:30:07
1031245,62.2553596496582,20.873274040222167,24953.7,23.700000762939453,40.0,3426.7,1696.8,2021-06-08 12:40:07
1031297,62.14133644104004,20.68818187713623,25160.9,23.600000381469727,40.0,3252.5,1514.3,2021-06-08 12:50:06
1031349,61.24081251356337,20.92045783996582,21088.11111111111,23.600000381469727,40.0,3155.555555555556,1435.888888888889,2021-06-08 13:00:07
1031396,59.07606620788575,21.490044021606444,15550.1,23.799999237060547,39.0,2794.0,1249.6,2021-06-08 13:10:06
1031448,55.804111862182616,22.6213472366333,13031.5,24.399999618530277,41.0,2551.4,1130.2,2021-06-08 13:20:06
1031500,54.42114944458008,23.438162803649902,15198.7,24.399999618530277,41.0,2453.3,1121.0,2021-06-08 13:30:07
1031552,57.50472598605685,22.210523817274307,24271.222222222223,24.200000762939453,36.0,2497.777777777778,1154.6666666666667,2021-06-08 13:40:06
1031599,62.79129409790039,20.36835308074951,0.0,24.200000762939453,37.0,2967.6,1411.0,2021-06-08 13:50:07
1031651,66.26352233886719,19.18532085418701,0.0,24.200000762939453,37.0,3515.9,1794.9,2021-06-08 14:00:08
1031703,66.10288747151692,18.910166634453667,12590.888888888889,24.399999618530277,37.0,3795.8888888888887,1904.7777777777776,2021-06-08 14:10:08
1031750,68.32475051879882,18.323186111450195,0.0,24.399999618530277,37.0,4131.7,1970.0,2021-06-08 14:20:02
1031802,69.75577850341797,18.023041343688966,0.0,24.399999618530277,37.0,5001.0,2345.6,2021-06-08 14:30:08
1031854,70.78332214355468,17.560540008544923,0.0,24.299999237060547,39.0,5406.8,2426.0,2021-06-08 14:40:05
1031906,71.41031477186415,17.256766849093967,0.0,24.899999618530277,39.0,5871.222222222223,2600.333333333333,2021-06-08 14:50:06
1031953,71.64023132324219,17.031052017211913,0.0,24.899999618530277,39.0,5897.2,2518.3,2021-06-08 15:00:03
1032005,71.09975662231446,16.861219215393067,0.0,25.200000762939453,36.0,4996.3,2068.4,2021-06-08 15:10:07
1032057,70.27221984863282,17.113755989074708,0.0,25.100000381469727,35.0,5093.3,2127.4,2021-06-08 15:20:06
1032109,69.02126142713759,17.258292728000217,0.0,25.100000381469727,35.0,3971.6666666666665,1638.888888888889,2021-06-08 15:30:06
1032156,67.40936126708985,17.157091331481933,0.0,24.700000762939453,35.0,3273.1,1372.3,2021-06-08 15:40:05
1032208,63.51895942687988,18.112001419067383,7203.7,24.899999618530277,35.0,2939.1,1203.8,2021-06-08 15:50:06
1032260,54.40245666503906,20.60364646911621,9845.1,24.899999618530277,35.0,1911.9,730.9,2021-06-08 16:00:09
1032312,48.38377210828993,23.04366620381673,7430.222222222223,25.299999237060547,37.0,1439.2222222222222,560.0,2021-06-08 16:10:06
1032359,44.60074806213379,24.892042541503905,5595.0,25.700000762939453,37.0,1173.3,456.4,2021-06-08 16:20:06
1032411,42.009698232014976,26.802641338772244,4539.0,25.700000762939453,37.0,1012.3333333333334,406.3333333333333,2021-06-08 16:30:07
1032458,40.1688027381897,28.72491788864136,4057.75,25.399999618530277,36.0,851.375,400.0,2021-06-08 16:40:05
1032500,38.859303368462456,32.025635401407875,3906.777777777778,25.299999237060547,36.0,879.8888888888889,467.0,2021-06-08 16:50:06
1032547,37.637183295355904,36.10945807562934,3847.6666666666665,25.200000762939453,38.0,1104.111111111111,568.1111111111111,2021-06-08 17:00:07
1032594,36.8529224395752,35.913633823394775,3587.625,25.399999618530277,35.0,905.125,454.375,2021-06-08 17:10:05
1032636,36.19615478515625,35.52056045532227,3435.2,25.5,39.0,855.4,430.0,2021-06-08 17:20:06
1032663,35.88793182373047,35.467308044433594,3318.0,25.5,39.0,820.5,403.25,2021-06-08 17:30:08
1032705,35.65628099441528,35.44556283950806,3400.125,25.5,37.0,1152.375,503.875,2021-06-08 17:40:06
1032747,35.57746802435981,35.88718456692166,3545.333333333333,25.399999618530277,36.0,934.4444444444443,441.8888888888889,2021-06-08 17:50:06
1038115,60.51151657104492,22.22154384189182,26309.666666666668,24.100000381469727,50.0,2290.777777777778,1264.3333333333333,2021-06-09 12:00:07
1038162,59.99359130859375,22.433661651611327,26208.7,24.200000762939453,49.0,2406.9,1290.4,2021-06-09 12:10:06
1038214,59.89131774902344,22.069428634643558,25456.5,24.0,49.0,2330.3,1236.0,2021-06-09 12:20:06
1038266,59.72548980712891,21.947661781311037,24675.0,24.0,49.0,2279.4,1204.9,2021-06-09 12:30:08
1038318,59.234505547417534,22.524859322441948,24706.666666666668,23.799999237060547,48.0,2311.555555555556,1237.7777777777778,2021-06-09 12:40:05
1038365,58.95937271118164,23.039749908447263,24850.7,24.100000381469727,48.0,2346.3,1252.6,2021-06-09 12:50:04
1038417,58.34145851135254,23.29579620361328,24095.2,24.100000381469727,48.0,2129.6,1178.9,2021-06-09 13:00:09
1038469,57.23807907104492,24.12893886566162,21287.9,24.399999618530277,48.0,2087.7,1162.4,2021-06-09 13:10:06
1038521,55.32247416178385,24.819816165500217,20058.0,24.399999618530277,48.0,1848.3333333333333,1039.888888888889,2021-06-09 13:20:06
1038568,54.177347564697264,25.208667373657228,21119.8,24.700000762939453,49.0,1751.6,991.6,2021-06-09 13:30:11
1038620,56.72777900695801,24.17181663513184,29429.5,24.700000762939453,49.0,2066.0,1127.6,2021-06-09 13:40:08
1038672,60.76404762268066,22.216944932937626,0.0,24.899999618530277,49.0,2304.375,1245.375,2021-06-09 13:50:07
1038714,62.89436912536621,20.53879623413086,0.0,24.899999618530277,49.0,2098.8,1162.3,2021-06-09 14:00:05
1038766,62.15682487487793,20.625315284729005,7369.8,24.100000381469727,50.0,2171.6,1191.8,2021-06-09 14:10:08
1038818,64.75825843811035,19.922941780090333,0.0,24.799999237060547,49.0,2433.8,1298.1,2021-06-09 14:20:07
1038870,66.87164730495877,19.25366422865126,0.0,24.799999237060547,49.0,2741.333333333333,1427.4444444444443,2021-06-09 14:30:07
1038917,68.05504684448242,18.823834228515626,0.0,24.700000762939453,48.0,2859.3,1470.0,2021-06-09 14:40:07
1038969,69.16884155273438,18.48081169128418,0.0,24.5,49.0,2915.2,1492.4,2021-06-09 14:50:05
1039021,69.77192094590929,18.363385094536675,0.0,24.5,49.0,3037.777777777778,1582.5555555555557,2021-06-09 15:00:11
1039068,69.77260360717773,18.253757286071775,0.0,25.0,46.0,2960.2,1491.0,2021-06-09 15:10:03
1039120,69.46818542480469,18.312046813964844,0.0,25.200000762939453,46.0,2947.4,1479.8,2021-06-09 15:20:07
1039172,68.52449111938476,18.179293632507324,0.0,25.200000762939453,46.0,2745.0,1361.9,2021-06-09 15:30:07
1039224,67.32589975992839,18.42069138420953,0.0,25.100000381469727,46.0,2593.6666666666665,1287.7777777777778,2021-06-09 15:40:06
1039271,65.2391845703125,18.610665702819823,2303.8,24.899999618530277,47.0,2181.8,1105.2,2021-06-09 15:50:04
1039323,54.67589874267578,21.903715705871583,6850.1,24.899999618530277,47.0,1203.5,686.6,2021-06-09 16:00:11
1039375,45.68050977918837,26.33198568556044,4051.222222222222,25.200000762939453,46.0,618.0,417.77777777777777,2021-06-09 16:10:05
1039422,41.32253307766385,29.30190001593696,2942.555555555556,24.600000381469727,49.0,594.7777777777778,400.0,2021-06-09 16:20:06
1039469,38.77943077087402,30.821850967407222,2535.0,24.600000381469727,49.0,561.1,400.0,2021-06-09 16:30:07
1039521,37.22049255371094,31.468222999572752,2342.9,24.700000762939453,47.0,554.2,400.0,2021-06-09 16:40:06
1039573,36.16998563494001,32.33931677682059,2231.285714285714,24.799999237060547,47.0,537.2857142857143,400.0,2021-06-09 16:50:06
1039610,35.44258766174316,33.59853515625,2183.4,24.5,47.0,513.9,400.0,2021-06-09 17:00:08
1039662,34.809452819824216,35.18486328125,2121.7,24.600000381469727,45.0,531.1,400.0,2021-06-09 17:10:06
1039714,34.45643577575684,36.07400665283203,2050.5,24.399999618530277,44.0,539.5,400.0,2021-06-09 17:20:07
1039766,34.24645868937174,36.06402036878798,1983.111111111111,24.700000762939453,43.0,554.1111111111111,400.0,2021-06-09 17:30:07
1039813,34.08312377929688,35.44777603149414,1917.5,24.700000762939453,43.0,531.0,400.0,2021-06-09 17:40:06
1039865,33.905012893676755,35.70595855712891,1855.0,24.5,40.0,528.8,400.0,2021-06-09 17:50:06
1045323,59.76412073771159,22.64201503329807,19249.33333333333,23.100000381469727,42.0,2319.222222222222,1237.7777777777778,2021-06-10 12:00:07
1045370,58.380712890625,23.479056930541997,19046.2,23.799999237060547,40.0,2338.0,1255.1,2021-06-10 12:10:00
1045422,57.70164794921875,23.907072448730467,18383.0,23.600000381469727,40.0,2372.6,1259.3,2021-06-10 12:20:07
1045474,57.4599838256836,23.90753002166748,18139.4,23.600000381469727,40.0,2355.4,1240.8,2021-06-10 12:30:06
1045526,57.56110000610352,24.15740521748861,19180.33333333333,24.0,45.0,2526.777777777778,1319.2222222222222,2021-06-10 12:40:05
1045573,57.80231895446777,23.95056037902832,20862.8,24.100000381469727,44.0,2307.3,1231.1,2021-06-10 12:50:05
1045625,57.37346420288086,24.174563217163087,19492.2,24.100000381469727,44.0,1990.9,1126.9,2021-06-10 13:00:07
1045677,55.7621883392334,25.045547866821288,14861.9,24.0,42.0,1863.1,1072.1,2021-06-10 13:10:05
1045729,53.38262812296549,26.220085779825848,12999.111111111111,24.600000381469727,36.0,1761.5555555555557,1019.2222222222222,2021-06-10 13:20:09
1045776,52.52788543701172,26.65674819946289,14927.5,24.600000381469727,36.0,1765.9,1007.1,2021-06-10 13:30:09
1045828,55.820668411254886,25.015030097961425,21283.8,24.799999237060547,37.0,1962.5,1102.6,2021-06-10 13:40:06
1045880,61.55813713073731,22.794842338562013,0.0,24.899999618530277,31.0,2603.7,1431.0,2021-06-10 13:50:06
1045932,65.09439341227214,21.24377950032552,0.0,24.899999618530277,31.0,2787.0,1551.4444444444443,2021-06-10 14:00:09
1045979,65.30247268676757,21.016708755493163,11132.1,25.600000381469727,37.0,3005.3,1672.9,2021-06-10 14:10:06
1046031,67.74662322998047,19.88342113494873,0.0,25.399999618530277,35.0,2965.1,1566.7,2021-06-10 14:20:09
1046083,69.82227020263672,19.303730773925786,0.0,25.399999618530277,35.0,3416.5,2214.9,2021-06-10 14:30:07
1046135,71.44977739122179,18.516822814941406,0.0,25.600000381469727,31.0,4390.222222222223,2613.222222222222,2021-06-10 14:40:07
1046182,72.59807739257812,18.22827491760254,0.0,25.899999618530277,37.0,5142.5,2862.6,2021-06-10 14:50:07
1046234,73.23655242919922,18.28809051513672,0.0,25.899999618530277,37.0,4930.3,2721.1,2021-06-10 15:00:09
1046286,73.39466603597005,18.00615480211046,0.0,25.600000381469727,38.0,4549.111111111111,2494.222222222222,2021-06-10 15:10:06
1046333,72.15774002075196,18.61844825744629,0.0,26.399999618530277,31.0,4019.4,2318.8,2021-06-10 15:20:06
1046385,70.53765106201172,19.22468929290772,0.0,26.399999618530277,31.0,3298.6,1865.5,2021-06-10 15:30:06
1046437,69.29060821533203,19.288014221191407,0.0,25.899999618530277,36.0,3227.8,1731.6,2021-06-10 15:40:05
1046489,67.20098792182074,19.397608015272358,3800.3333333333335,26.100000381469727,39.0,2633.6666666666665,1303.888888888889,2021-06-10 15:50:06
1046536,57.52113342285156,23.087815856933595,8456.7,26.100000381469727,39.0,1758.5,918.1,2021-06-10 16:00:08
1046588,49.17689018249512,26.90592803955078,4793.3,26.299999237060547,41.0,1153.1,644.8,2021-06-10 16:10:06
1046640,44.66109733581543,29.76989402770996,4232.2,26.0,40.0,900.4,549.7,2021-06-10 16:20:05
1046692,42.12007141113281,32.130923165215385,3982.8888888888887,26.0,40.0,882.4444444444445,542.3333333333334,2021-06-10 16:30:06
1046739,40.33783493041992,33.90218963623047,3377.0,25.600000381469727,42.0,718.4,472.6,2021-06-10 16:40:06
1046791,38.90093078613281,35.41771621704102,3049.8,26.299999237060547,44.0,675.1,447.6,2021-06-10 16:50:07
1046843,37.91994094848633,36.40921232435439,2933.4444444444443,27.0,41.0,647.8888888888889,417.55555555555554,2021-06-10 17:00:07
1046890,37.246395111083984,37.38490905761719,3097.3,25.799999237060547,42.0,660.6,438.7,2021-06-10 17:10:03
1046942,36.82866668701172,38.212320963541664,2854.222222222222,26.399999618530277,44.0,666.1111111111111,454.22222222222223,2021-06-10 17:20:06
1046989,36.49202728271485,39.01625061035156,2575.7,26.399999618530277,44.0,664.9,465.0,2021-06-10 17:30:06
1047041,36.20499589708116,38.8548952738444,2402.555555555556,26.399999618530277,44.0,633.3333333333334,417.6666666666667,2021-06-10 17:40:06
1047088,35.96526082356771,39.82316462198893,2333.1111111111118,25.899999618530277,44.0,665.2222222222222,478.22222222222223,2021-06-10 17:50:06
1052451,45.78939988878038,35.19747755262587,21293.222222222223,21.799999237060547,68.0,1362.7777777777778,1104.6666666666667,2021-06-11 12:00:13
1052498,45.30491333007812,34.78889122009277,19494.5,22.200000762939453,69.0,1091.9,961.9,2021-06-11 12:10:07
1052550,47.32294845581055,33.98699140548706,24360.75,23.5,66.0,1352.75,1093.5,2021-06-11 12:20:08
1052592,47.07774467468262,33.55077438354492,18190.0,23.5,66.0,1096.9,952.1,2021-06-11 12:30:11
1052644,45.434543185763886,34.38756222195096,15864.333333333334,23.399999618530277,62.0,805.5555555555555,827.4444444444445,2021-06-11 12:40:08
1052691,45.73747677273221,34.51692454020182,24775.555555555555,23.700000762939453,62.0,933.1111111111112,910.0,2021-06-11 12:50:07
1052738,47.931983184814456,32.91447296142578,25461.1,23.700000762939453,62.0,1115.1,978.7,2021-06-11 13:00:03
1052790,49.239762200249565,32.02699089050293,24826.88888888889,24.100000381469727,60.0,1237.111111111111,1025.111111111111,2021-06-11 13:10:05
1052837,49.17359670003256,31.47631051805284,20744.555555555555,23.600000381469727,60.0,1077.111111111111,948.1111111111112,2021-06-11 13:20:06
1052884,48.30342559814453,31.84298439025879,20656.9,23.600000381469727,60.0,896.8,883.6,2021-06-11 13:30:01
1052936,46.95277290344238,32.79285850524902,23989.0,24.299999237060547,61.0,758.8,834.8,2021-06-11 13:40:08
1052988,49.14404525756836,31.38216209411621,10405.1,24.799999237060547,56.0,993.5,950.8,2021-06-11 13:50:09
1053040,52.08366182115343,29.281215455796985,10243.777777777776,24.799999237060547,56.0,1256.3333333333333,1047.888888888889,2021-06-11 14:00:09
1053087,53.22003593444824,28.565193939208985,14652.7,24.600000381469727,59.0,1439.2,1128.9,2021-06-11 14:10:07
1053139,57.35183525085449,26.76218814849853,6487.1,24.5,61.0,1878.9,1319.3,2021-06-11 14:20:10
1053191,59.98397784762912,24.92764684889052,0.0,24.5,61.0,1991.0,1339.6666666666667,2021-06-11 14:30:11
1053238,59.65686264038086,24.871137809753417,5667.3,24.399999618530277,62.0,2040.7,1332.7,2021-06-11 14:40:07
1053290,62.25028648376465,23.565881156921385,0.0,24.0,62.0,2126.8,1389.4,2021-06-11 14:50:06
1053342,61.74238929748535,23.39589500427246,0.0,24.299999237060547,59.0,2013.0,1322.8,2021-06-11 15:00:15
1053394,63.25720808241103,22.810033586290142,0.0,24.5,59.0,2162.333333333333,1390.2222222222222,2021-06-11 15:10:07
1053441,62.64602890014648,23.050736236572263,0.0,24.299999237060547,60.0,2195.3,1391.0,2021-06-11 15:20:08
1053493,62.60944519042969,23.247272300720216,0.0,24.299999237060547,60.0,2364.0,1457.4,2021-06-11 15:30:08
1053545,61.70901012420654,23.32665729522705,0.0,24.200000762939453,59.0,2193.625,1361.875,2021-06-11 15:40:09
1053587,58.167620468139646,24.78767070770264,23264.0,24.399999618530277,59.0,1817.8,1178.3,2021-06-11 15:50:07
1053639,51.10807228088379,28.645914459228518,12333.7,24.399999618530277,59.0,1268.7,949.7,2021-06-11 16:00:17
1053691,45.61078516642253,32.825547748141815,8670.666666666666,24.600000381469727,59.0,910.6666666666666,796.2222222222222,2021-06-11 16:10:05
1053738,42.43484382629394,35.95727462768555,7486.3,25.100000381469727,57.0,847.9,771.1,2021-06-11 16:20:06
1053790,40.59925994873047,37.93408126831055,7431.4,25.100000381469727,57.0,754.3,732.7,2021-06-11 16:30:12
1053842,39.42164497375488,39.2315559387207,6894.9,24.899999618530277,55.0,700.8,703.7,2021-06-11 16:40:07
1053894,38.451039208306206,40.76973300509982,6000.888888888889,24.600000381469727,58.0,700.3333333333334,699.8888888888889,2021-06-11 16:50:07
1053941,37.61062774658203,42.01297035217285,5304.3,24.5,57.0,667.5,675.5,2021-06-11 17:00:09
1053993,36.6493091583252,43.24971313476563,4019.5,24.399999618530277,58.0,635.0,625.3,2021-06-11 17:10:07
1054045,36.01184293958876,44.26337009006076,4029.8888888888887,25.100000381469727,55.0,661.1111111111111,655.8888888888889,2021-06-11 17:20:06
1054092,35.589990234375,45.14000205993652,3617.0,25.100000381469727,55.0,650.5,645.2,2021-06-11 17:30:08
1054144,35.41027755737305,45.6543830871582,3893.0,25.200000762939453,54.0,643.8,629.6,2021-06-11 17:40:09
1054196,34.98524941338433,45.9501707288954,2511.6666666666665,24.799999237060547,54.0,642.1111111111111,630.4444444444445,2021-06-11 17:50:07
1059654,54.00003852844238,24.52903022766113,25518.6,20.600000381469727,56.0,1185.6,967.8,2021-06-12 12:00:10
1059706,54.15011024475098,24.59205017089844,25873.2,20.399999618530277,57.0,1323.3,1009.7,2021-06-12 12:10:05
1059758,53.38707902696397,24.62670516967773,23371.555555555555,20.700000762939453,56.0,1206.0,943.7777777777778,2021-06-12 12:20:08
1059805,49.438582229614255,26.236972618103028,15677.0,20.700000762939453,56.0,777.1,756.6,2021-06-12 12:30:02
1059857,46.699358749389646,27.85793857574463,19089.3,20.5,53.0,672.8,705.9,2021-06-12 12:40:07
1059909,47.19069976806641,28.04440383911133,26067.2,20.200000762939453,55.0,779.7,775.9,2021-06-12 12:50:06
1059961,49.43617926703559,27.15359878540039,24260.33333333333,20.200000762939453,55.0,959.0,868.2222222222222,2021-06-12 13:00:10
1060008,49.20679702758789,26.854657936096192,23057.7,20.899999618530277,51.0,796.3,796.5,2021-06-12 13:10:06
1060060,48.424658966064456,26.99702434539795,20101.6,20.899999618530277,50.0,761.8,760.6,2021-06-12 13:20:06
1060112,47.69405670166016,27.691004753112797,22203.2,20.899999618530277,50.0,827.7,789.0,2021-06-12 13:30:08
1060164,50.5594974093967,26.56375312805176,24367.88888888889,21.200000762939453,50.0,1072.4444444444443,904.5555555555557,2021-06-12 13:40:06
1060211,56.28210105895996,23.688410758972168,0.0,21.200000762939453,49.0,1482.5,1082.0,2021-06-12 13:50:07
1060263,60.518043518066406,21.69512481689453,0.0,21.200000762939453,49.0,1805.5,1222.4,2021-06-12 14:00:11
1060315,60.87557135687934,21.538109461466476,8345.111111111111,21.100000381469727,52.0,2074.222222222222,1312.6666666666667,2021-06-12 14:10:09
1060362,63.14084014892578,20.72785530090332,0.0,21.100000381469727,50.0,2171.2,1332.0,2021-06-12 14:20:03
1060414,63.76035614013672,20.20080852508545,1970.8,21.100000381469727,50.0,2215.0,1320.0,2021-06-12 14:30:08
1060466,65.01514434814453,19.673609352111814,1005.8,20.600000381469727,50.0,2321.0,1361.2,2021-06-12 14:40:07
1060518,66.11238267686632,19.13159222073025,0.0,21.200000762939453,47.0,2374.222222222222,1372.5555555555557,2021-06-12 14:50:07
1060565,65.39299659729004,19.09529266357422,7918.4,21.200000762939453,47.0,2271.9,1296.0,2021-06-12 15:00:09
1060617,64.51374520195856,19.318260828653973,1259.7777777777778,20.700000762939453,49.0,2209.777777777778,1256.2222222222222,2021-06-12 15:10:07
1060664,65.43352593315973,18.878462049696186,0.0,21.5,49.0,2136.4444444444443,1229.888888888889,2021-06-12 15:20:07
1060711,65.33157882690429,18.771038627624517,0.0,21.5,49.0,2128.7,1211.4,2021-06-12 15:30:06
1060763,64.67467803955078,18.880903434753417,0.0,21.700000762939453,46.0,2049.0,1172.8,2021-06-12 15:40:05
1060815,62.95017967224121,19.135576438903808,0.0,22.100000381469727,45.0,1772.2,1051.6,2021-06-12 15:50:07
1060867,53.68704605102539,22.29122691684299,8929.222222222223,22.100000381469727,45.0,929.4444444444443,707.0,2021-06-12 16:00:11
1060914,44.24743355645074,27.521850374009876,4474.666666666667,21.399999618530277,45.0,590.1111111111111,466.77777777777777,2021-06-12 16:10:06
1060961,39.44434280395508,31.259173965454103,3998.0,21.799999237060547,45.0,550.3,412.3,2021-06-12 16:20:05
1061013,36.62987475925021,33.839593675401474,4056.3333333333335,21.799999237060547,45.0,526.4444444444445,400.0,2021-06-12 16:30:09
1061060,35.19184455871582,35.734798431396484,3286.8,21.700000762939453,44.0,523.7,400.0,2021-06-12 16:40:05
1061112,33.98725891113281,36.98542747497559,2819.0,21.200000762939453,45.0,491.0,400.0,2021-06-12 16:50:08
1061164,33.1685357093811,38.24235200881958,2844.25,21.100000381469727,45.0,496.75,400.0,2021-06-12 17:00:07
1061206,32.58106384277344,39.176470565795896,2848.1,21.799999237060547,44.0,487.7,400.0,2021-06-12 17:10:03
1061258,32.053673553466794,39.63881912231445,2600.8,21.399999618530277,44.0,489.0,400.0,2021-06-12 17:20:06
1061310,31.6563289642334,38.909589767456055,2439.2,21.5,45.0,528.0,400.0,2021-06-12 17:30:07
1061362,31.670778274536133,38.95475769042969,3460.0,21.0,44.0,538.3333333333334,403.0,2021-06-12 17:40:06
1061409,31.673448350694443,39.03037389119466,3139.4444444444443,21.100000381469727,45.0,550.4444444444445,411.22222222222223,2021-06-12 17:50:06
1066832,56.90835316975912,22.692369249131943,22258.33333333333,19.700000762939453,49.0,1751.4444444444443,1108.4444444444443,2021-06-13 12:00:09
1066879,55.77821044921875,22.26840629577637,18778.3,19.899999618530277,47.0,1638.4,1031.2,2021-06-13 12:10:05
1066931,55.26791038513184,22.655374908447264,20092.6,20.200000762939453,47.0,1820.8,1100.9,2021-06-13 12:20:06
1066983,56.01213073730469,22.374609184265136,19003.8,20.200000762939453,47.0,2020.5,1157.3,2021-06-13 12:30:08
1067035,56.585243225097656,22.219509336683487,19185.0,20.399999618530277,48.0,2103.555555555556,1193.2222222222222,2021-06-13 12:40:06
1067082,56.97051162719727,22.246890830993653,19735.8,20.799999237060547,47.0,2201.9,1218.8,2021-06-13 12:50:06
1067134,56.75074424743652,22.347295188903807,17783.3,20.799999237060547,47.0,2223.1,1219.9,2021-06-13 13:00:11
1067186,55.24236382378472,22.37430402967665,14057.555555555557,20.399999618530277,48.0,1659.888888888889,965.7777777777778,2021-06-13 13:10:05
1067233,52.46700210571289,23.89272918701172,11650.5,20.899999618530277,48.0,1742.5,1013.7,2021-06-13 13:20:02
1067285,51.25707588195801,24.842908477783205,13363.8,20.899999618530277,48.0,1889.2,1066.7,2021-06-13 13:30:07
1067337,54.491646194458006,23.20897235870361,21632.3,21.200000762939453,46.0,1729.8,1013.0,2021-06-13 13:40:07
1067389,59.44190173678928,23.60095935397678,0.0,21.5,45.0,2402.222222222222,1423.5555555555557,2021-06-13 13:50:09
1067436,62.65884666442871,21.540092849731444,0.0,21.5,45.0,2570.7,1448.6,2021-06-13 14:00:05
1067488,63.00705795288086,21.68200206756592,7359.0,21.600000381469727,44.0,2993.2,1828.0,2021-06-13 14:10:07
1067540,65.40287704467774,20.88426055908203,0.0,21.700000762939453,43.0,3159.9,1933.4,2021-06-13 14:20:09
1067592,67.35913001166449,20.28636105855306,0.0,21.700000762939453,43.0,3421.1111111111118,2351.6666666666665,2021-06-13 14:30:11
1067639,68.84893569946288,19.37300662994385,0.0,21.799999237060547,44.0,3638.8,2423.0,2021-06-13 14:40:07
1067691,69.75310974121093,18.7736328125,0.0,22.100000381469727,43.0,3457.7,2135.6,2021-06-13 14:50:06
1067743,70.26593187120226,18.237922032674152,0.0,22.200000762939453,41.0,3280.8888888888887,1899.111111111111,2021-06-13 15:00:09
1067790,70.28076782226563,18.17532615661621,0.0,22.299999237060547,42.0,3328.4,1948.8,2021-06-13 15:10:03
1067842,69.77714309692382,18.25894546508789,0.0,22.700000762939453,44.0,3596.6,2116.8,2021-06-13 15:20:06
1067894,68.56347732543945,18.64591426849365,0.0,22.700000762939453,44.0,3422.3,2040.5,2021-06-13 15:30:06
1067946,66.96866861979167,18.694675233629013,0.0,22.600000381469727,44.0,3127.8888888888887,1584.7777777777778,2021-06-13 15:40:07
1067993,65.27950744628906,19.228046035766603,0.0,22.899999618530277,43.0,3047.7,1547.7,2021-06-13 15:50:06
1068045,56.71950035095215,21.933470726013184,11325.0,22.899999618530277,43.0,2076.6,1066.7,2021-06-13 16:00:07
1068097,47.82211388481988,26.236362245347763,4926.555555555556,22.899999618530277,44.0,1371.5555555555557,794.6666666666666,2021-06-13 16:10:06
1068144,42.82791595458984,29.42946510314941,3979.5,23.200000762939453,41.0,999.4,667.0,2021-06-13 16:20:02
1068196,39.647020721435545,31.70778999328613,3608.7,23.200000762939453,41.0,954.8,614.6,2021-06-13 16:30:10
1068248,37.66536979675293,33.06889419555664,3358.1,23.100000381469727,43.0,963.1,610.1,2021-06-13 16:40:05
1068300,36.38594818115234,34.32898426055908,3154.5,23.100000381469727,42.0,936.0,596.125,2021-06-13 16:50:04
1068342,35.47917137145996,35.035783004760745,2973.7,22.799999237060547,41.0,852.7,554.4,2021-06-13 17:00:07
1068394,34.80758361816406,36.32959403991699,2655.0,23.399999618530277,43.0,795.5,549.4,2021-06-13 17:10:07
1068446,34.42240354749892,37.53634643554688,2527.6666666666665,23.600000381469727,42.0,888.2222222222222,604.6666666666666,2021-06-13 17:20:05
1068493,34.10395202636719,37.84649429321289,2414.5,23.600000381469727,42.0,908.4,594.0,2021-06-13 17:30:00
1068545,33.7455940246582,37.81185607910156,2267.5,23.600000381469727,41.0,837.7,574.8,2021-06-13 17:40:05
1068597,33.55012512207031,38.56748352050781,2168.9,23.200000762939453,40.0,838.9,583.4,2021-06-13 17:50:05
1074100,63.625238037109376,20.87830963134765,21669.4,25.700000762939453,40.0,2828.9,1518.7,2021-06-14 12:00:09
1074152,62.50129699707031,21.04600601196289,21033.8,25.700000762939453,40.0,2807.6,1522.1,2021-06-14 12:10:06
1074204,61.87961451212565,21.46164470248752,19671.0,25.700000762939453,40.0,3000.333333333333,1702.7777777777778,2021-06-14 12:20:05
1074251,61.82009620666504,21.61409912109375,18552.4,25.700000762939453,40.0,3296.9,2090.4,2021-06-14 12:30:04
1074303,62.11650276184082,21.080796813964845,18767.2,26.399999618530277,37.0,3346.0,1992.1,2021-06-14 12:40:06
1074355,62.2342643737793,20.22125587463379,19161.7,26.899999618530277,36.0,2977.6,1484.2,2021-06-14 12:50:07
1074407,61.743428548177086,19.887591891818577,17266.222222222223,26.899999618530277,36.0,2663.222222222222,1270.111111111111,2021-06-14 13:00:08
1074454,59.98825073242188,20.13260078430176,13393.2,26.700000762939453,33.0,2290.8,1102.8,2021-06-14 13:10:06
1074506,57.00976524353028,21.67193069458008,10648.0,27.100000381469727,33.0,2209.2,1076.6,2021-06-14 13:20:06
1074558,55.444685745239255,22.081636047363283,12707.2,27.100000381469727,33.0,2178.3,1069.7,2021-06-14 13:30:06
1074610,58.72328652275933,21.49063724941677,19938.555555555555,27.799999237060547,34.0,2496.1111111111118,1232.0,2021-06-14 13:40:07
1074657,64.11390914916993,20.02563533782959,0.0,27.600000381469727,33.0,2927.3,1499.1,2021-06-14 13:50:05
1074709,67.5415428161621,18.88548126220703,0.0,27.600000381469727,33.0,3104.1,1672.8,2021-06-14 14:00:08
1074761,67.4543719821506,19.20670043097602,8156.222222222223,27.5,33.0,3624.444444444444,2182.333333333333,2021-06-14 14:10:09
1074808,69.66739196777344,18.28992156982422,3732.9,28.600000381469727,30.0,3573.2,1971.1,2021-06-14 14:20:00
1074860,71.88296339246962,17.689275317721897,0.0,28.600000381469727,30.0,4100.0,2338.333333333333,2021-06-14 14:30:09
1074907,73.15110244750977,17.436178970336915,0.0,27.799999237060547,31.0,4819.6,2653.1,2021-06-14 14:40:06
1074959,73.88986545138889,17.306443320380318,0.0,27.899999618530277,29.0,5905.333333333333,3048.0,2021-06-14 14:50:06
1075006,74.22030258178711,16.91142177581787,0.0,27.899999618530277,29.0,4412.2,2340.6,2021-06-14 15:00:09
1075058,74.01762390136719,16.821545791625976,0.0,28.100000381469727,31.0,4211.0,2230.7,2021-06-14 15:10:08
1075110,73.52174301147461,17.060654640197754,0.0,28.399999618530277,29.0,4916.4,2522.2,2021-06-14 15:20:09
1075162,72.15741305881076,17.34882990519206,0.0,28.399999618530277,29.0,4123.777777777777,2113.4444444444443,2021-06-14 15:30:08
1075209,70.56328659057617,17.540550994873048,0.0,28.200000762939453,29.0,3454.6,1665.3,2021-06-14 15:40:05
1075261,68.59285202026368,17.770656967163085,0.0,28.100000381469727,27.0,2823.0,1325.1,2021-06-14 15:50:07
1075313,60.43912082248264,19.86029518975152,7474.222222222223,28.100000381469727,27.0,1952.4444444444443,931.3333333333334,2021-06-14 16:00:09
1075360,51.01167297363281,23.776150131225585,4015.2,27.899999618530277,31.0,1139.9,620.1,2021-06-14 16:10:04
1075412,45.62642059326172,26.9790189743042,3024.4,27.899999618530277,31.0,862.9,518.9,2021-06-14 16:20:06
1075464,42.44285430908203,29.27153415679932,2608.4,27.899999618530277,31.0,765.6,476.1,2021-06-14 16:30:08
1075516,40.53463745117188,30.91611337661743,2343.5,28.299999237060547,31.0,675.625,426.875,2021-06-14 16:40:07
1075558,39.16983299255371,32.05584850311279,2246.7,27.799999237060547,31.0,665.5,415.1,2021-06-14 16:50:07
1075610,38.18430370754666,33.056127336290146,2141.6666666666665,28.200000762939453,32.0,649.6666666666666,400.55555555555554,2021-06-14 17:00:10
1075657,37.57932578192817,33.85603925916884,2061.555555555556,28.399999618530277,31.0,647.8888888888889,400.77777777777777,2021-06-14 17:10:06
1075704,37.10940742492676,34.634928131103514,1954.0,27.799999237060547,33.0,653.9,414.8,2021-06-14 17:20:06
1075756,36.75825881958008,35.43480606079102,1847.8,27.799999237060547,33.0,667.2,432.3,2021-06-14 17:30:09
1075808,36.46505699157715,35.820553588867185,1757.5,27.899999618530277,33.0,664.4,434.5,2021-06-14 17:40:06
1075860,36.28985299004449,35.96517562866211,1770.888888888889,27.5,34.0,653.2222222222222,424.0,2021-06-14 17:50:06
1081313,50.412984466552736,27.68184928894043,20959.2,19.899999618530277,59.0,1651.3,1053.4,2021-06-15 12:00:07
1081365,51.70210181342231,27.36281734042697,22998.444444444445,20.5,59.0,1868.7777777777776,1152.6666666666667,2021-06-15 12:10:05
1081412,53.5193790435791,26.364538192749023,23125.3,21.200000762939453,53.0,2098.3,1241.4,2021-06-15 12:20:07
1081464,55.18593139648438,25.47005424499512,22724.5,21.200000762939453,53.0,2352.2,1338.1,2021-06-15 12:30:08
1081516,56.33067194620768,23.85307248433431,24643.222222222223,21.100000381469727,53.0,2329.0,1262.111111111111,2021-06-15 12:40:07
1081563,56.92671890258789,23.820859146118163,25247.6,22.200000762939453,51.0,2469.6,1352.1,2021-06-15 12:50:05
1081615,55.16483573913574,23.73037338256836,21947.1,22.200000762939453,51.0,2072.6,1128.1,2021-06-15 13:00:08
1081667,52.55165176391601,25.428396797180177,20195.0,22.5,48.0,1899.1,1083.6,2021-06-15 13:10:08
1081719,51.107211642795136,26.43506834242079,18341.33333333333,21.899999618530277,48.0,1876.3333333333333,1066.111111111111,2021-06-15 13:20:06
1081766,50.34889755249024,26.87464714050293,21414.0,21.899999618530277,48.0,1798.8,1051.4,2021-06-15 13:30:07
1081818,50.90379180908203,26.63797950744629,21805.2,22.899999618530277,47.0,1901.7,1081.2,2021-06-15 13:40:06
1081870,49.290200551350914,27.027627097235783,19368.777777777777,22.299999237060547,47.0,1691.5555555555557,977.7777777777778,2021-06-15 13:50:10
1081917,50.903673807779946,26.57833374871148,12100.555555555557,22.299999237060547,47.0,1783.5555555555557,1049.5555555555557,2021-06-15 14:00:04
1081964,55.04253425598144,25.05226230621338,10657.4,22.899999618530277,47.0,2268.7,1275.9,2021-06-15 14:10:08
1082016,59.537499237060544,23.127641677856445,0.0,23.5,45.0,2594.8,1415.6,2021-06-15 14:20:07
1082068,62.126768324110245,22.032332102457683,0.0,23.5,45.0,2873.333333333333,1566.5555555555557,2021-06-15 14:30:08
1082115,63.55073623657226,21.458304595947265,0.0,23.399999618530277,47.0,3055.6,1727.2,2021-06-15 14:40:06
1082167,65.09391860961914,20.91020107269287,0.0,24.200000762939453,46.0,3215.9,1940.5,2021-06-15 14:50:07
1082219,66.37259080674913,20.460483339097763,0.0,24.200000762939453,46.0,3324.1111111111118,2066.4444444444443,2021-06-15 15:00:09
1082266,65.96551513671875,20.50278491973877,0.0,23.799999237060547,46.0,3300.7,1961.6,2021-06-15 15:10:08
1082318,65.46322631835938,20.635385704040527,0.0,24.100000381469727,44.0,3257.0,1839.7,2021-06-15 15:20:07
1082370,64.27719783782959,20.947012901306152,0.0,24.100000381469727,44.0,3146.625,1609.75,2021-06-15 15:30:06
1082412,62.00621833801269,21.46868133544922,2930.7,24.100000381469727,43.0,2923.5,1435.5,2021-06-15 15:40:04
1082464,58.54894332885742,22.66330966949463,3178.3,24.200000762939453,43.0,2456.1,1223.8,2021-06-15 15:50:08
1082516,53.2689022064209,25.02769527435303,14726.1,24.200000762939453,43.0,1863.9,957.0,2021-06-15 16:00:11
1082568,47.54172939724393,28.090503268771705,9974.0,24.100000381469727,42.0,1354.0,756.6666666666666,2021-06-15 16:10:06
1082615,44.1921875,30.486305046081544,8747.9,24.399999618530277,42.0,1198.7,714.2,2021-06-15 16:20:06
1082667,41.98222312927246,32.18783836364746,7826.3,24.399999618530277,42.0,1113.1,675.2,2021-06-15 16:30:09
1082719,40.3549243927002,33.62294921875,6903.3,24.700000762939453,42.0,1012.5,639.5,2021-06-15 16:40:06
1082771,39.1800397237142,35.029966566297745,6100.222222222223,24.5,42.0,993.5555555555557,639.1111111111111,2021-06-15 16:50:06
1082818,38.26058578491211,35.977568817138675,5464.9,24.5,42.0,912.4,606.0,2021-06-15 17:00:11
1082870,37.531853103637694,36.78645095825196,5127.5,24.899999618530277,42.0,891.3,600.9,2021-06-15 17:10:08
1082922,37.012919108072914,37.31271616617838,4751.666666666667,24.5,41.0,863.7777777777778,599.8888888888889,2021-06-15 17:20:06
1082969,36.67654647827148,37.93209724426269,4649.1,24.5,41.0,826.6,592.4,2021-06-15 17:30:06
1083021,36.35717582702637,38.34103889465332,4143.6,24.299999237060547,43.0,839.7,597.0,2021-06-15 17:40:06
1083073,36.01216926574707,38.53666000366211,3829.8,24.5,43.0,820.1,584.3,2021-06-15 17:50:06
1088571,64.2936222076416,22.22003517150879,24081.2,26.200000762939453,43.0,3278.3,1971.1,2021-06-16 12:00:09
1088623,63.074141608344185,22.69525210062663,23562.11111111111,27.0,43.0,3275.222222222222,1895.111111111111,2021-06-16 12:10:05
1088670,59.128672409057614,23.84435787200928,17957.6,26.700000762939453,46.0,2888.6,1447.8,2021-06-16 12:20:05
1088722,58.64988174438477,24.65674819946289,21917.9,26.700000762939453,46.0,3031.8,1539.2,2021-06-16 12:30:10
1088774,59.76127281188965,24.224918174743653,21791.9,26.899999618530277,45.0,3155.7,1667.7,2021-06-16 12:40:06
1088826,59.2270885043674,24.236243777804905,20746.0,27.600000381469727,44.0,3055.8888888888887,1536.0,2021-06-16 12:50:06
1088873,58.99408798217773,24.625466918945317,22367.0,27.600000381469727,44.0,2986.3,1501.2,2021-06-16 13:00:11
1088925,58.71023101806641,24.979476737976075,19768.1,27.5,44.0,2888.3,1459.0,2021-06-16 13:10:07
1088977,56.41474962234497,25.973525524139404,16793.125,28.200000762939453,43.0,2740.25,1381.375,2021-06-16 13:20:06
1089019,54.19550590515136,27.05668716430664,17552.0,28.200000762939453,43.0,2522.7,1284.6,2021-06-16 13:30:06
1089071,56.25165901184082,26.93354721069336,25116.6,29.0,42.0,2636.3,1391.4,2021-06-16 13:40:06
1089123,58.57457847595215,25.59105815887451,9544.6,27.700000762939453,46.0,2890.2,1521.7,2021-06-16 13:50:07
1089175,60.3073844909668,25.23350567287869,9610.555555555557,27.700000762939453,46.0,3022.777777777778,1703.111111111111,2021-06-16 14:00:08
1089222,58.810368347167966,25.29243907928467,8097.6,27.700000762939453,46.0,2715.6,1463.0,2021-06-16 14:10:07
1089274,60.78427581787109,24.694895935058597,10067.4,29.299999237060547,44.0,3043.1,1646.3,2021-06-16 14:20:10
1089326,60.45662604437934,24.766918394300674,6176.222222222223,29.299999237060547,44.0,3071.8888888888887,1785.0,2021-06-16 14:30:06
1089373,63.06206512451172,23.81857032775879,2954.3,29.399999618530277,43.0,3468.9,2184.8,2021-06-16 14:40:06
1089425,58.514495849609375,25.16273765563965,8121.7,28.799999237060547,46.0,2861.4,1438.8,2021-06-16 14:50:08
1089477,62.82120246887207,24.002746772766116,1641.8,28.899999618530277,45.0,3224.6,1958.3,2021-06-16 15:00:11
1089529,66.51708560519748,22.495358573065865,0.0,28.899999618530277,45.0,3987.222222222222,2557.8888888888887,2021-06-16 15:10:07
1089576,64.71873817443847,22.757457733154297,7728.1,29.399999618530277,41.0,3399.9,1935.3,2021-06-16 15:20:06
1089628,65.70061798095703,22.3790340423584,1463.7,29.399999618530277,41.0,3509.1,2155.2,2021-06-16 15:30:08
1089680,66.16133795844183,22.263591130574543,0.0,29.899999618530277,41.0,3678.6666666666665,2294.777777777778,2021-06-16 15:40:07
1089727,65.56630096435546,22.252841758728028,0.0,29.5,41.0,3365.8,1928.6,2021-06-16 15:50:06
1089779,60.42137756347656,23.3476770401001,12735.5,29.5,41.0,2431.8,1192.3,2021-06-16 16:00:09
1089831,52.98059548272027,27.08713722229004,8252.111111111111,29.399999618530277,40.0,1821.111111111111,948.3333333333334,2021-06-16 16:10:06
1089878,48.72774085998535,29.945067405700684,6547.6,30.0,36.0,1622.2,870.6,2021-06-16 16:20:02
1089930,45.89318656921387,32.589608383178714,6026.9,30.0,36.0,1558.7,865.7,2021-06-16 16:30:08
1089982,44.4245059967041,34.008545303344725,7276.9,30.100000381469727,39.0,1554.3,866.3,2021-06-16 16:40:07
1090034,43.575697580973305,35.37075169881185,6249.555555555556,30.799999237060547,34.0,1553.6666666666667,879.6666666666666,2021-06-16 16:50:06
1090081,42.98525873819987,36.4622802734375,6229.111111111111,30.799999237060547,34.0,1529.0,891.3333333333334,2021-06-16 17:00:08
1090128,42.65087381998698,36.64674504597982,5922.888888888889,30.799999237060547,35.0,1616.2222222222222,906.6666666666666,2021-06-16 17:10:05
1090175,41.99753273857964,37.54109319051107,4987.222222222223,30.200000762939453,31.0,1514.111111111111,876.7777777777778,2021-06-16 17:20:06
1090222,41.28980712890625,38.000304794311525,4299.5,30.200000762939453,31.0,1393.5,820.7,2021-06-16 17:30:07
1090274,40.71942481994629,38.84260292053223,3819.4,30.299999237060547,32.0,1246.0,781.0,2021-06-16 17:40:08
1090326,40.20859069824219,39.060197067260745,3527.4,30.899999618530277,32.0,1094.6,728.4,2021-06-16 17:50:07
1095759,48.237794664171005,37.774386935763886,21427.0,28.200000762939453,50.0,1869.0,1291.7777777777778,2021-06-17 12:00:11
1095806,52.05016365051269,34.80567626953125,20924.3,29.200000762939453,49.0,2152.7,1425.8,2021-06-17 12:10:06
1095858,56.66769714355469,31.17067222595215,21266.1,29.299999237060547,47.0,2632.4,1743.4,2021-06-17 12:20:07
1095910,59.25853941175673,28.856336381700302,20278.0,29.299999237060547,47.0,2889.555555555556,1961.2222222222224,2021-06-17 12:30:07
1095957,58.97245712280274,27.535057640075685,19754.3,29.399999618530277,47.0,2533.4,1491.8,2021-06-17 12:40:04
1096009,58.12836608886719,28.496681022644044,19551.9,29.700000762939453,45.0,2590.9,1521.7,2021-06-17 12:50:08
1096061,59.53162460327148,27.2001220703125,19738.0,29.700000762939453,45.0,2592.7,1492.4,2021-06-17 13:00:10
1096113,59.66383488972982,26.867068184746635,18881.11111111111,29.299999237060547,46.0,2592.777777777778,1490.4444444444443,2021-06-17 13:10:07
1096160,58.094720458984376,27.295490646362303,17772.7,29.299999237060547,46.0,2366.8,1378.5,2021-06-17 13:20:07
1096212,55.97715034484863,28.349126243591307,16304.7,29.299999237060547,46.0,2132.1,1257.1,2021-06-17 13:30:08
1096264,57.43835372924805,28.07553195953369,18574.0,29.5,45.0,2335.3,1356.2,2021-06-17 13:40:06
1096316,58.600747426350914,27.24566162957085,8129.333333333333,29.899999618530277,44.0,2296.0,1371.111111111111,2021-06-17 13:50:07
1096363,60.73193778991699,26.64118385314941,4952.2,29.899999618530277,44.0,2540.4,1566.8,2021-06-17 14:00:09
1096415,62.984626388549806,25.46517143249512,7264.0,30.700000762939453,43.0,2685.0,1729.8,2021-06-17 14:10:08
1096467,65.90736134847005,23.899527655707463,0.0,30.600000381469727,44.0,2804.8888888888887,1780.3333333333333,2021-06-17 14:20:10
1096514,65.25761070251465,23.96643009185791,7361.4,30.600000381469727,44.0,2995.6,1976.2,2021-06-17 14:30:02
1096566,61.45212440490722,25.12626838684082,10456.5,30.100000381469727,45.0,2523.5,1422.3,2021-06-17 14:40:07
1096618,64.76653671264648,23.97528018951416,1442.7,30.399999618530277,45.0,2863.3,1757.1,2021-06-17 14:50:08
1096670,63.68891143798828,24.241160498725044,2528.8888888888887,30.399999618530277,45.0,2686.8888888888887,1581.6666666666667,2021-06-17 15:00:10
1096717,65.45494766235352,23.52559700012207,0.0,29.799999237060547,45.0,2765.2,1704.9,2021-06-17 15:10:10
1096769,62.53387603759766,24.950942039489743,13974.7,30.299999237060547,42.0,2770.4,1618.8,2021-06-17 15:20:07
1096821,59.69795693291558,26.22059461805556,13714.666666666666,30.0,44.0,2383.777777777778,1361.4444444444443,2021-06-17 15:30:08
1096868,59.29102783203125,26.556496238708498,10672.8,29.100000381469727,47.0,2279.3,1323.8,2021-06-17 15:40:06
1096920,61.07133674621582,25.661859893798827,1897.0,29.399999618530277,46.0,2332.1,1362.0,2021-06-17 15:50:06
1096972,55.710116958618165,28.215610122680665,12919.9,29.399999618530277,46.0,1825.1,1115.6,2021-06-17 16:00:09
1097024,50.2782219780816,32.147198571099175,9615.0,30.0,45.0,1455.6666666666667,971.1111111111112,2021-06-17 16:10:07
1097071,47.59765815734863,34.60059509277344,8422.2,29.399999618530277,47.0,1243.4,889.0,2021-06-17 16:20:05
1097123,44.98500785827637,37.2185848236084,5334.1,29.399999618530277,47.0,1109.0,843.3,2021-06-17 16:30:09
1097175,43.04311498006185,39.3762452867296,4245.444444444444,29.600000381469727,46.0,1008.2222222222222,801.0,2021-06-17 16:40:07
1097222,41.71329159206815,40.92622205946181,4064.222222222222,29.5,46.0,985.7777777777778,799.5555555555555,2021-06-17 16:50:00
1097269,41.01956977844238,42.13595771789551,4908.3,29.899999618530277,47.0,1137.4,863.2,2021-06-17 17:00:10
1097321,40.7330436706543,42.57358665466309,4606.2,30.700000762939453,44.0,1072.5,854.6,2021-06-17 17:10:06
1097373,40.74069849650065,42.91684722900391,5657.111111111111,28.899999618530277,48.0,1111.888888888889,883.6666666666666,2021-06-17 17:20:07
1097420,40.413404846191405,43.05272026062012,4272.7,28.899999618530277,48.0,942.5,812.7,2021-06-17 17:30:07
1097472,39.75089645385742,44.20004539489746,3468.7,29.899999618530277,46.0,885.8,785.7,2021-06-17 17:40:06
1097524,39.12188508775499,44.94205813937717,3102.1111111111118,29.600000381469727,47.0,798.6666666666666,755.0,2021-06-17 17:50:06
1102932,61.356527709960936,28.273594093322757,24400.0,25.700000762939453,70.0,2801.9,1987.2,2021-06-18 12:00:11
1102984,60.7379010518392,28.54691717359755,24186.88888888889,25.899999618530277,69.0,2788.555555555556,1897.2222222222224,2021-06-18 12:10:06
1103031,60.2024112701416,29.08613739013672,21392.1,26.600000381469727,67.0,2877.7,2011.6,2021-06-18 12:20:03
1103083,59.89452209472656,29.033341217041016,20268.2,26.600000381469727,67.0,2904.7,1997.1,2021-06-18 12:30:09
1103135,59.71101167466905,29.175419489542644,21064.88888888889,27.299999237060547,62.0,2937.4444444444443,2043.555555555556,2021-06-18 12:40:06
1103182,59.92790174484253,29.273861169815063,20929.75,27.299999237060547,64.0,3015.875,2162.0,2021-06-18 12:50:06
1103224,59.65579452514648,29.246814727783203,19382.7,27.299999237060547,64.0,2896.5,1938.6,2021-06-18 13:00:08
1103276,58.71904335021973,30.02960243225097,17091.9,28.5,59.0,2748.5,1717.7,2021-06-18 13:10:06
1103328,57.16055001152886,30.716919793023003,17358.777777777777,28.5,61.0,2656.777777777778,1580.6666666666667,2021-06-18 13:20:07
1103375,55.43881111145019,31.59212646484375,17592.5,28.5,61.0,2518.9,1470.0,2021-06-18 13:30:11
1103427,57.03237448798286,31.392216152615017,22018.777777777777,28.700000762939453,58.0,2683.4444444444443,1659.6666666666667,2021-06-18 13:40:07
1103474,60.94025209214952,28.928731706407333,30362.11111111111,29.100000381469727,53.0,2965.555555555556,2165.777777777778,2021-06-18 13:50:08
1103521,63.68291778564453,27.366140174865723,27651.8,29.100000381469727,53.0,3217.1,2542.1,2021-06-18 14:00:02
1103573,64.03860511779786,26.84443416595459,30202.0,29.600000381469727,53.0,3340.7,2647.1,2021-06-18 14:10:09
1103625,62.514648818969725,27.111467170715333,13175.4,29.600000381469727,50.0,3164.7,2175.0,2021-06-18 14:20:11
1103677,64.014097849528,26.23856650458442,0.0,29.600000381469727,50.0,3116.222222222222,2221.555555555556,2021-06-18 14:30:09
1103724,65.90516586303711,25.11528205871582,0.0,30.5,49.0,3324.4,2550.0,2021-06-18 14:40:05
1103776,66.54853651258681,24.743860456678604,0.0,30.5,47.0,3433.333333333333,2664.555555555556,2021-06-18 14:50:07
1103823,67.1821159362793,24.361944007873536,0.0,30.5,47.0,3445.3,2618.0,2021-06-18 15:00:13
1103875,67.61874474419488,24.208438237508137,26751.666666666668,30.200000762939453,49.0,3663.444444444444,2766.333333333333,2021-06-18 15:10:09
1103922,66.0079734802246,25.11726531982422,26825.9,30.399999618530277,47.0,3673.9,2712.7,2021-06-18 15:20:06
1103974,66.19516448974609,24.995651245117188,26990.5,30.399999618530277,47.0,3533.7,2604.4,2021-06-18 15:30:08
1104026,64.89471244812012,25.385671377182007,24103.5,30.600000381469727,48.0,3339.75,2290.25,2021-06-18 15:40:07
1104068,61.585107421875,26.85526828765869,18668.3,31.200000762939453,44.0,2987.7,1714.7,2021-06-18 15:50:07
1104120,54.41767768859863,30.436713027954102,7353.7,31.200000762939453,44.0,2087.3,1161.3,2021-06-18 16:00:11
1104172,50.07679100036621,33.522850036621094,7954.9,31.5,46.0,1714.2,1011.2,2021-06-18 16:10:06
1104224,48.45830383300781,35.41771545410156,9498.4,31.700000762939453,45.0,1657.4,1016.8,2021-06-18 16:20:07
1104251,46.27210655212402,37.15129280090332,5520.7,31.700000762939453,45.0,1376.3,896.9,2021-06-18 16:30:07
1104303,44.304400549994575,38.50292078653971,5588.333333333333,31.399999618530277,43.0,1279.7777777777778,846.1111111111111,2021-06-18 16:40:06
1104350,43.30910987854004,40.12954940795898,5775.6,32.29999923706055,39.0,1292.3,876.0,2021-06-18 16:50:04
1104402,42.6244369506836,40.93751411437988,4901.1,32.29999923706055,39.0,1292.9,880.4,2021-06-18 17:00:08
1104454,41.88021659851074,41.75433006286621,3982.2,31.399999618530277,39.0,1358.9,891.4,2021-06-18 17:10:07
1104506,41.1548957824707,42.42041990492079,2494.777777777778,31.700000762939453,36.0,1246.7777777777778,840.8888888888889,2021-06-18 17:20:05
1104553,40.39791717529297,42.3869686126709,1455.4,31.899999618530277,38.0,1129.4,776.6,2021-06-18 17:30:08
1104605,39.718051528930665,43.33302841186524,1560.1,32.099998474121094,37.0,1064.2,765.0,2021-06-18 17:40:07
1104657,40.13512759738498,43.07147216796875,5709.888888888889,32.20000076293945,36.0,970.6666666666666,754.1111111111111,2021-06-18 17:50:15
1110120,30.39762454562717,54.924849616156685,3840.777777777778,18.0,79.0,536.1111111111111,520.5555555555555,2021-06-19 12:00:07
1110167,30.116943359375,54.99266688028971,2670.6666666666665,18.200000762939453,79.0,523.3333333333334,486.77777777777777,2021-06-19 12:10:07
1110214,29.73743057250977,55.23964309692383,2403.1,18.299999237060547,80.0,525.0,482.1,2021-06-19 12:20:05
1110266,29.45677884419759,55.87650341457791,1998.7777777777776,18.299999237060547,80.0,534.2222222222222,495.3333333333333,2021-06-19 12:30:06
1110313,29.29175224304199,56.08743400573731,2219.2,17.899999618530273,81.0,528.6,491.6,2021-06-19 12:40:03
1110365,29.253566932678225,56.07522697448731,2526.3,18.0,81.0,532.9,492.8,2021-06-19 12:50:06
1110417,29.37310854593913,55.83903461032443,2427.333333333333,18.0,81.0,530.6666666666666,487.1111111111111,2021-06-19 13:00:09
1110464,29.8172730339898,55.72577836778429,5682.444444444444,18.200000762939453,81.0,539.2222222222222,525.7777777777778,2021-06-19 13:10:08
1110511,30.989213705062863,55.6645302772522,5775.75,18.299999237060547,80.0,580.25,616.375,2021-06-19 13:20:06
1110553,31.399109363555908,54.930190563201904,4688.875,18.299999237060547,80.0,580.125,599.75,2021-06-19 13:30:10
1110595,32.21736526489258,54.02761878967285,6969.9,19.0,77.0,589.3,623.5,2021-06-19 13:40:07
1110647,33.5194936479841,52.514796120779856,9059.285714285714,19.0,78.0,612.4285714285714,672.4285714285714,2021-06-19 13:50:09
1110684,34.26604122585721,50.97615347968208,7185.111111111111,19.0,78.0,607.8888888888889,663.1111111111111,2021-06-19 14:00:01
1110731,34.16296615600586,48.95384178161621,6080.6,20.299999237060547,74.0,583.8,590.5,2021-06-19 14:10:08
1110783,33.76431571112739,48.774275885687935,5285.0,20.299999237060547,73.0,565.4444444444445,556.2222222222222,2021-06-19 14:20:08
1110830,33.36050287882487,48.975864834255646,6141.111111111111,20.299999237060547,73.0,545.4444444444445,527.5555555555555,2021-06-19 14:30:08
1110877,34.37552388509115,48.06252797444662,12180.333333333334,21.0,70.0,569.2222222222222,586.6666666666666,2021-06-19 14:40:06
1110924,34.98910649617513,47.174452463785805,7784.777777777777,21.399999618530277,70.0,571.8888888888889,591.0,2021-06-19 14:50:06
1110971,35.404135131835936,46.635385513305664,9573.1,20.700000762939453,71.0,582.5,610.1,2021-06-19 15:00:00
1111023,35.149326748318146,46.51034630669488,7710.0,20.399999618530277,72.0,560.4444444444445,569.0,2021-06-19 15:10:06
1111070,34.99076805114746,46.70847702026367,9911.0,20.799999237060547,71.0,561.6,576.1,2021-06-19 15:20:07
1111122,35.37823247909546,46.15377235412598,7532.75,20.799999237060547,71.0,566.625,582.125,2021-06-19 15:30:08
1111164,34.29888648986817,47.21812744140625,5448.5,20.100000381469727,73.0,552.6,550.5,2021-06-19 15:40:07
1111216,33.74238967895508,47.80544738769531,6290.3,20.399999618530277,73.0,549.2,542.3,2021-06-19 15:50:06
1111268,33.76001319885254,47.985503387451175,6701.8,20.399999618530277,73.0,545.6,544.5,2021-06-19 16:00:10
1111320,33.21422831217448,48.68696085611979,4215.333333333333,20.100000381469727,73.0,549.4444444444445,535.4444444444445,2021-06-19 16:10:06
1111367,33.2574577331543,48.60242614746094,7631.7,20.799999237060547,71.0,557.2,553.5,2021-06-19 16:20:07
1111419,34.19581146240235,48.21042175292969,8503.9,20.799999237060547,71.0,622.8,672.2,2021-06-19 16:30:06
1111471,34.42596435546875,47.79108683268229,7087.888888888889,20.600000381469727,70.0,626.6666666666666,681.1111111111111,2021-06-19 16:40:05
1111518,34.48847999572754,47.49996147155762,6025.3,20.600000381469727,71.0,620.2,666.2,2021-06-19 16:50:02
1111570,33.89620018005371,47.75188789367676,5031.1,20.600000381469727,71.0,603.5,633.5,2021-06-19 17:00:10
1111622,33.74452590942383,48.10528717041016,5711.2,20.299999237060547,74.0,612.6,650.7,2021-06-19 17:10:07
1111674,33.67026053534614,48.031840006510414,5845.888888888889,19.5,78.0,607.5555555555555,646.2222222222222,2021-06-19 17:20:05
1111721,33.94613609313965,48.008696746826175,6315.8,19.5,78.0,624.9,668.3,2021-06-19 17:30:02
1111773,33.76054801940918,47.87670783996582,4867.5,19.5,78.0,618.8,659.4,2021-06-19 17:40:06
1111825,33.503513760036896,47.97877332899306,5114.555555555556,19.600000381469727,78.0,627.7777777777778,653.8888888888889,2021-06-19 17:50:04
1117213,58.52864837646485,27.237926483154297,23602.0,20.899999618530277,73.0,1920.75,1354.5,2021-06-20 12:00:10
1117255,54.59418640136719,28.94544906616211,14935.3,21.200000762939453,71.0,1654.6,1190.2,2021-06-20 12:10:02
1117307,51.643206405639646,30.27145824432373,13756.0,21.0,72.0,1447.5,1088.3,2021-06-20 12:20:05
1117359,46.290234883626304,33.33672417534722,8495.111111111111,21.0,72.0,1033.6666666666667,889.5555555555555,2021-06-20 12:30:08
1117406,46.289344787597656,34.38434092203776,18205.222222222223,21.600000381469727,65.0,1164.4444444444443,982.5555555555557,2021-06-20 12:40:05
1117453,44.61516761779785,35.50789604187012,7597.6,22.5,64.0,1019.1,891.2,2021-06-20 12:50:06
1117505,42.15045394897461,37.48821220397949,5038.4,22.5,64.0,820.4,802.8,2021-06-20 13:00:08
1117557,39.7168493270874,39.62081289291382,5260.375,22.0,65.0,692.625,737.25,2021-06-20 13:10:07
1117599,41.10315093994141,39.51750946044922,12241.5,22.100000381469727,63.0,865.8,839.3,2021-06-20 13:20:02
1117651,42.231632232666016,37.996338272094725,14115.1,22.100000381469727,63.0,880.9,836.3,2021-06-20 13:30:08
1117703,43.12025790744357,36.93039406670464,9469.888888888889,22.299999237060547,62.0,929.3333333333334,843.6666666666666,2021-06-20 13:40:06
1117750,41.86728032430013,37.69198777940538,10033.222222222224,22.0,63.0,832.3333333333334,803.5555555555555,2021-06-20 13:50:07
1117797,43.3761344909668,37.00572280883789,10950.8,22.0,63.0,1098.2,967.4,2021-06-20 14:00:11
1117849,48.74563217163086,32.88654899597168,5975.7,22.799999237060547,60.0,1730.3,1291.9,2021-06-20 14:10:08
1117901,46.9865976969401,32.996108796861435,12806.333333333334,23.0,55.0,1874.2222222222224,1309.2222222222222,2021-06-20 14:20:09
1117948,46.46891021728516,33.91958465576172,18468.3,23.0,55.0,1894.9,1329.2,2021-06-20 14:30:03
1118000,43.96868057250977,35.581139755249026,9585.5,23.399999618530277,57.0,2165.4,1424.1,2021-06-20 14:40:08
1118052,46.07957601547241,34.22064542770386,8799.375,24.600000381469727,54.0,1924.875,1347.375,2021-06-20 14:50:06
1118094,51.85786989000108,30.73590850830078,5320.444444444444,24.600000381469727,54.0,1681.3333333333333,1279.6666666666667,2021-06-20 15:00:10
1118141,52.088082504272464,29.575341415405276,10936.4,23.600000381469727,53.0,1571.8,1209.1,2021-06-20 15:10:08
1118193,57.98022985458374,26.45895338058472,0.0,23.899999618530277,55.0,1698.625,1290.0,2021-06-20 15:20:07
1118235,58.2156867980957,26.18280296325684,3381.7,23.899999618530277,55.0,1630.9,1235.8,2021-06-20 15:30:10
1118287,59.87390179104276,25.355916765001083,0.0,23.700000762939453,56.0,1998.0,1388.888888888889,2021-06-20 15:40:06
1118334,57.450726403130425,25.97509384155273,1005.5555555555557,23.5,54.0,1675.2222222222222,1206.4444444444443,2021-06-20 15:50:06
1118381,53.40882759094238,28.28412284851074,11791.3,23.5,54.0,1168.7,992.4,2021-06-20 16:00:11
1118433,46.26086129082574,33.30451096428765,7542.555555555556,24.5,51.0,867.5555555555555,848.1111111111111,2021-06-20 16:10:06
1118480,42.19344596862793,37.099259567260745,5541.4,23.700000762939453,56.0,742.5,779.9,2021-06-20 16:20:06
1118532,39.77860069274902,40.027084827423096,5227.875,23.700000762939453,54.0,649.0,697.75,2021-06-20 16:30:10
1118574,38.26245460510254,42.00381507873535,6210.5,23.700000762939453,54.0,669.1,723.4,2021-06-20 16:40:06
1118626,37.99942703247071,42.29556732177734,6819.9,23.5,55.0,738.5,788.6,2021-06-20 16:50:06
1118678,37.61225933498807,42.54673088921441,6456.222222222223,23.600000381469727,56.0,681.3333333333334,743.4444444444445,2021-06-20 17:00:10
1118725,37.31368751525879,42.73899536132812,6312.4,23.799999237060547,58.0,717.6,769.6,2021-06-20 17:10:06
1118777,36.79323997497559,43.39192848205566,5451.7,23.399999618530277,62.0,687.1,754.8,2021-06-20 17:20:05
1118829,36.32119274139404,44.138628005981445,5262.75,23.399999618530277,62.0,678.625,733.625,2021-06-20 17:30:07
1118871,36.55985412597656,44.08682403564453,6977.6,24.100000381469727,61.0,891.4,849.4,2021-06-20 17:40:04
1118923,36.78068923950195,44.05294799804688,6158.9,22.600000381469727,65.0,760.2,796.1,2021-06-20 17:50:07
1123961,28.70938385857476,54.59559292263455,5085.777777777777,14.600000381469728,95.0,558.1111111111111,548.6666666666666,2021-06-21 12:00:09
1124008,28.53631649017334,54.67154998779297,3604.0,14.5,94.0,555.9,543.3,2021-06-21 12:10:04
1124060,27.85351333618164,55.57762985229492,2357.3,14.800000190734863,93.0,535.5,514.4,2021-06-21 12:20:07
1124112,27.99530792236328,55.53948287963867,4657.0,14.800000190734863,93.0,552.2,543.5,2021-06-21 12:30:07
1124164,28.700779173109268,54.97842576768663,6587.333333333333,14.899999618530272,92.0,570.1111111111111,588.1111111111111,2021-06-21 12:40:07
1124211,29.3504997253418,54.18631286621094,6516.0,14.800000190734863,93.0,572.8,601.0,2021-06-21 12:50:06
1124263,29.515258979797363,53.80483703613281,5215.1,14.800000190734863,93.0,569.6,591.3,2021-06-21 13:00:07
1124315,30.04662471347385,53.24160936143663,8619.888888888889,15.199999809265137,92.0,589.0,626.4444444444445,2021-06-21 13:10:06
1124362,30.595140266418458,52.21515274047852,7714.5,15.5,91.0,593.1,619.6,2021-06-21 13:20:04
1124414,30.715838623046874,52.041352081298825,7113.3,15.5,91.0,598.7,631.5,2021-06-21 13:30:08
1124466,30.93940459357368,51.61872778998481,7765.555555555556,15.5,90.0,607.4444444444445,646.2222222222222,2021-06-21 13:40:08
1124513,31.135525385538735,51.42731179131402,6145.0,15.699999809265137,88.0,606.3333333333334,643.6666666666666,2021-06-21 13:50:00
1124560,30.4808500289917,51.75738220214844,4442.2,15.699999809265137,88.0,591.3,609.3,2021-06-21 14:00:09
1124612,29.973635779486763,51.979179806179474,4650.222222222223,15.600000381469728,87.0,575.3333333333334,571.1111111111111,2021-06-21 14:10:07
1124659,29.740100860595703,52.28274955749512,5333.7,15.899999618530272,86.0,571.1,573.3,2021-06-21 14:20:09
1124711,30.331044960021973,51.89593315124512,7595.7,15.899999618530272,86.0,595.4,620.5,2021-06-21 14:30:07
1124763,31.243821885850693,51.00972239176432,8209.444444444445,16.200000762939453,84.0,612.2222222222222,653.5555555555555,2021-06-21 14:40:08
1124810,31.13018459743924,51.014809926350914,5545.222222222223,16.899999618530273,82.0,609.8888888888889,646.6666666666666,2021-06-21 14:50:06
1124857,30.43500921461317,51.41985193888346,4393.888888888889,16.899999618530273,82.0,596.8888888888889,604.6666666666666,2021-06-21 15:00:10
1124904,30.079558902316624,51.96120834350586,4235.333333333333,16.899999618530273,81.0,585.5555555555555,587.4444444444445,2021-06-21 15:10:06
1124951,29.935034370422365,52.30548477172852,4602.7,16.600000381469727,80.0,585.8,593.5,2021-06-21 15:20:08
1125003,29.97689946492513,52.48984866672092,4769.333333333333,16.600000381469727,80.0,586.1111111111111,603.5555555555555,2021-06-21 15:30:08
1125050,29.862965689765083,52.65922376844618,3939.1111111111113,16.899999618530273,82.0,591.5555555555555,605.1111111111111,2021-06-21 15:40:07
1125097,29.40663613213433,52.85335244072808,2779.6666666666665,16.700000762939453,79.0,581.8888888888889,573.0,2021-06-21 15:50:03
1125144,28.91796578301324,53.309597439236114,2471.0,16.700000762939453,79.0,560.7777777777778,545.5555555555555,2021-06-21 16:00:08
1125191,28.40704282124837,53.7088754442003,2158.0,16.799999237060547,79.0,551.2222222222222,515.8888888888889,2021-06-21 16:10:05
1125238,27.81693000793457,54.51544990539551,1411.9,16.700000762939453,80.0,545.1,506.6,2021-06-21 16:20:05
1125290,27.42091979980469,55.28679313659668,1701.4,16.700000762939453,80.0,545.0,502.5,2021-06-21 16:30:07
1125342,27.10315113067627,55.6719310760498,1409.0,17.0,80.0,540.2,487.4,2021-06-21 16:40:05
1125394,26.86522483825684,56.07309103012085,1607.625,16.899999618530273,79.0,531.75,488.25,2021-06-21 16:50:05
1125436,26.821431732177736,56.16464538574219,1931.9,17.0,79.0,538.8,490.7,2021-06-21 17:00:08
1125488,27.10875854492188,55.79522438049317,3095.1,16.700000762939453,80.0,544.0,511.1,2021-06-21 17:10:06
1125540,27.42258177863227,55.28021536933051,3002.6666666666665,16.600000381469727,79.0,550.5555555555555,516.6666666666666,2021-06-21 17:20:07
1125587,27.75364322662353,54.76005210876465,3955.7,16.600000381469727,79.0,556.8,533.2,2021-06-21 17:30:07
1125639,28.41828784942627,54.37201499938965,4822.6,16.600000381469727,79.0,573.8,575.3,2021-06-21 17:40:08
1125691,29.372514936659076,53.1247935824924,6000.888888888889,16.5,81.0,586.2222222222222,598.5555555555555,2021-06-21 17:50:06
1130959,34.51764594184028,40.15309948391385,4758.333333333333,16.200000762939453,66.0,613.5555555555555,601.3333333333334,2021-06-22 12:00:09
1131006,34.52535968356662,40.12190246582031,11931.111111111111,16.200000762939453,65.0,615.3333333333334,614.8888888888889,2021-06-22 12:10:06
1131053,35.4181391398112,39.64632924397787,10433.888888888889,16.100000381469727,65.0,640.4444444444445,665.6666666666666,2021-06-22 12:20:07
1131100,35.02388000488281,39.08155899047851,10369.9,16.100000381469727,65.0,620.4,609.8,2021-06-22 12:30:07
1131152,35.05859451293945,38.69153823852539,9455.0,16.100000381469727,61.0,617.7,603.0,2021-06-22 12:40:07
1131204,34.73305214775933,38.82437727186415,9549.222222222224,16.0,61.0,617.3333333333334,604.2222222222222,2021-06-22 12:50:07
1131251,34.769842783610024,38.791485680474175,9977.888888888889,16.0,61.0,614.7777777777778,602.5555555555555,2021-06-22 13:00:11
1131298,34.50423393249512,38.72297248840332,8941.0,16.5,61.0,614.7,594.7,2021-06-22 13:10:07
1131350,33.685095893012154,39.04885398017036,6629.333333333333,16.899999618530273,60.0,596.5555555555555,545.3333333333334,2021-06-22 13:20:05
1131397,33.22835083007813,39.183489608764646,7656.7,16.899999618530273,60.0,587.2,525.5,2021-06-22 13:30:09
1131449,32.35969295501709,39.83718605041504,4873.3,17.200000762939453,58.0,574.8,504.3,2021-06-22 13:40:06
1131501,31.51640338897705,41.42626113891602,3781.3,17.399999618530273,56.0,568.5,505.8,2021-06-22 13:50:07
1131553,30.9020201365153,42.08251741197374,4259.888888888889,17.399999618530273,56.0,559.0,489.6666666666667,2021-06-22 14:00:10
1131600,31.50198402404785,42.031281280517575,8234.9,18.200000762939453,56.0,578.4,536.3,2021-06-22 14:10:09
1131652,33.24971351623535,41.23720169067383,12500.7,18.399999618530277,55.0,614.4,615.7,2021-06-22 14:20:11
1131704,35.082271575927734,39.43321228027344,14439.777777777776,18.399999618530277,55.0,652.8888888888889,675.8888888888889,2021-06-22 14:30:10
1131751,35.68732309341431,38.46036434173584,11387.5,18.600000381469727,51.0,656.75,667.25,2021-06-22 14:40:07
1131793,36.25143051147461,38.15716743469238,12850.3,18.399999618530277,51.0,665.0,683.9,2021-06-22 14:50:08
1131845,38.389325035942925,36.636402977837456,16802.666666666668,18.399999618530277,51.0,722.1111111111111,763.3333333333334,2021-06-22 15:00:11
1131892,38.154039764404295,36.481574630737306,10367.3,18.700000762939453,53.0,693.2,720.5,2021-06-22 15:10:07
1131944,36.99164543151856,37.04631156921387,10639.9,19.200000762939453,51.0,658.2,667.7,2021-06-22 15:20:08
1131996,36.15129258897569,38.00106726752387,7336.111111111111,19.200000762939453,51.0,657.4444444444445,652.1111111111111,2021-06-22 15:30:12
1132043,35.97959098815918,37.97558517456055,10439.8,18.899999618530277,53.0,651.4,642.3,2021-06-22 15:40:04
1132095,36.08480224609375,38.25345153808594,10527.2,18.600000381469727,53.0,654.7,653.8,2021-06-22 15:50:05
1132147,36.136338806152345,37.85961685180664,10338.6,18.600000381469727,53.0,657.5,651.8,2021-06-22 16:00:08
1132199,36.03409576416016,38.14653778076172,9452.777777777776,18.5,55.0,663.4444444444445,664.6666666666666,2021-06-22 16:10:06
1132246,35.25406265258789,38.45212478637696,6746.7,18.299999237060547,55.0,638.9,607.3,2021-06-22 16:20:06
1132298,34.01182594299316,39.36659812927246,4755.7,18.299999237060547,55.0,614.4,569.1,2021-06-22 16:30:06
1132350,33.02700843811035,40.08697624206543,5293.7,18.399999618530277,55.0,598.8,536.1,2021-06-22 16:40:06
1132402,32.57639026641846,40.637826919555664,5814.875,18.399999618530277,58.0,597.25,533.75,2021-06-22 16:50:05
1132444,32.28091888427734,41.405813980102536,5267.9,17.899999618530273,59.0,599.3,545.0,2021-06-22 17:00:08
1132496,31.752371470133465,41.93280919392904,4441.333333333333,17.5,63.0,584.6666666666666,519.2222222222222,2021-06-22 17:10:08
1132543,31.23551474677192,42.56588872273763,3951.777777777778,17.399999618530273,64.0,578.5555555555555,509.3333333333333,2021-06-22 17:20:07
1132590,30.84401473999024,42.97917137145996,4044.4,17.399999618530273,64.0,569.8,497.1,2021-06-22 17:30:08
1132642,30.5075532913208,43.30724029541015,3636.7,16.700000762939453,69.0,572.4,495.2,2021-06-22 17:40:07
1132694,30.054932488335503,43.75287161933051,2718.777777777778,16.700000762939453,69.0,561.5555555555555,475.3333333333333,2021-06-22 17:50:06
1138162,34.98729705810547,37.84542617797852,7092.3,15.699999809265137,64.0,634.4,601.9,2021-06-23 12:00:11
1138214,34.205513424343536,38.89694256252713,6672.444444444444,16.0,65.0,626.4444444444445,597.5555555555555,2021-06-23 12:10:08
1138261,33.020332717895506,39.975737762451175,3744.0,16.200000762939453,63.0,607.1,553.8,2021-06-23 12:20:02
1138313,31.97222843170166,40.99855003356934,4443.3,16.200000762939453,63.0,593.7,536.4,2021-06-23 12:30:07
1138365,32.07156486511231,41.478447341918944,6940.2,16.799999237060547,62.0,606.9,555.9,2021-06-23 12:40:07
1138417,32.76531643337674,41.174944983588325,9303.444444444443,16.799999237060547,63.0,623.5555555555555,596.8888888888889,2021-06-23 12:50:06
1138464,35.13977203369141,39.468070602416994,15856.6,16.799999237060547,63.0,672.0,694.4,2021-06-23 13:00:07
1138516,37.93453865051269,37.33913192749024,16886.9,16.5,65.0,803.2,787.8,2021-06-23 13:10:07
1138568,38.20243978500366,36.62413215637207,10898.375,16.399999618530273,64.0,782.375,754.0,2021-06-23 13:20:06
1138610,37.67516199747721,36.23509089152018,11686.777777777776,16.399999618530273,65.0,695.8888888888889,703.0,2021-06-23 13:30:11
1138657,36.82875556945801,36.895246505737305,8149.4,16.5,66.0,679.9,678.6,2021-06-23 13:40:08
1138709,36.46972942352295,37.2997260093689,11374.0,16.600000381469727,65.0,670.0,666.875,2021-06-23 13:50:07
1138751,37.28137626647949,36.889753341674805,14699.5,17.0,64.0,705.9,711.8,2021-06-23 14:00:16
1138803,37.95702785915799,36.32664447360568,12271.0,17.399999618530273,62.0,733.5555555555555,727.2222222222222,2021-06-23 14:10:08
1138850,38.16709476047092,36.14980951944987,15361.666666666666,17.700000762939453,62.0,725.6666666666666,723.6666666666666,2021-06-23 14:20:09
1138897,38.66781120300293,35.90157966613769,14714.1,17.700000762939453,62.0,764.9,742.3,2021-06-23 14:30:05
1138949,39.13057861328125,35.6017391204834,15922.5,17.399999618530273,62.0,811.3,764.8,2021-06-23 14:40:07
1139001,39.15407791137695,35.468986129760744,12987.8,17.399999618530273,63.0,814.9,756.3,2021-06-23 14:50:06
1139053,38.69997363620334,35.4104258219401,11352.333333333334,17.399999618530273,63.0,767.4444444444445,723.6666666666666,2021-06-23 15:00:12
1139100,38.11291580200195,35.80041160583496,10896.6,17.600000381469727,64.0,718.9,702.6,2021-06-23 15:10:08
1139152,37.05973892211914,36.74464073181152,7783.1,17.299999237060547,64.0,692.8,676.9,2021-06-23 15:20:08
1139204,35.799811363220215,37.4841685295105,5980.5,17.299999237060547,64.0,667.25,627.625,2021-06-23 15:30:08
1139246,34.48847923278809,38.54993553161621,4931.3,17.700000762939453,63.0,633.1,576.3,2021-06-23 15:40:05
1139298,33.72583351135254,39.32967185974121,5776.4,17.600000381469727,63.0,635.3,571.4,2021-06-23 15:50:07
1139350,33.28896789550781,40.14190826416016,5438.7,17.600000381469727,63.0,628.6,569.3,2021-06-23 16:00:08
1139402,33.37148072984483,40.35706117418077,7097.0,17.899999618530273,63.0,642.4444444444445,596.8888888888889,2021-06-23 16:10:07
1139449,33.63557586669922,40.56168403625488,7011.3,18.0,64.0,650.6,617.4,2021-06-23 16:20:07
1139501,34.019569396972656,40.31265716552734,7999.7,18.0,64.0,654.2,625.7,2021-06-23 16:30:08
1139553,34.39184358384874,39.996269649929474,7504.666666666667,17.5,63.0,667.4444444444445,641.7777777777778,2021-06-23 16:40:08
1139600,34.22450171576606,40.00101682874892,6469.333333333333,17.600000381469727,63.0,659.8888888888889,631.7777777777778,2021-06-23 16:50:06
1139647,33.98111686706543,40.15976181030273,6388.7,17.600000381469727,63.0,655.6,619.1,2021-06-23 17:00:11
1139699,33.77143647935655,40.3163702223036,6199.0,17.5,64.0,652.1111111111111,604.3333333333334,2021-06-23 17:10:06
1139746,33.48730659484863,40.5106053352356,5368.75,17.600000381469727,63.0,647.875,590.0,2021-06-23 17:20:04
1139788,32.99541028340658,40.84128061930338,4894.833333333333,17.600000381469727,63.0,627.5,563.3333333333334,2021-06-23 17:30:07
1139820,32.91426213582357,41.1361189948188,5711.222222222223,17.700000762939453,64.0,632.5555555555555,577.8888888888889,2021-06-23 17:40:06
1139867,32.85717430114746,41.25612258911133,5345.1,17.600000381469727,64.0,634.3,583.5,2021-06-23 17:50:06
1145140,38.499847412109375,36.294156074523926,12409.5,15.699999809265137,73.0,702.875,725.375,2021-06-24 12:00:11
1145182,38.10697555541992,36.42271327972412,10657.25,15.699999809265137,74.0,694.5,707.0,2021-06-24 12:10:07
1145224,37.32323455810547,37.36343193054199,8847.375,15.800000190734863,73.0,719.25,721.75,2021-06-24 12:20:06
1145266,37.39199495315552,37.44659328460693,11708.625,15.800000190734863,73.0,1190.25,845.75,2021-06-24 12:30:07
1145308,38.42596753438314,36.9606564839681,14966.333333333334,16.0,72.0,1011.0,810.3333333333334,2021-06-24 12:40:07
1145340,38.83993257795061,36.71931076049805,12059.0,15.899999618530272,72.0,927.2857142857144,797.5714285714286,2021-06-24 12:50:06
1145377,38.14335823059082,37.039369106292725,9734.125,16.100000381469727,73.0,819.375,749.5,2021-06-24 13:00:09
1145419,37.7639045715332,37.1775390625,9765.3,16.200000762939453,71.0,788.7,743.1,2021-06-24 13:10:07
1145471,37.3161489698622,37.743529849582245,10153.0,16.5,71.0,775.7777777777778,739.5555555555555,2021-06-24 13:20:06
1145518,37.24167802598741,37.79473241170248,10393.111111111111,16.5,71.0,769.8888888888889,729.0,2021-06-24 13:30:07
1145565,37.29419364929199,37.786831283569335,9860.2,16.600000381469727,67.0,797.4,743.4,2021-06-24 13:40:07
1145617,37.02389780680338,37.96122529771593,10112.333333333334,16.799999237060547,68.0,758.3333333333334,727.0,2021-06-24 13:50:06
1145664,37.366559982299805,37.87487640380859,9866.6,16.799999237060547,68.0,799.5,743.5,2021-06-24 14:00:08
1145716,36.64263343811035,37.992065048217775,7408.6,16.899999618530273,67.0,664.5,653.7,2021-06-24 14:10:10
1145768,35.55432637532552,38.99341286553277,5297.333333333333,16.799999237060547,65.0,665.1111111111111,660.8888888888889,2021-06-24 14:20:09
1145815,35.142709732055664,39.71862411499024,7385.7,16.799999237060547,65.0,672.0,663.4,2021-06-24 14:30:10
1145867,34.802109718322754,39.91588544845581,6266.625,16.799999237060547,66.0,659.75,643.625,2021-06-24 14:40:08
1145909,34.72504128350152,40.238040924072266,7629.444444444444,17.0,67.0,656.7777777777778,650.6666666666666,2021-06-24 14:50:05
1145956,35.360341262817386,39.84695205688477,8987.3,17.0,67.0,682.9,692.1,2021-06-24 15:00:12
1146008,35.86877250671387,39.33607978820801,9077.8,17.200000762939453,68.0,693.8,702.6,2021-06-24 15:10:07
1146060,36.367589473724365,38.929770946502686,9911.25,17.200000762939453,67.0,677.25,687.125,2021-06-24 15:20:07
1146102,36.74010009765625,38.57450218200684,9635.4,17.200000762939453,67.0,648.9,652.2,2021-06-24 15:30:08
1146154,36.78505071004232,38.25809775458442,9076.111111111111,17.799999237060547,67.0,645.1111111111111,645.6666666666666,2021-06-24 15:40:08
1146201,36.81353378295898,38.1990966796875,9126.222222222224,17.700000762939453,66.0,636.0,644.6666666666666,2021-06-24 15:50:06
1146248,36.90672912597656,38.08896064758301,9375.1,17.700000762939453,66.0,637.4,648.0,2021-06-24 16:00:08
1146300,36.92301940917969,38.10269317626953,9070.4,18.5,63.0,632.8,651.4,2021-06-24 16:10:06
1146352,37.07878706190321,38.34982130262587,9381.0,18.299999237060547,65.0,652.3333333333334,680.6666666666666,2021-06-24 16:20:07
1146399,37.20577706231011,37.93511539035373,9233.333333333334,18.299999237060547,65.0,652.6666666666666,673.3333333333334,2021-06-24 16:30:06
1146446,37.368429565429686,37.74181709289551,9225.4,18.5,64.0,664.9,689.7,2021-06-24 16:40:08
1146498,37.23971939086914,37.62813835144043,8371.6,18.700000762939453,65.0,662.9,676.7,2021-06-24 16:50:05
1146550,37.07967758178711,37.53482055664063,8184.0,19.100000381469727,63.0,662.4444444444445,672.8888888888889,2021-06-24 17:00:11
1146597,36.50674353705512,38.11652755737305,6406.0,19.5,59.0,661.2222222222222,665.1111111111111,2021-06-24 17:10:05
1146644,36.11551132202148,38.20218124389648,6509.8,19.100000381469727,60.0,638.4,624.0,2021-06-24 17:20:05
1146671,35.99274206161499,38.42031002044678,6590.375,19.100000381469727,60.0,627.25,610.25,2021-06-24 17:30:08
1146713,35.28744173049927,39.03696393966675,4354.75,19.299999237060547,61.0,622.875,596.375,2021-06-24 17:40:06
1146755,34.36636897495815,40.06169019426618,3721.571428571429,19.399999618530277,59.0,601.5714285714286,556.2857142857143,2021-06-24 17:50:06
1151923,30.85009702046712,48.10355801052518,3636.444444444444,18.5,70.0,605.7777777777778,632.6666666666666,2021-06-25 12:00:11
1151970,30.488712734646267,48.73985926310221,3022.555555555556,18.299999237060547,69.0,589.7777777777778,612.2222222222222,2021-06-25 12:10:06
1152017,29.840972423553467,49.73506498336792,2469.375,18.100000381469727,70.0,584.5,597.5,2021-06-25 12:20:08
1152059,29.52680100335015,50.72454918755425,2536.222222222222,18.100000381469727,70.0,588.2222222222222,604.4444444444445,2021-06-25 12:30:03
1152106,29.48140525817871,51.33270602756076,3106.6666666666665,18.200000762939453,72.0,591.7777777777778,619.6666666666666,2021-06-25 12:40:07
1152153,29.840415954589844,51.11890920003256,5303.222222222223,17.799999237060547,75.0,600.8888888888889,632.2222222222222,2021-06-25 12:50:12
1152200,30.974119398328995,50.21455891927084,5905.888888888889,17.799999237060547,75.0,621.6666666666666,680.4444444444445,2021-06-25 13:00:07
1152247,30.802031411064995,50.15335337320963,2784.6666666666665,17.899999618530273,74.0,618.0,648.8888888888889,2021-06-25 13:10:07
1152294,30.38338300916884,50.51685672336154,3192.8888888888887,17.899999618530273,72.0,602.3333333333334,619.1111111111111,2021-06-25 13:20:07
1152341,31.146429538726807,50.18787622451782,6187.5,17.899999618530273,72.0,632.25,680.25,2021-06-25 13:30:09
1152383,31.846426645914715,49.4512685139974,6385.666666666667,18.200000762939453,72.0,644.4444444444445,702.1111111111111,2021-06-25 13:40:08
1152430,33.17417356703017,47.77531941731771,8914.666666666666,18.299999237060547,68.0,651.7777777777778,722.0,2021-06-25 13:50:08
1152477,33.83137130737305,46.69328477647569,7537.777777777777,18.0,69.0,652.2222222222222,712.7777777777778,2021-06-25 14:00:19
1152524,33.247755686442055,46.79450268215604,4060.1111111111113,17.899999618530273,71.0,649.4444444444445,694.6666666666666,2021-06-25 14:10:08
1152571,32.48279571533203,47.1329818725586,4096.5,18.200000762939453,72.0,621.5,636.4,2021-06-25 14:20:02
1152623,31.86301212310791,47.73525581359864,3257.8,18.200000762939453,72.0,608.8,602.3,2021-06-25 14:30:09
1152675,31.27460551261902,48.38082695007324,3477.875,19.0,68.0,593.875,592.125,2021-06-25 14:40:07
1152717,31.471809005737303,48.18051414489746,5704.6,18.299999237060547,69.0,610.4,616.7,2021-06-25 14:50:06
1152769,31.91908893585205,48.13168601989746,5254.6,18.200000762939453,71.0,634.8,663.2,2021-06-25 15:00:12
1152821,31.772250917222763,48.11135694715712,4260.777777777777,18.100000381469727,72.0,633.4444444444445,650.6666666666666,2021-06-25 15:10:08
1152868,31.95650312635634,47.90146043565538,5142.888888888889,18.299999237060547,69.0,633.7777777777778,655.7777777777778,2021-06-25 15:20:08
1152915,32.24166469573974,47.627221298217776,6312.5,18.299999237060547,69.0,631.3,654.8,2021-06-25 15:30:07
1152967,32.4258508682251,47.297626972198486,4631.375,18.5,69.0,632.25,647.875,2021-06-25 15:40:07
1153009,32.29741456773546,47.323822021484375,4812.222222222223,18.0,73.0,633.7777777777778,657.4444444444445,2021-06-25 15:50:06
1153056,32.85744209289551,47.27870597839355,8445.5,18.0,73.0,708.8,768.0,2021-06-25 16:00:08
1153108,34.02037048339844,46.32520378960504,6873.444444444444,17.5,75.0,775.4444444444445,806.3333333333334,2021-06-25 16:10:06
1153155,33.29374525282118,46.60037485758463,3816.3333333333335,17.399999618530273,77.0,677.3333333333334,730.5555555555555,2021-06-25 16:20:06
1153202,32.47798881530762,47.92660408020019,3199.6,17.399999618530273,77.0,685.3,741.3,2021-06-25 16:30:08
1153254,31.700448566012916,49.02588102552626,2530.555555555556,17.399999618530273,75.0,681.2222222222222,735.7777777777778,2021-06-25 16:40:06
1153301,30.998092651367188,49.86160049438477,1928.3,17.799999237060547,74.0,674.4,706.4,2021-06-25 16:50:03
1153353,30.448272132873534,50.48416862487793,2174.1,17.899999618530273,74.0,651.8,666.6,2021-06-25 17:00:09
1153405,30.140649795532227,51.57045860290528,2405.0,18.200000762939453,72.0,644.7,665.9,2021-06-25 17:10:07
1153457,29.95049285888672,52.70550960964627,2666.1111111111118,18.299999237060547,72.0,609.3333333333334,625.0,2021-06-25 17:20:07
1153504,29.871747779846192,53.570611572265626,3268.0,18.299999237060547,72.0,619.5,656.2,2021-06-25 17:30:09
1153556,29.604715156555176,54.22171401977539,2248.4,18.399999618530277,72.0,662.0,719.4,2021-06-25 17:40:07
1153608,29.22297626071506,55.01487774319119,2009.555555555556,18.100000381469727,74.0,654.5555555555555,701.4444444444445,2021-06-25 17:50:07
1159084,37.78998480902778,44.82252926296658,9687.888888888889,22.700000762939453,62.0,1076.3333333333333,951.0,2021-06-26 12:00:15
1159131,38.425345230102536,43.83993225097656,10333.2,22.299999237060547,61.0,1124.0,960.5,2021-06-26 12:10:01
1159183,38.75673294067383,43.91897506713868,9732.1,22.5,61.0,1119.9,967.1,2021-06-26 12:20:06
1159235,39.24166488647461,43.84115333557129,11282.4,22.5,61.0,1153.3,988.3,2021-06-26 12:30:07
1159287,40.33124796549479,42.57521438598633,12133.0,22.399999618530277,62.0,1180.2222222222222,1000.5555555555557,2021-06-26 12:40:06
1159334,40.42515563964844,41.514763259887694,10462.7,22.299999237060547,60.0,1141.3,968.5,2021-06-26 12:50:06
1159386,40.45185852050781,41.70534820556641,10740.0,22.299999237060547,60.0,1192.5,995.9,2021-06-26 13:00:11
1159438,40.5218204498291,41.59517822265625,10666.6,22.799999237060547,60.0,1176.1,981.8,2021-06-26 13:10:06
1159490,40.99159812927246,41.24093961715698,12342.875,23.5,58.0,1181.0,991.375,2021-06-26 13:20:05
1159532,42.2911808013916,39.51766319274903,16515.2,23.5,58.0,1208.0,1005.6,2021-06-26 13:30:08
1159584,46.04432678222656,37.06996231079101,23018.9,23.700000762939453,55.0,1506.5,1167.3,2021-06-26 13:40:08
1159636,51.15987586975098,32.208170890808105,10681.375,24.0,55.0,1753.125,1290.875,2021-06-26 13:50:06
1159678,51.74441184997559,31.59227886199951,18880.6,24.0,55.0,1982.0,1343.0,2021-06-26 14:00:08
1159730,48.993438720703125,32.852827072143555,18086.5,23.399999618530277,57.0,1684.2,1177.1,2021-06-26 14:10:09
1159782,50.47018983629015,31.85642962985569,21313.666666666668,23.299999237060547,59.0,1741.0,1214.7777777777778,2021-06-26 14:20:08
1159829,51.23411140441895,30.66269931793213,22587.5,23.299999237060547,59.0,1778.8,1210.0,2021-06-26 14:30:03
1159881,53.19253082275391,29.64003982543945,11230.2,23.100000381469727,59.0,2000.8,1318.7,2021-06-26 14:40:06
1159933,56.08062505722046,27.94937801361084,6005.875,23.600000381469727,58.0,2223.625,1410.25,2021-06-26 14:50:07
1159975,49.66556053161621,30.43030433654785,7155.4,23.299999237060547,57.0,1745.4,1107.5,2021-06-26 15:00:03
1160027,44.56950492858887,33.5602352142334,5832.3,23.5,57.0,1319.4,919.5,2021-06-26 15:10:09
1160079,41.79449882507324,36.19485778808594,6204.8,23.700000762939453,55.0,1111.6,845.9,2021-06-26 15:20:07
1160131,40.13720406426324,37.90951326158312,5179.444444444444,23.700000762939453,55.0,1195.2222222222222,867.4444444444445,2021-06-26 15:30:10
1160178,39.801365280151366,39.22972526550293,6236.3,23.799999237060547,55.0,1276.2,924.0,2021-06-26 15:40:06
1160230,38.86915397644043,40.44266471862793,3235.9,23.799999237060547,54.0,1217.5,897.2,2021-06-26 15:50:06
1160282,37.67160034179688,41.48029496934679,5935.222222222223,23.799999237060547,54.0,1113.3333333333333,848.8888888888889,2021-06-26 16:00:08
1160329,37.64560890197754,42.00732421875,5732.4,23.700000762939453,54.0,1207.8,898.9,2021-06-26 16:10:07
1160381,36.466926193237306,43.54482383728028,1911.1,24.0,55.0,1296.9,943.4,2021-06-26 16:20:08
1160433,35.24694146050347,46.13548321194119,1237.5555555555557,24.0,55.0,997.7777777777778,825.4444444444445,2021-06-26 16:30:07
1160480,34.225185012817384,50.01297035217285,1836.9,23.899999618530277,56.0,786.7,805.7,2021-06-26 16:40:06
1160532,33.19390449523926,51.92965660095215,1402.9,23.899999618530277,53.0,1315.4,943.1,2021-06-26 16:50:06
1160584,32.10774755477905,52.57362508773804,397.875,23.899999618530277,54.0,866.625,754.75,2021-06-26 17:00:07
1160626,31.356984901428223,53.53078498840332,625.1,24.600000381469727,51.0,652.3,668.7,2021-06-26 17:10:07
1160678,30.735065078735357,54.40268592834472,983.5,23.899999618530277,52.0,627.6,635.2,2021-06-26 17:20:07
1160730,30.27716318766276,55.199341668023,968.5555555555557,23.899999618530277,52.0,633.0,649.3333333333334,2021-06-26 17:30:07
1160777,29.976958656311037,55.83077735900879,1132.3,23.399999618530277,55.0,864.4,731.2,2021-06-26 17:40:04
1160829,29.83222713470459,56.16662826538086,1460.1,23.200000762939453,56.0,738.8,713.6,2021-06-26 17:50:08
1166152,53.38233184814453,31.66399637858073,22196.88888888889,23.899999618530277,61.0,2216.6666666666665,1426.888888888889,2021-06-27 12:00:11
1166199,53.692148971557614,31.569390296936035,23320.1,24.299999237060547,62.0,2273.7,1450.7,2021-06-27 12:10:02
1166251,53.82646675109864,31.46028861999512,21996.9,24.5,60.0,2343.9,1468.5,2021-06-27 12:20:07
1166303,54.91836420694987,30.97886636522081,22017.88888888889,24.5,60.0,2569.8888888888887,1592.111111111111,2021-06-27 12:30:08
1166350,54.24959521823459,30.65350935194228,18763.222222222223,24.799999237060547,59.0,2444.333333333333,1467.3333333333333,2021-06-27 12:40:06
1166397,51.87819480895996,32.05142250061035,16587.9,24.899999618530277,57.0,2163.3,1330.9,2021-06-27 12:50:06
1166449,49.60360794067383,33.421377944946286,15802.7,24.899999618530277,57.0,1959.2,1225.7,2021-06-27 13:00:09
1166501,48.864135318332245,34.11154344346788,17117.88888888889,25.5,57.0,1904.0,1201.5555555555557,2021-06-27 13:10:06
1166548,48.86045608520508,34.357061767578124,19706.3,25.799999237060547,56.0,1914.8,1221.4,2021-06-27 13:20:05
1166600,50.43728523254394,34.05447425842285,21606.4,25.799999237060547,56.0,2212.3,1379.1,2021-06-27 13:30:08
1166652,53.98134613037109,31.848019409179688,27132.3,26.600000381469727,52.0,2445.1,1496.9,2021-06-27 13:40:07
1166704,56.97125371297201,29.348016103108723,16545.555555555555,26.700000762939453,52.0,2628.222222222222,1605.111111111111,2021-06-27 13:50:06
1166751,56.834859466552736,28.698558235168456,14217.8,26.700000762939453,52.0,2542.1,1514.6,2021-06-27 14:00:08
1166803,58.49630779690213,27.87450302971734,0.0,26.100000381469727,53.0,2729.6666666666665,1768.7777777777778,2021-06-27 14:10:10
1166850,63.22549018859864,25.7807279586792,0.0,26.899999618530277,52.0,3091.1,2249.6,2021-06-27 14:20:10
1166902,66.34114074707031,24.232513639662,0.0,27.600000381469727,51.0,3424.8888888888887,2756.333333333333,2021-06-27 14:30:08
1166949,67.9896240234375,23.47737865447998,0.0,27.700000762939453,52.0,4190.3,3075.7,2021-06-27 14:40:08
1167001,66.0352108001709,23.644770050048827,11992.3,26.899999618530277,53.0,3851.6,2583.4,2021-06-27 14:50:07
1167053,59.66020107269287,25.73434042930603,20003.625,26.899999618530277,53.0,2875.5,1548.0,2021-06-27 15:00:12
1167095,58.05226173400879,26.670176124572755,7721.9,27.600000381469727,48.0,2596.9,1403.7,2021-06-27 15:10:05
1167147,63.08316040039063,24.92454414367676,0.0,27.399999618530277,48.0,3109.0,1980.6,2021-06-27 15:20:08
1167199,64.82719421386719,24.0872380392892,0.0,27.399999618530277,48.0,3373.285714285714,2357.1428571428573,2021-06-27 15:30:07
1167236,64.37907257080079,23.81872310638428,0.0,27.100000381469727,48.0,3268.5,2114.0,2021-06-27 15:40:02
1167288,62.83615646362305,24.29282073974609,2920.4,27.600000381469727,48.0,3065.0,1729.6,2021-06-27 15:50:05
1167340,56.92618408203125,26.269016647338866,9842.9,27.600000381469727,48.0,2413.5,1257.4,2021-06-27 16:00:10
1167392,48.701245625813804,30.333918041653103,3247.1111111111118,27.600000381469727,48.0,1716.0,928.1111111111112,2021-06-27 16:10:06
1167439,44.25627479553223,33.57763023376465,4952.0,26.5,51.0,1395.5,802.0,2021-06-27 16:20:07
1167491,42.01433372497559,35.80758333206177,4102.375,26.5,51.0,1236.5,753.0,2021-06-27 16:30:07
1167533,40.1695442199707,37.81083891126845,3347.1111111111118,26.5,51.0,1103.0,716.3333333333334,2021-06-27 16:40:07
1167580,39.1874566078186,39.24658584594727,4266.875,26.299999237060547,52.0,1078.75,721.75,2021-06-27 16:50:07
1167622,38.42611609564887,40.432677798801,2663.6666666666665,26.200000762939453,52.0,1067.7777777777778,724.8888888888889,2021-06-27 17:00:04
1167669,36.9063286781311,42.41473960876465,388.25,24.0,61.0,783.25,622.25,2021-06-27 17:10:06
1167711,35.50893105400933,45.264700995551216,279.8888888888889,18.899999618530277,88.0,665.1111111111111,578.0,2021-06-27 17:20:08
1167758,33.53793207804362,49.17219840155708,230.88888888888889,18.899999618530277,88.0,619.2222222222222,530.2222222222222,2021-06-27 17:30:10
1167805,31.6965172290802,51.04390811920166,374.625,18.899999618530277,94.0,630.125,518.75,2021-06-27 17:40:07
1167847,30.48819351196289,53.16624736785889,687.0,18.799999237060547,95.0,620.75,515.75,2021-06-27 17:50:06
1173075,34.07484588623047,53.24498329162598,2727.9,22.0,79.0,679.2,807.4,2021-06-28 12:00:04
1173127,33.966163635253906,53.77401428222656,3764.9,21.700000762939453,82.0,691.3,837.1,2021-06-28 12:10:06
1173179,34.05775451660156,53.90615692138672,3698.7,21.600000381469727,83.0,685.8,839.6,2021-06-28 12:20:06
1173231,34.16427146063911,53.94742414686415,4242.111111111111,21.600000381469727,83.0,699.7777777777778,850.7777777777778,2021-06-28 12:30:07
1173278,34.79076042175293,53.435110855102536,6217.1,21.899999618530277,84.0,783.9,889.1,2021-06-28 12:40:03
1173330,35.7771800994873,52.31677742004395,7488.0,22.0,83.0,801.4,914.9,2021-06-28 12:50:06
1173382,36.004425048828125,51.52849578857422,5852.5,22.0,83.0,760.5,890.9,2021-06-28 13:00:10
1173434,36.02994113498264,51.522935231526695,5153.111111111111,22.100000381469727,82.0,749.4444444444445,882.5555555555555,2021-06-28 13:10:06
1173481,35.90161819458008,51.74288520812989,5410.1,21.899999618530277,83.0,690.3,862.5,2021-06-28 13:20:02
1173533,35.78652572631836,51.81582374572754,4868.4,21.899999618530277,83.0,700.5,862.9,2021-06-28 13:30:08
1173585,36.0375373840332,51.46761283874512,7558.5,22.0,79.0,709.5,870.8,2021-06-28 13:40:07
1173637,37.3567983839247,50.21913613213433,11062.777777777776,22.200000762939453,82.0,794.7777777777778,935.6666666666666,2021-06-28 13:50:09
1173684,38.04722595214844,49.39330139160156,7887.9,22.200000762939453,82.0,880.6,956.1,2021-06-28 14:00:00
1173736,37.62878608703613,49.09010467529297,5957.8,22.399999618530277,80.0,756.5,876.9,2021-06-28 14:10:10
1173788,37.10727081298828,48.91798324584961,6588.6,22.5,78.0,681.0,811.9,2021-06-28 14:20:09
1173840,37.471028645833336,48.99112447102865,8774.888888888889,22.5,78.0,729.7777777777778,872.0,2021-06-28 14:30:10
1173887,37.43011322021484,49.99053955078125,6481.5,22.5,79.0,742.1,902.1,2021-06-28 14:40:00
1173939,37.096856689453126,50.3825439453125,5929.5,23.0,74.0,747.8,889.4,2021-06-28 14:50:07
1173991,37.88166580200196,49.39436988830566,12690.1,23.299999237060547,70.0,783.4,911.6,2021-06-28 15:00:12
1174043,40.69470893012153,46.25772560967339,23191.11111111111,23.100000381469727,76.0,819.7777777777778,952.2222222222222,2021-06-28 15:10:09
1174090,43.48508415222168,42.69352264404297,19740.0,23.899999618530277,74.0,1009.1,1027.6,2021-06-28 15:20:02
1174142,42.79507141113281,41.92080574035644,10436.5,23.899999618530277,74.0,820.6,907.9,2021-06-28 15:30:10
1174194,41.482872009277344,43.15327682495117,8643.0,24.299999237060547,74.0,774.7,891.8,2021-06-28 15:40:06
1174246,39.76810497707791,45.24520365397135,5190.0,24.5,75.0,791.2222222222222,880.8888888888889,2021-06-28 15:50:08
1174293,38.31959991455078,46.80537109375,5123.5,24.5,75.0,698.9,824.4,2021-06-28 16:00:04
1174345,37.97379264831543,47.56786422729492,7092.8,24.299999237060547,69.0,721.2,851.7,2021-06-28 16:10:06
1174397,37.59380493164063,48.35309371948242,5776.5,23.299999237060547,73.0,713.2,849.2,2021-06-28 16:20:06
1174449,37.01885350545248,49.1654158698188,4290.222222222223,23.299999237060547,73.0,698.3333333333334,836.5555555555555,2021-06-28 16:30:11
1174496,36.750247955322266,49.41863174438477,5297.8,23.0,73.0,698.6,833.3,2021-06-28 16:40:03
1174548,37.04505157470703,49.33058700561524,6218.7,22.799999237060547,71.0,770.8,866.1,2021-06-28 16:50:07
1174600,36.92361153496636,49.46856180826823,4861.222222222223,22.799999237060547,70.0,765.7777777777778,861.4444444444445,2021-06-28 17:00:11
1174647,37.035172356499565,49.45313390096029,5193.444444444444,22.299999237060547,75.0,799.2222222222222,879.1111111111111,2021-06-28 17:10:06
1174694,36.8375678062439,49.5260157585144,5783.625,22.200000762939453,75.0,720.125,847.375,2021-06-28 17:20:06
1174736,36.595902633667,50.040893936157225,3624.1,22.200000762939453,75.0,718.6,837.5,2021-06-28 17:30:08
1174788,36.2667104932997,50.111814710829,4216.222222222223,22.899999618530277,74.0,670.3333333333334,791.8888888888889,2021-06-28 17:40:06
1174835,36.28133850097656,49.86907806396484,5073.4,23.700000762939453,71.0,675.4,792.7,2021-06-28 17:50:06
1180278,39.61797375149197,44.25964058770074,12826.555555555557,20.399999618530277,82.0,643.0,796.6666666666666,2021-06-29 12:00:10
1180325,42.20866737365723,42.16708602905273,21932.8,20.700000762939453,79.0,746.8,917.0,2021-06-29 12:10:07
1180377,43.83115882873536,39.84771499633789,14372.2,21.100000381469727,78.0,757.5,923.2,2021-06-29 12:20:06
1180429,44.403677749633786,39.59853553771973,17091.8,21.100000381469727,78.0,834.9,966.3,2021-06-29 12:30:09
1180481,45.22892761230469,38.43238957722982,17524.444444444445,22.0,75.0,827.7777777777778,953.6666666666666,2021-06-29 12:40:07
1180528,46.569314575195314,37.3022045135498,20929.4,21.5,75.0,916.7,999.3,2021-06-29 12:50:07
1180580,46.538338088989256,36.450598526000974,10352.8,21.5,75.0,781.9,913.0,2021-06-29 13:00:09
1180632,43.02151527404785,39.354848098754886,8078.3,22.399999618530277,70.0,667.0,833.3,2021-06-29 13:10:06
1180684,41.370599110921226,41.10865275065104,12044.666666666666,22.0,73.0,622.4444444444445,769.5555555555555,2021-06-29 13:20:06
1180731,43.53074684143066,39.91256523132324,18488.8,22.0,73.0,752.0,917.5,2021-06-29 13:30:10
1180783,44.98207015991211,37.85778617858887,19602.4,22.799999237060547,71.0,745.9,897.3,2021-06-29 13:40:07
1180835,51.82452125549317,33.38948726654053,8472.6,22.299999237060547,71.0,1353.7,1225.0,2021-06-29 13:50:07
1180887,51.67539850870768,31.96002091301812,13541.666666666666,22.299999237060547,71.0,1106.111111111111,1069.7777777777778,2021-06-29 14:00:11
1180934,51.16121164957682,31.9951171875,0.0,22.899999618530277,68.0,1028.0,1073.0,2021-06-29 14:10:10
1180943,47.99716822306315,34.41858842637804,9157.555555555557,22.700000762939453,70.0,856.8888888888889,952.2222222222222,2021-06-29 14:20:08
1180990,54.33649940490723,30.47974357604981,3003.4,22.700000762939453,70.0,1420.8,1218.4,2021-06-29 14:30:08
1181042,51.26802406311035,31.830624771118163,11346.7,22.399999618530277,68.0,1089.1,1043.8,2021-06-29 14:40:06
1181094,55.28597937689887,29.46957948472765,6477.111111111111,22.100000381469727,72.0,1388.888888888889,1203.2222222222222,2021-06-29 14:50:07
1181141,53.49908447265625,30.358281707763677,21960.2,22.100000381469727,72.0,1352.9,1149.4,2021-06-29 15:00:10
1181193,48.237734985351565,33.74273262023926,10694.8,22.899999618530277,68.0,925.3,945.1,2021-06-29 15:10:09
1181245,46.002135806613495,35.568780687120224,8192.0,23.799999237060547,64.0,746.2222222222222,882.3333333333334,2021-06-29 15:20:06
1181292,48.36137161254883,33.97375411987305,17995.1,23.799999237060547,64.0,1021.3,1006.5,2021-06-29 15:30:01
1181344,46.63233375549317,35.06202774047851,11549.1,22.700000762939453,67.0,766.7,907.1,2021-06-29 15:40:09
1181396,47.22327728271485,34.7354850769043,11697.2,22.5,68.0,826.3,941.7,2021-06-29 15:50:07
1181448,47.108839670817055,34.66510687934028,18427.666666666668,22.5,68.0,755.5555555555555,905.1111111111112,2021-06-29 16:00:08
1181495,43.67414360046386,37.04936332702637,11010.8,22.0,74.0,645.6,788.1,2021-06-29 16:10:03
1181547,41.84016151428223,38.75700035095215,12128.0,22.0,73.0,620.1,747.0,2021-06-29 16:20:06
1181599,39.79869613647461,40.87556228637696,6282.0,22.0,73.0,602.6,705.8,2021-06-29 16:30:10
1181651,37.71610599093967,43.16997697618272,4841.444444444444,21.600000381469727,74.0,573.5555555555555,653.0,2021-06-29 16:40:07
1181698,36.08827323913575,45.01365661621094,3653.4,21.5,75.0,550.9,616.0,2021-06-29 16:50:03
1181750,34.85564956665039,46.42969398498535,3425.4,21.5,75.0,539.7,585.8,2021-06-29 17:00:12
1181802,34.039062881469725,47.39619979858399,3357.0,21.399999618530277,74.0,566.5,608.7,2021-06-29 17:10:05
1181854,33.57205157809787,47.99860975477431,3949.6666666666665,20.899999618530277,76.0,582.0,626.0,2021-06-29 17:20:07
1181901,33.654001998901364,48.27649345397949,4651.4,20.899999618530277,76.0,612.5,664.7,2021-06-29 17:30:02
1181953,33.761348724365234,48.21789855957032,4360.2,21.100000381469727,75.0,586.6,625.9,2021-06-29 17:40:06
1182005,33.5669490814209,48.4544132232666,3478.9,21.100000381469727,73.0,580.4,620.9,2021-06-29 17:50:07
1187473,29.848783111572267,52.909742736816405,5796.7,14.199999809265137,97.0,538.3,512.4,2021-06-30 12:00:09
1187525,29.774013900756835,52.70435562133789,4753.9,14.100000381469728,97.0,528.6,500.5,2021-06-30 12:10:06
1187577,29.866941261291505,52.83985671997071,5866.3,14.300000190734863,97.0,518.4,501.6,2021-06-30 12:20:06
1187629,29.90302064683702,52.66549640231662,4704.333333333333,14.300000190734863,97.0,510.22222222222223,491.55555555555554,2021-06-30 12:30:10
1187676,29.299496459960935,53.09651412963867,3603.8,14.5,98.0,505.2,478.3,2021-06-30 12:40:07
1187728,29.13527107238769,53.57702026367188,4402.8,14.600000381469728,96.0,524.3,510.6,2021-06-30 12:50:06
1187780,29.33581295013428,53.58907508850098,5257.1,14.600000381469728,96.0,526.5,529.9,2021-06-30 13:00:08
1187832,29.651119656032986,53.41471438937717,4231.666666666667,14.899999618530272,97.0,542.6666666666666,545.4444444444445,2021-06-30 13:10:07
1187879,29.370794105529782,53.57412071228028,2701.9,15.0,95.0,533.5,522.1,2021-06-30 13:20:06
1187931,29.00656108856201,53.80178527832031,3242.6,15.0,95.0,524.0,510.4,2021-06-30 13:30:08
1187983,28.935174306233723,53.8755374484592,2840.222222222222,14.699999809265137,96.0,499.44444444444446,495.3333333333333,2021-06-30 13:40:06
1188030,28.469558334350587,54.53604965209961,2578.6,15.300000190734863,96.0,495.6,477.4,2021-06-30 13:50:02
1188082,28.472228622436525,55.1561752319336,3106.6,15.300000190734863,96.0,530.2,528.6,2021-06-30 14:00:10
1188134,28.465018653869627,55.24818801879883,3626.8,15.199999809265137,97.0,524.9,522.6,2021-06-30 14:10:08
1188186,28.606427510579422,54.86211819118924,3837.3333333333335,15.5,98.0,505.44444444444446,480.77777777777777,2021-06-30 14:20:10
1188233,28.34618911743164,54.96757469177246,3041.0,15.5,98.0,480.1,446.0,2021-06-30 14:30:10
1188285,28.97404289245605,54.36721674601237,7077.888888888889,15.399999618530272,94.0,503.3333333333333,497.6666666666667,2021-06-30 14:40:08
1188332,30.01843812730577,53.373685624864365,7537.555555555556,14.899999618530272,93.0,553.7777777777778,583.6666666666666,2021-06-30 14:50:06
1188379,30.839712142944336,52.17669974433051,8106.0,14.899999618530272,93.0,550.3333333333334,590.0,2021-06-30 15:00:11
1188426,30.927863121032715,51.90310554504394,3918.1,15.199999809265137,94.0,560.1,591.2,2021-06-30 15:10:08
1188478,29.595635732014973,52.1432991027832,1191.7777777777778,15.100000381469728,94.0,494.55555555555554,446.77777777777777,2021-06-30 15:20:08
1188525,28.43724746704101,53.30601921081543,963.8,15.100000381469728,94.0,477.3,412.7,2021-06-30 15:30:09
1188577,27.773136138916016,54.477607345581056,1883.3,15.5,95.0,472.9,421.6,2021-06-30 15:40:06
1188629,27.320248794555663,55.350423431396486,1224.1,15.199999809265137,94.0,480.0,435.6,2021-06-30 15:50:08
1188681,27.26829571194119,55.618796030680336,2292.777777777778,15.199999809265137,94.0,482.3333333333333,445.22222222222223,2021-06-30 16:00:09
1188728,27.137064361572264,55.6235595703125,1750.2,14.699999809265137,96.0,482.6,431.4,2021-06-30 16:10:07
1188780,27.16456832885742,55.6301212310791,2349.5,14.699999809265137,96.0,492.8,451.9,2021-06-30 16:20:05
1188832,27.11516761779785,55.92797737121582,1712.2,14.699999809265137,96.0,490.0,447.3,2021-06-30 16:30:07
1188884,27.019955529106987,56.373440212673614,1196.6666666666667,14.600000381469728,96.0,500.8888888888889,464.3333333333333,2021-06-30 16:40:07
1188931,27.034523582458498,56.00595169067383,2318.8,14.600000381469728,96.0,478.5,430.6,2021-06-30 16:50:07
1188983,27.180323600769043,55.52819099426269,2294.1,14.600000381469728,96.0,491.1,444.7,2021-06-30 17:00:08
1189035,27.180323600769043,55.360189056396486,2252.9,14.600000381469728,96.0,464.4,421.2,2021-06-30 17:10:08
1189087,27.178691652086044,55.24834060668945,2018.555555555556,14.100000381469728,96.0,466.1111111111111,421.8888888888889,2021-06-30 17:20:07
1189134,27.081788635253908,55.142290115356445,1922.0,14.100000381469728,96.0,460.6,409.8,2021-06-30 17:30:09
1189186,27.299954223632813,54.76340866088867,3136.8,14.300000190734863,96.0,463.5,417.8,2021-06-30 17:40:07
1189238,27.206759643554687,54.69932136535645,2040.0,14.300000190734863,96.0,468.8,416.3,2021-06-30 17:50:06
1193276,26.59463119506836,56.41413052876791,2830.6666666666665,14.0,88.0,497.1666666666667,453.5,2021-07-01 12:00:09
1193308,26.81515622138977,56.22110366821289,3341.25,14.199999809265137,87.0,496.5,456.875,2021-07-01 12:10:06
1193350,26.99799961513943,56.18287107679579,2967.555555555556,14.199999809265137,87.0,509.22222222222223,478.55555555555554,2021-07-01 12:20:04
1193397,27.198481941223143,55.83871192932129,3343.0,14.199999809265137,87.0,509.0,474.6,2021-07-01 12:30:07
1193449,27.44602108001709,55.29659795761109,3945.0,14.399999618530272,87.0,507.125,468.75,2021-07-01 12:40:06
1193491,27.71412239074707,55.02784729003906,3664.1,14.5,86.0,516.9,492.0,2021-07-01 12:50:05
1193543,27.874876022338867,54.73411140441895,3941.1,14.5,86.0,515.2,490.0,2021-07-01 13:00:08
1193595,28.07782096862793,54.63874282836914,3943.8,14.399999618530272,86.0,520.6,501.8,2021-07-01 13:10:07
1193647,28.05886149406433,54.720951080322266,3432.0,14.5,86.0,516.875,496.5,2021-07-01 13:20:07
1193689,28.12220764160156,54.448937310112846,4124.444444444444,14.5,86.0,504.6666666666667,477.22222222222223,2021-07-01 13:30:08
1193736,28.294651794433594,54.28183364868164,4650.7,14.699999809265137,84.0,518.7,497.3,2021-07-01 13:40:09
1193788,28.58536148071289,53.975059509277344,5423.444444444444,14.699999809265137,83.0,527.0,517.6666666666666,2021-07-01 13:50:06
1193835,28.985198783874512,53.49874038696289,5711.8,14.699999809265137,83.0,527.2,520.9,2021-07-01 14:00:11
1193887,29.072251183646067,52.888860430036274,4728.857142857143,14.800000190734863,82.0,518.4285714285714,499.57142857142856,2021-07-01 14:10:08
1193924,29.061569213867188,52.6726188659668,5096.0,14.899999618530272,82.0,529.0,513.0,2021-07-01 14:20:08
1193931,28.877317428588867,52.96436920166016,3453.6,14.899999618530272,82.0,521.8,495.6,2021-07-01 14:30:11
1193958,28.475285000271267,53.09529325697157,3932.222222222222,15.0,83.0,502.6666666666667,464.0,2021-07-01 14:40:10
1194005,28.43738079071045,53.48763990402222,3955.0,15.0,82.0,518.125,496.125,2021-07-01 14:50:07
1194047,28.458075523376465,53.524834632873535,4058.25,15.0,82.0,511.0,487.75,2021-07-01 15:00:18
1194069,28.60532488141741,53.40069144112723,4468.857142857143,15.0,83.0,513.4285714285714,492.8571428571428,2021-07-01 15:10:08
1194106,28.916837692260746,53.48897552490234,5209.2,15.0,81.0,533.4,531.4,2021-07-01 15:20:08
1194133,29.215685980660574,53.10837173461914,4608.428571428572,15.0,81.0,533.5714285714286,529.4285714285714,2021-07-01 15:30:10
1194170,29.372663497924805,52.88878695170085,4766.166666666667,15.100000381469728,83.0,546.6666666666666,555.5,2021-07-01 15:40:06
1194202,29.323930263519287,52.88662528991699,3646.5,15.100000381469728,80.0,554.0,554.0,2021-07-01 15:50:06
1194224,29.28024058871799,52.53155644734701,3686.222222222222,15.100000381469728,80.0,583.4444444444445,596.2222222222222,2021-07-01 16:00:11
1194271,29.141679763793945,52.14999580383301,3225.0,15.300000190734863,81.0,565.5,545.1666666666666,2021-07-01 16:10:07
1194303,28.714130401611328,52.62260182698568,2808.0,15.300000190734863,81.0,627.7777777777778,621.5555555555555,2021-07-01 16:20:07
1194350,28.71843280792236,52.436560821533206,4174.1,15.300000190734863,81.0,546.1,508.0,2021-07-01 16:30:08
1194402,29.06724452972412,52.48397779464722,5014.5,15.399999618530272,79.0,543.375,527.25,2021-07-01 16:40:06
1194444,29.33981857299805,52.05722122192383,4591.0,15.399999618530272,78.0,533.5,513.1,2021-07-01 16:50:05
1194496,29.424734933035715,51.98617935180664,4672.428571428572,15.699999809265137,77.0,538.1428571428571,522.2857142857143,2021-07-01 17:00:07
1194533,29.686808722359796,51.50988006591797,4659.142857142857,15.800000190734863,76.0,533.5714285714286,513.7142857142857,2021-07-01 17:10:05
1194570,29.933284335666237,51.25166447957357,5135.777777777777,15.800000190734863,76.0,537.1111111111111,533.7777777777778,2021-07-01 17:20:06
1194617,29.671930858067103,51.53625651768276,2999.1428571428573,15.800000190734863,76.0,535.7142857142857,523.8571428571429,2021-07-01 17:30:08
1194654,29.08827352523804,51.438926219940186,2553.375,15.899999618530272,76.0,514.5,470.375,2021-07-01 17:40:07
1194696,28.76916885375977,51.90203730265299,3191.833333333333,16.200000762939453,76.0,509.8333333333333,465.8333333333333,2021-07-01 17:50:05
1198529,33.69916806902204,49.58244814191546,5252.857142857143,15.899999618530272,90.0,594.5714285714286,677.7142857142857,2021-07-02 12:00:10
1198566,33.102921622140066,50.32774135044643,5106.285714285715,16.100000381469727,89.0,585.1428571428571,662.8571428571429,2021-07-02 12:10:07
1198603,33.40708541870117,50.2123540242513,8769.333333333334,16.600000381469727,87.0,582.0,680.0,2021-07-02 12:20:07
1198620,34.45716040475028,48.80532727922712,12262.142857142857,16.600000381469727,87.0,593.2857142857143,686.7142857142857,2021-07-02 12:30:09
1198657,39.34559970431857,43.85086864895291,21467.0,17.299999237060547,84.0,679.4444444444445,864.4444444444445,2021-07-02 12:40:05
1198704,41.40472030639648,40.58848995632596,17551.777777777777,17.600000381469727,83.0,678.4444444444445,847.8888888888889,2021-07-02 12:50:06
1198751,40.39544677734375,40.48523712158203,9183.75,17.600000381469727,83.0,643.125,761.125,2021-07-02 13:00:07
1198793,39.94182510375977,41.05210952758789,14874.7,17.700000762939453,83.0,915.8,882.4,2021-07-02 13:10:07
1198845,40.69806175231933,40.57984275817872,12814.0,17.799999237060547,82.0,744.9,853.7,2021-07-02 13:20:05
1198897,39.13138008117676,41.44808101654053,5425.5,17.799999237060547,82.0,650.75,742.75,2021-07-02 13:30:07
1198919,37.221204121907554,43.4932975769043,11555.333333333334,17.899999618530273,81.0,612.3333333333334,698.6666666666666,2021-07-02 13:40:08
1198936,38.69344584147135,42.403804779052734,16595.0,18.700000762939453,78.0,653.3333333333334,784.3333333333334,2021-07-02 13:50:07
1198953,40.53330307006836,40.404058837890624,18190.2,18.700000762939453,78.0,684.0,831.2,2021-07-02 14:00:12
1198980,42.21561050415039,38.32201512654623,18160.33333333333,18.100000381469727,80.0,677.3333333333334,812.0,2021-07-02 14:10:10
1198997,41.36511103312174,38.48223559061686,9128.666666666666,18.5,81.0,660.1666666666666,771.1666666666666,2021-07-02 14:20:08
1199029,40.13876152038574,39.99237060546875,13352.75,18.5,81.0,638.0,750.0,2021-07-02 14:30:10
1199051,40.87006081475152,39.70329666137695,14194.111111111111,19.299999237060547,76.0,663.3333333333334,792.6666666666666,2021-07-02 14:40:08
1199098,41.42051982879639,39.30724048614502,16936.0,19.600000381469727,75.0,756.125,863.25,2021-07-02 14:50:09
1199140,43.09494934082032,38.16037216186523,9391.6,20.0,73.0,891.9,932.0,2021-07-02 15:00:15
1199192,50.5701789855957,32.49103588528104,5121.555555555556,20.399999618530277,74.0,1295.2222222222222,1151.4444444444443,2021-07-02 15:10:09
1199239,50.41859359741211,32.03173904418945,14245.4,20.0,72.0,1463.3,1165.1,2021-07-02 15:20:08
1199291,46.34634208679199,33.791867065429685,11267.4,20.0,72.0,889.4,893.5,2021-07-02 15:30:08
1199343,47.32181282043457,33.461967086791994,11591.3,20.299999237060547,73.0,945.4,962.4,2021-07-02 15:40:07
1199395,51.60923343234592,30.90680970085992,7691.111111111111,20.5,70.0,1439.2222222222222,1155.5555555555557,2021-07-02 15:50:06
1199442,51.70969734191895,29.903410339355467,11165.3,20.5,70.0,1133.8,1016.0,2021-07-02 16:00:08
1199494,45.36953506469727,34.17517356872558,9461.3,21.100000381469727,66.0,832.8,857.8,2021-07-02 16:10:06
1199546,42.678169674343536,36.48398123847114,10525.333333333334,20.899999618530277,68.0,676.2222222222222,771.1111111111111,2021-07-02 16:20:06
1199593,40.59952697753906,38.3923095703125,8402.7,20.700000762939453,68.0,652.2,724.7,2021-07-02 16:30:06
1199645,39.12841330634223,40.361300998263886,6652.666666666667,21.100000381469727,67.0,652.5555555555555,733.6666666666666,2021-07-02 16:40:07
1199692,38.00850677490234,41.808002948760986,6127.125,21.100000381469727,67.0,664.75,736.0,2021-07-02 16:50:06
1199734,36.78202514648437,43.574731063842776,4537.8,21.100000381469727,67.0,628.3,691.4,2021-07-02 17:00:09
1199786,35.7237735748291,44.81589965820312,4472.6,21.799999237060547,65.0,615.8,661.5,2021-07-02 17:10:06
1199838,35.15407392713759,45.64855066935221,4389.888888888889,21.600000381469727,67.0,615.6666666666666,665.3333333333334,2021-07-02 17:20:06
1199885,34.67166404724121,46.14892807006836,3814.8,21.600000381469727,67.0,605.7,643.7,2021-07-02 17:30:06
1199937,34.115167236328126,47.123979568481445,3776.6,21.299999237060547,66.0,604.1,640.6,2021-07-02 17:40:07
1199989,33.995269775390625,47.62066040039063,3923.9,21.600000381469727,67.0,628.5,676.6,2021-07-02 17:50:07
1204707,34.67949676513672,50.13809394836426,4111.5,22.200000762939453,70.0,809.8333333333334,902.0,2021-07-03 12:00:10
1204739,34.32434336344401,49.64522743225098,4602.166666666667,21.899999618530277,69.0,719.0,854.8333333333334,2021-07-03 12:10:07
1204771,34.33699526105608,49.65242058890207,5730.0,22.200000762939453,68.0,749.5714285714286,865.4285714285714,2021-07-03 12:20:07
1204808,35.075744205050995,48.84599346584744,8786.333333333334,22.200000762939453,68.0,795.0,885.7777777777778,2021-07-03 12:30:08
1204855,36.76470620291574,47.194410596575054,12271.42857142857,22.5,70.0,951.4285714285714,964.7142857142856,2021-07-03 12:40:06
1204892,38.77275466918945,45.28282585144043,13899.2,22.200000762939453,68.0,1103.5,1030.2,2021-07-03 12:50:05
1204944,40.33722468784877,43.717969621930806,14079.857142857143,22.200000762939453,68.0,1224.428571428571,1082.571428571429,2021-07-03 13:00:11
1204981,41.318760463169646,41.749991280691965,14313.857142857143,22.5,64.0,1230.142857142857,1046.7142857142858,2021-07-03 13:10:06
1205018,42.8311206817627,40.851910781860354,16136.2,22.700000762939453,63.0,1389.6,1130.9,2021-07-03 13:20:07
1205070,43.80679225921631,39.43675088882446,15385.875,22.700000762939453,63.0,1478.125,1158.625,2021-07-03 13:30:08
1205112,45.76153945922852,37.75844955444336,22864.0,23.700000762939453,62.0,1537.2,1198.4,2021-07-03 13:40:08
1205164,48.288204956054685,35.39513244628906,21228.6,24.200000762939453,60.0,1668.6,1236.8,2021-07-03 13:50:06
1205216,47.64251899719238,34.7904167175293,16376.2,24.200000762939453,60.0,1513.2,1147.7,2021-07-03 14:00:13
1205268,47.90133285522461,34.31397967868381,18690.11111111111,24.100000381469727,56.0,1555.888888888889,1146.4444444444443,2021-07-03 14:10:10
1205315,47.40058708190918,34.48340530395508,20711.0,24.799999237060547,56.0,1538.3,1130.5,2021-07-03 14:20:07
1205367,49.84313621520996,33.43022842407227,19787.6,24.799999237060547,56.0,1759.4,1265.1,2021-07-03 14:30:10
1205419,52.445194244384766,31.80743153889974,8254.0,24.100000381469727,58.0,1943.6666666666667,1342.1666666666667,2021-07-03 14:40:08
1205451,49.30907135009765,33.753108978271484,13948.2,24.899999618530277,56.0,1825.4,1242.1,2021-07-03 14:50:07
1205503,46.78667907714844,36.10101470947266,10627.6,24.899999618530277,56.0,1635.8,1162.3,2021-07-03 15:00:10
1205555,44.313598208957245,38.29455015394423,8098.111111111111,24.5,56.0,1483.0,1090.888888888889,2021-07-03 15:10:09
1205602,42.66369132995605,39.83794898986817,7864.7,24.200000762939453,58.0,1307.8,1010.2,2021-07-03 15:20:08
1205654,41.13546180725098,41.27260322570801,6181.9,24.200000762939453,58.0,1183.0,952.3,2021-07-03 15:30:11
1205706,40.85984584263393,41.48186928885324,12397.42857142857,24.200000762939453,57.0,1100.142857142857,922.1428571428572,2021-07-03 15:40:06
1205743,41.94946712917752,40.86908679538303,10686.777777777776,24.5,59.0,1195.888888888889,970.4444444444443,2021-07-03 15:50:06
1205790,41.21156644821167,40.88979196548462,7625.25,24.5,59.0,1048.0,890.5,2021-07-03 16:00:08
1205832,40.82370090484619,41.40688228607178,8379.0,24.799999237060547,59.0,1087.25,909.0,2021-07-03 16:10:05
1205854,40.97346178690592,41.48521105448405,10211.0,24.399999618530277,59.0,1124.5,951.5,2021-07-03 16:20:07
1205886,41.49295234680176,41.13851356506348,10200.625,24.399999618530277,59.0,1152.0,959.375,2021-07-03 16:30:10
1205928,41.61531982421875,41.44411392211914,9748.8,23.700000762939453,59.0,1269.5,1010.9,2021-07-03 16:40:06
1205980,41.28870900472005,42.0165638393826,7561.444444444444,23.5,61.0,1348.0,1043.5555555555557,2021-07-03 16:50:06
1206027,40.72656774520874,42.3434042930603,7316.625,23.600000381469727,61.0,1194.75,959.875,2021-07-03 17:00:04
1206069,39.73457802666558,43.18082767062717,4078.777777777778,23.600000381469727,63.0,1090.5555555555557,910.5555555555557,2021-07-03 17:10:06
1206116,38.17777633666992,44.99699020385742,1294.7777777777778,23.700000762939453,64.0,889.1111111111111,827.6666666666666,2021-07-03 17:20:06
1206163,36.33688087463379,46.10879669189453,571.3,23.700000762939453,64.0,646.1,667.4,2021-07-03 17:30:10
1206215,34.98397772652762,47.26438467843192,1422.2857142857142,23.399999618530277,65.0,630.2857142857143,640.0,2021-07-03 17:40:07
1206252,34.73668670654297,48.92843627929688,5540.75,23.299999237060547,65.0,670.0,739.25,2021-07-03 17:50:06
